0,0,1,7,8,9,2,16,23,22,21,29,28,35,42,43,44,36,
1,0,1,2,3,9,10,17,18,11,24,31,32,25,26,33,40,47,
2,0,1,2,3,9,10,17,16,23,22,29,21,14,7,28,30,37,36,
3,0,7,8,1,2,15,14,21,28,35,42,36,29,22,
4,0,1,2,3,4,5,12,13,20,19,26,27,25,18,24,23,22,21,16,15,
5,0,7,8,15,14,21,28,22,16,17,23,24,31,32,25,33,40,47,48,
6,0,7,8,1,9,2,3,4,5,12,13,
7,0,7,1,8,2,3,9,16,17,23,30,37,24,
8,0,1,2,9,8,15,16,17,24,23,25,18,26,
9,0,7,14,21,28,29,36,35,42,37,
10,0,7,8,15,22,21,14,16,9,1,28,
11,0,7,1,8,15,9,10,17,18,11,12,13,20,27,34,41,26,33,
12,0,7,8,15,22,14,16,23,17,10,3,2,9,1,24,31,30,
13,0,7,8,15,16,23,24,31,38,30,32,25,39,46,
14,0,1,2,9,16,15,14,22,21,29,30,31,37,8,
15,0,7,8,1,2,3,4,11,18,25,32,39,46,45,38,44,37,30,31,24,23,
16,0,1,2,3,9,8,16,15,23,24,30,37,36,44,45,
17,0,7,14,15,8,9,16,23,17,24,25,18,19,31,32,39,38,
18,0,1,2,8,3,10,9,16,23,24,30,37,38,31,32,39,45,
19,0,7,1,8,9,16,23,22,15,14,24,
20,0,1,8,7,2,9,16,23,10,11,12,13,20,
21,0,7,8,9,10,11,4,5,12,13,20,19,18,26,25,24,32,39,38,46,45,44,37,36,
22,0,1,2,3,10,9,16,23,22,21,14,15,28,35,36,37,30,44,43,
23,0,7,1,14,21,22,8,9,16,23,15,
24,0,7,14,8,9,2,3,10,17,24,31,30,32,33,34,41,40,47,48,
25,0,1,8,9,10,11,4,3,2,16,23,17,12,13,20,27,26,25,32,31,39,
26,0,7,14,21,15,22,8,1,2,3,
27,0,1,2,7,8,9,16,23,24,25,32,39,40,47,48,
28,0,7,8,9,10,11,4,5,6,13,20,27,12,19,18,
29,0,1,8,15,9,16,23,22,21,14,7,10,3,4,11,18,12,19,20,13,6,
30,0,7,8,14,21,15,9,1,2,
31,0,7,14,8,15,16,9,2,10,11,12,5,4,3,13,20,19,26,33,32,39,
32,0,7,1,8,15,14,9,10,3,4,5,12,19,26,25,18,
33,0,7,14,15,8,21,16,9,22,23,17,18,25,32,33,34,41,
34,0,7,14,21,22,15,16,23,30,37,44,36,38,
35,0,1,8,9,2,3,10,17,24,25,
36,0,7,8,14,21,1,9,16,15,23,24,25,18,
37,0,1,2,9,16,23,30,31,37,36,29,38,32,39,40,47,46,45,44,
38,0,7,14,8,21,28,15,16,9,23,24,31,25,32,39,40,41,
39,0,1,2,3,9,10,11,12,13,20,19,18,5,4,6,
40,0,1,2,9,10,3,4,5,12,13,6,11,
41,0,1,2,9,8,10,3,11,18,19,20,27,26,25,24,32,33,40,39,
42,0,1,2,8,9,10,17,3,11,4,5,12,13,20,27,26,19,25,
43,0,7,14,15,22,23,16,9,10,11,12,4,19,20,13,27,34,33,40,39,
44,0,7,14,21,22,23,30,29,28,35,42,43,44,45,37,36,
45,0,7,8,1,15,16,23,30,29,28,35,36,42,43,
46,0,7,14,21,28,35,22,15,8,9,36,43,44,45,38,46,39,
47,0,1,2,8,15,14,7,21,22,23,24,31,30,37,38,45,46,
48,0,1,2,9,10,11,12,13,6,5,20,27,34,33,40,41,
49,0,7,8,15,16,23,22,30,37,38,45,39,46,47,48,
50,0,7,8,9,10,3,2,1,14,21,22,23,16,17,
51,0,7,8,1,15,16,17,23,24,25,32,18,11,10,12,13,20,19,27,26,
52,0,1,7,14,15,16,9,2,3,21,
53,0,1,2,3,10,11,12,4,5,13,20,19,18,
54,0,7,8,15,9,10,17,16,23,24,25,26,32,33,40,47,46,45,38,31,39,
55,0,7,14,15,8,9,10,2,3,11,18,17,
56,0,7,8,9,16,23,2,1,14,15,30,29,36,
57,0,7,14,1,2,9,10,11,4,5,6,12,19,26,33,40,47,
58,0,7,14,1,8,21,28,9,15,16,23,24,
59,0,1,7,8,9,10,3,17,11,12,5,18,25,32,39,40,47,
60,0,7,14,21,28,29,36,37,38,45,39,44,46,47,40,33,
61,0,7,8,14,1,21,28,29,30,23,16,9,2,3,10,17,18,19,26,33,
62,0,1,8,7,14,21,15,28,29,35,30,31,37,
63,0,1,7,8,9,16,17,18,10,11,24,23,
64,0,1,8,9,15,22,2,3,10,11,12,4,19,18,
65,0,1,2,3,9,8,10,17,18,19,20,26,33,34,
66,0,1,8,15,16,17,18,10,22,23,29,36,35,28,21,
67,0,7,14,8,9,10,11,12,13,6,5,4,19,20,
68,0,7,8,1,14,21,28,35,29,30,23,16,17,10,11,4,5,12,19,20,27,
69,0,7,14,21,15,16,9,8,28,35,42,43,44,45,38,37,
70,0,1,2,3,10,17,11,18,12,13,20,19,
71,0,7,14,21,28,29,22,15,16,23,24,31,30,
72,0,7,8,15,16,23,30,31,24,17,10,11,18,19,12,4,5,
73,0,7,14,1,8,9,10,3,2,17,18,11,12,5,4,
74,0,1,2,9,10,17,3,11,12,13,6,5,4,
75,0,7,1,8,9,10,11,18,12,5,4,6,13,20,19,27,
76,0,1,7,14,15,21,28,29,36,30,23,16,35,43,44,45,
77,0,1,8,9,10,17,18,11,3,4,5,12,13,20,19,
78,0,1,7,14,15,16,22,8,21,2,9,
79,0,1,8,7,14,15,16,23,30,37,44,43,
80,0,7,8,9,10,11,12,5,6,4,18,17,13,
81,0,1,2,8,9,10,17,11,12,13,6,5,
82,0,7,14,21,28,29,30,37,38,23,24,17,10,11,12,13,19,18,
83,0,1,7,14,21,28,29,22,36,37,35,38,39,40,
84,0,7,1,2,9,16,17,10,11,18,25,19,12,13,6,20,27,26,
85,0,7,8,9,2,15,16,17,10,11,12,19,20,27,34,41,40,47,48,
86,0,1,8,7,14,15,22,21,28,9,10,16,17,
87,0,1,8,9,10,11,4,12,13,18,6,
88,0,1,8,9,10,11,12,4,5,6,3,13,20,27,26,34,41,
89,0,1,8,9,10,11,12,19,26,27,20,18,25,4,5,13,
90,0,7,14,15,16,23,22,24,21,28,29,30,37,31,32,
91,0,7,14,21,28,29,30,37,38,45,46,44,47,48,
92,0,7,14,21,8,9,16,17,24,23,31,30,10,11,18,
93,0,1,8,9,2,10,11,4,5,6,13,12,20,27,34,41,48,
94,0,7,8,9,10,3,4,11,12,5,6,13,18,
95,0,1,2,9,10,11,18,12,13,20,27,26,25,24,23,30,29,36,43,37,
96,0,1,2,8,7,14,21,28,29,30,22,15,16,9,23,
97,0,1,8,9,10,17,11,4,5,12,3,2,15,16,23,24,31,38,45,
98,0,7,14,8,9,2,10,17,3,1,21,22,23,30,31,24,16,
99,0,1,2,8,9,10,11,12,13,20,19,5,6,4,3,
100,0,1,8,9,10,3,2,11,17,12,18,16,15,14,23,
101,0,7,8,9,10,11,4,5,12,19,18,13,6,3,
102,0,7,8,15,14,9,16,23,30,29,37,22,24,25,26,33,32,39,46,45,
103,0,1,8,9,10,11,4,12,5,13,6,20,27,19,26,
104,0,1,2,3,4,5,12,11,13,20,27,34,26,19,18,25,
105,0,7,8,1,2,9,10,17,3,24,23,30,37,31,38,
106,0,1,8,9,10,7,14,21,28,29,30,37,38,45,46,44,43,36,35,42,
107,0,7,14,21,28,35,42,36,29,37,30,22,43,
108,0,1,7,8,9,10,3,4,5,11,12,13,19,
109,0,1,8,15,22,23,30,31,32,39,40,47,48,
110,0,1,2,9,3,8,4,11,12,13,20,27,26,19,18,
111,0,1,2,9,10,17,16,15,24,23,8,11,12,13,5,6,
112,0,1,8,9,7,15,16,23,22,29,28,21,36,35,42,
113,0,7,14,21,28,35,36,43,44,42,45,38,39,32,25,18,17,10,
114,0,1,2,3,7,8,9,10,11,18,
115,0,1,2,9,16,23,15,14,8,22,21,
116,0,1,8,7,14,21,15,16,17,10,11,12,13,6,5,4,3,
117,0,1,2,9,8,15,16,23,22,24,31,17,25,32,
118,0,1,8,9,10,2,11,4,5,6,13,12,20,19,18,25,32,39,
119,0,7,1,8,15,22,16,23,24,25,26,18,11,10,9,3,2,4,
120,0,7,1,14,21,28,35,29,22,23,30,24,17,10,
121,0,7,8,1,9,10,11,12,13,6,5,4,20,19,26,33,34,27,
122,0,7,1,8,9,10,11,18,19,26,12,13,5,6,4,3,
123,0,1,2,3,9,10,17,18,16,11,23,8,
124,0,1,7,14,21,28,29,30,23,22,16,9,10,8,2,3,4,11,
125,0,7,8,9,10,16,17,24,11,4,5,12,19,18,2,1,3,
126,0,7,1,2,3,10,4,5,6,13,20,12,27,34,33,40,41,
127,0,1,8,2,3,10,9,16,15,7,11,
128,0,1,7,8,9,2,3,10,17,16,4,
129,0,1,7,8,14,21,
130,0,1,8,7,14,15,22,23,16,17,10,24,9,11,4,
131,0,1,8,9,2,7,10,11,12,19,18,4,3,
132,0,7,14,15,16,9,10,11,4,12,5,3,13,6,20,19,18,
133,0,7,14,21,22,29,36,37,38,15,30,23,
134,0,7,14,15,8,9,16,10,17,23,3,4,11,12,19,18,
135,0,1,2,9,16,15,8,10,11,18,17,12,19,26,
136,0,7,14,21,28,35,22,15,16,9,10,11,18,4,3,2,1,
137,0,7,8,1,14,21,9,10,2,16,
138,0,7,1,2,3,4,5,11,18,6,13,10,17,16,9,8,
139,0,1,2,9,10,11,12,4,18,25,24,17,13,
140,0,1,8,9,10,11,12,19,26,27,34,33,18,25,24,31,17,
141,0,7,8,1,2,9,14,21,15,22,23,30,24,25,18,17,
142,0,1,7,14,21,28,29,30,23,16,17,18,11,12,13,20,27,19,
143,0,7,14,15,8,1,9,10,11,4,12,13,6,5,20,19,
144,0,7,14,21,28,35,42,43,44,37,30,23,16,15,9,2,3,10,11,18,25,24,31,
145,0,7,8,9,2,10,17,24,25,18,3,4,5,6,12,13,11,
146,0,1,8,9,16,10,17,18,11,12,19,20,27,13,5,4,
147,0,1,7,2,9,8,14,15,16,23,22,21,
148,0,1,7,8,9,10,11,18,17,12,19,13,20,27,34,41,40,48,
149,0,1,8,9,16,2,7,3,4,11,12,19,13,
150,0,7,1,2,9,10,3,8,17,24,11,18,19,12,13,
151,0,1,2,3,4,11,12,5,19,13,20,18,10,6,17,
152,0,7,1,2,9,16,23,30,10,11,12,5,6,13,
153,0,7,8,9,10,17,16,11,12,13,20,6,19,26,25,
154,0,7,8,9,2,1,14,21,15,16,10,11,12,5,13,6,
155,0,1,2,8,9,7,14,15,16,23,21,
156,0,7,14,21,22,15,16,9,10,11,17,24,25,18,12,5,6,19,
157,0,1,8,15,14,7,22,21,28,29,23,16,30,
158,0,1,2,3,4,10,9,8,15,14,21,22,23,24,31,16,17,18,19,26,25,
159,0,1,8,15,7,14,21,22,23,24,25,18,11,12,5,4,6,3,
160,0,1,8,7,14,15,16,9,10,11,12,13,20,19,6,5,
161,0,1,8,9,10,11,3,2,16,17,15,23,
162,0,1,7,8,15,14,21,22,23,16,9,10,17,24,31,38,32,
163,0,7,14,8,15,22,23,16,17,9,10,3,2,1,11,
164,0,1,8,7,14,15,16,22,17,18,10,24,25,11,
165,0,7,8,1,9,16,17,18,10,11,12,19,20,13,6,
166,0,1,2,3,10,11,12,19,26,5,6,13,4,18,25,32,
167,0,1,8,7,9,2,3,10,11,12,19,13,6,20,27,
168,0,7,1,14,21,28,29,30,22,15,23,16,17,24,9,
169,0,1,2,9,16,17,15,22,23,24,31,8,10,3,11,4,5,
170,0,1,8,9,2,15,14,21,7,16,17,18,11,10,
171,0,1,2,8,15,16,17,23,24,10,3,18,25,11,
172,0,1,2,8,9,15,14,21,16,28,35,36,37,30,23,22,
173,0,1,8,15,7,14,21,22,23,24,31,25,32,30,16,17,18,26,19,12,5,
174,0,7,8,15,14,21,28,29,30,37,31,38,24,17,25,18,11,12,13,
175,0,7,14,15,8,9,10,3,2,4,5,12,6,13,20,27,26,33,
176,0,1,2,9,8,10,17,24,25,26,19,12,13,6,20,27,
177,0,7,1,14,21,22,29,30,23,24,16,9,10,11,12,19,5,26,27,
178,0,1,2,3,9,16,15,8,23,30,10,17,11,12,5,13,
179,0,1,8,2,3,10,9,16,15,17,24,18,11,12,13,20,27,
180,0,1,8,15,16,17,10,11,12,13,6,19,26,25,32,18,
181,0,1,8,15,16,9,10,11,4,12,19,18,5,3,2,17,
182,0,1,8,2,7,14,9,10,17,24,25,18,11,
183,0,1,2,3,4,9,10,17,16,15,14,21,28,35,42,22,
184,0,7,8,1,2,9,16,10,17,15,23,22,30,29,31,
185,0,7,8,9,2,16,10,11,18,17,25,3,1,
186,0,7,14,15,16,9,2,10,3,4,8,
187,0,7,14,21,22,15,16,23,9,10,11,4,
188,0,7,8,9,10,11,12,13,6,5,4,18,17,16,23,30,15,22,24,
189,0,1,2,8,9,10,15,3,16,17,11,18,19,
190,0,1,2,9,3,16,17,10,11,12,18,25,26,27,33,34,41,
191,0,1,2,7,8,15,16,9,10,3,11,4,5,
192,0,1,8,9,2,16,3,10,11,4,5,12,19,20,27,
193,0,7,8,14,21,22,23,24,17,16,9,10,11,12,13,20,6,19,5,
194,0,7,8,9,2,1,14,15,16,10,11,18,12,13,20,27,34,41,48,
195,0,7,14,15,21,28,22,23,30,29,8,9,16,17,24,25,32,31,
196,0,1,2,3,4,5,6,12,11,13,19,20,
197,0,1,8,9,10,11,12,13,20,19,18,4,5,26,25,
198,0,1,7,8,9,16,17,10,11,12,5,13,20,6,19,4,3,2,15,
199,0,7,14,1,8,9,10,11,12,13,20,19,26,18,17,
200,0,7,1,2,9,8,3,4,15,16,10,11,18,
201,0,7,1,2,9,8,15,16,17,14,22,29,30,23,
202,0,1,8,9,16,2,3,10,11,12,13,5,4,6,
203,0,1,8,7,9,10,11,4,5,6,13,12,
204,0,7,1,2,9,8,16,10,11,18,19,4,5,12,13,6,
205,0,7,14,21,15,28,22,23,16,17,10,9,2,1,8,
206,0,1,8,15,16,9,7,14,2,10,11,12,19,26,25,13,
207,0,7,14,15,16,9,8,1,10,3,2,
208,0,1,2,3,4,11,12,13,6,5,19,18,7,
209,0,1,8,7,9,15,16,2,
210,0,1,8,9,2,10,17,16,11,12,5,4,19,13,
211,0,7,14,21,22,29,30,23,16,9,8,10,17,3,2,
212,0,1,8,15,16,17,23,7,14,9,10,11,
213,0,1,7,8,14,9,2,3,4,11,5,
214,0,1,2,3,4,5,12,13,6,20,27,34,41,40,33,26,19,18,11,
215,0,1,2,9,10,17,11,18,3,12,13,20,27,34,19,26,33,
216,0,1,2,7,14,15,8,9,10,11,12,19,20,26,13,6,4,5,
217,0,1,7,2,9,8,16,10,11,18,25,26,19,20,12,13,6,
218,0,1,7,8,9,2,10,11,12,13,6,5,
219,0,1,8,9,10,17,16,15,2,3,11,12,19,13,6,5,
220,0,7,14,15,8,9,2,10,11,12,19,13,20,
221,0,7,8,9,16,23,15,14,1,2,3,4,10,17,11,12,
222,0,1,7,14,15,16,9,8,10,17,24,31,11,12,5,4,19,20,13,6,
223,0,7,1,2,8,15,22,23,24,31,17,10,16,9,11,12,
224,0,1,8,9,10,3,2,4,11,5,12,
225,0,7,14,21,28,22,15,16,9,2,1,8,10,11,4,5,3,12,19,18,13,
226,0,7,8,15,16,9,17,10,11,12,19,13,6,5,20,
227,0,1,8,15,16,17,9,10,3,4,5,11,12,13,6,20,27,
228,0,1,7,8,15,9,16,2,14,10,11,
229,0,7,14,15,8,16,21,28,35,29,36,37,30,44,43,42,
230,0,7,8,15,16,22,21,28,14,9,17,10,3,11,12,4,
231,0,7,14,21,22,29,36,15,16,9,10,17,24,31,3,2,1,4,
232,0,7,8,9,10,11,18,19,20,27,34,26,25,32,31,
233,0,7,1,2,9,16,17,18,19,12,5,6,4,3,10,
234,0,7,8,14,21,28,35,36,43,44,37,38,31,24,30,23,22,
235,0,7,1,8,15,16,9,23,2,3,22,21,14,
236,0,7,8,1,2,3,9,10,16,17,18,25,26,33,34,27,
237,0,1,7,14,15,16,9,2,3,10,17,11,4,5,
238,0,1,7,8,14,9,10,17,3,4,11,18,25,32,
239,0,1,2,9,8,7,3,4,
240,0,1,8,9,10,3,2,7,15,16,11,4,5,
241,0,7,8,1,9,2,16,23,17,10,3,11,4,5,6,13,20,27,19,12,
242,0,7,14,1,2,8,15,16,9,10,11,18,12,13,
243,0,1,2,3,9,10,4,16,15,17,11,18,
244,0,7,8,15,16,14,9,10,11,18,25,3,2,
245,0,1,2,3,10,9,11,12,4,13,20,5,
246,0,7,1,2,9,8,15,14,22,23,24,17,10,11,12,
247,0,1,2,3,9,16,10,11,4,5,6,13,12,19,
248,0,1,7,8,15,9,10,11,12,19,20,13,5,6,
249,0,7,8,9,2,1,10,17,24,16,15,
250,0,7,1,2,9,3,4,11,12,13,6,5,
251,0,1,8,9,10,3,2,11,12,5,6,4,19,20,26,33,
252,0,1,8,15,16,14,9,2,10,17,18,24,25,31,
253,0,1,8,9,10,11,4,3,12,2,17,16,
254,0,7,14,21,15,8,1,9,10,11,
255,0,1,7,14,15,8,9,16,10,3,4,11,12,5,
256,0,1,8,7,15,14,22,23,30,37,16,9,2,
257,0,7,8,9,10,11,12,5,6,13,4,3,2,16,15,17,
258,0,1,8,9,16,10,11,12,5,4,19,6,13,20,
259,0,7,14,8,1,9,16,15,23,
260,0,7,14,21,28,29,30,23,16,15,22,37,17,24,9,2,1,
261,0,1,8,7,14,21,22,23,30,16,9,10,17,15,29,28,
262,0,1,2,9,8,7,16,15,10,11,12,19,18,
263,0,1,8,9,7,15,22,21,14,23,24,17,18,11,12,13,20,19,
264,0,7,8,15,14,16,23,9,1,10,3,11,12,13,6,
265,0,7,8,9,16,10,11,12,5,4,3,2,18,25,24,17,
266,0,7,8,9,14,1,2,16,10,17,24,18,
267,0,1,8,7,9,2,16,17,15,10,11,12,13,20,19,
268,0,1,8,9,10,11,3,4,12,5,7,15,16,17,
269,0,7,14,15,8,21,22,23,16,17,10,9,24,31,
270,0,1,2,3,4,11,12,13,6,5,9,
271,0,7,8,9,10,11,18,19,20,27,26,25,24,31,32,13,12,5,4,
272,0,1,2,9,8,15,16,10,11,4,5,6,12,13,20,27,34,26,19,18,17,
273,0,1,8,9,16,2,10,3,4,5,6,12,11,
274,0,1,2,9,16,15,22,21,14,7,8,10,3,17,24,25,11,12,13,20,19,
275,0,1,8,9,10,17,16,3,4,2,24,
276,0,7,14,21,28,35,36,29,30,23,22,37,38,39,40,47,46,32,25,24,17,16,15,
277,0,7,8,15,16,22,23,30,37,29,9,14,21,28,35,
278,0,7,1,14,8,9,16,10,11,12,13,5,4,20,27,26,19,
279,0,1,2,3,4,11,10,17,18,12,13,6,5,24,
280,0,7,14,21,15,22,23,16,9,2,3,10,4,1,
281,0,7,1,8,9,16,2,3,4,11,12,13,6,5,10,17,
282,0,7,8,9,10,3,11,12,13,20,19,6,5,
283,0,1,8,15,9,10,17,11,12,5,4,6,
284,0,1,8,15,16,9,10,17,18,24,11,4,5,6,13,12,20,
285,0,1,2,7,8,9,10,11,18,12,13,20,19,27,26,25,
286,0,1,8,9,16,10,11,12,13,6,5,4,20,19,26,33,32,39,
287,0,1,2,3,4,5,12,19,18,11,6,13,20,
288,0,7,8,9,2,1,10,11,12,13,20,19,
289,0,7,14,8,1,9,10,16,15,11,4,5,
290,0,1,2,9,10,16,11,12,13,20,19,5,4,3,
291,0,7,8,9,10,11,4,3,17,1,2,
292,0,7,8,9,10,11,4,5,12,13,6,19,18,25,
293,0,1,2,9,10,11,12,5,6,13,20,27,
294,0,1,7,14,21,28,35,42,43,36,29,30,23,16,24,17,25,26,32,
295,0,7,8,1,2,9,10,3,11,18,12,13,5,4,6,20,
296,0,7,14,21,28,29,36,35,37,30,23,31,24,17,25,18,16,15,22,
297,0,1,2,9,8,7,10,11,12,4,5,3,6,13,
298,0,1,7,14,15,21,22,28,35,36,29,30,23,16,8,9,
299,0,1,8,9,10,11,12,19,13,6,5,4,
300,0,7,8,9,15,2,1,3,4,14,
301,0,1,8,2,3,10,9,15,16,11,18,17,19,26,33,
302,0,7,14,21,22,15,16,9,10,17,11,18,12,19,26,27,34,33,
303,0,7,1,8,9,16,23,24,25,18,11,4,3,10,2,
304,0,7,8,9,2,10,17,11,12,19,20,13,26,25,
305,0,1,8,2,3,10,11,4,12,13,20,5,18,17,
306,0,7,8,1,2,9,16,10,11,18,12,
307,0,7,1,2,9,10,8,3,4,11,12,13,6,20,5,
308,0,7,1,2,9,10,11,12,19,13,6,20,27,26,25,18,5,4,
309,0,7,14,21,28,29,30,23,24,31,22,15,16,9,10,11,18,
310,0,1,8,9,10,17,11,12,19,18,16,15,
311,0,7,8,15,14,21,28,35,42,43,36,29,30,37,44,38,31,
312,0,7,14,15,16,23,22,24,17,10,31,11,18,12,13,20,19,26,25,
313,0,7,14,8,15,16,22,21,28,9,10,2,1,17,
314,0,7,14,21,28,35,36,43,42,44,29,30,37,45,
315,0,7,8,15,16,9,1,14,21,28,22,29,30,23,31,32,25,26,27,
316,0,7,8,9,2,10,11,12,13,20,27,26,34,33,40,32,25,
317,0,1,2,3,4,11,18,25,19,12,17,10,
318,0,7,8,9,16,10,11,4,3,2,17,5,6,12,13,
319,0,1,2,9,16,15,14,8,7,3,10,23,17,11,
320,0,7,14,21,22,23,16,17,10,3,4,11,12,5,9,13,20,27,26,19,
321,0,1,2,8,9,10,3,11,17,24,23,22,15,7,14,
322,0,7,14,15,16,17,10,3,9,8,1,11,12,13,6,5,
323,0,7,8,15,22,23,16,9,14,21,10,11,17,
324,0,7,14,15,16,17,18,10,3,9,11,24,25,32,39,26,33,19,12,13,
325,0,1,7,14,21,28,35,42,43,44,36,37,30,23,22,8,15,16,
326,0,7,8,9,10,11,18,25,26,19,20,13,12,5,6,
327,0,7,8,1,9,2,3,4,16,23,17,10,11,12,
328,0,7,14,21,22,23,15,29,28,30,37,24,31,25,32,39,33,40,
329,0,7,14,8,1,2,9,15,16,23,22,10,
330,0,1,7,14,15,16,9,10,2,8,17,3,4,5,
331,0,7,8,9,10,11,18,19,20,25,26,12,13,27,34,33,32,
332,0,7,8,1,15,14,21,22,23,28,35,42,43,
333,0,1,8,15,16,9,10,23,30,31,22,
334,0,1,8,9,10,11,18,17,19,20,27,26,25,24,12,13,
335,0,7,14,15,8,1,9,10,11,12,13,6,5,
336,0,7,14,8,15,16,9,2,3,4,5,6,13,20,19,26,27,12,
337,0,7,1,8,9,16,17,15,22,23,
338,0,7,14,1,2,8,9,10,17,18,25,11,12,13,20,4,
339,0,1,2,8,9,10,11,4,5,12,13,6,20,19,
340,0,1,8,7,14,15,16,9,10,11,4,3,5,2,17,12,
341,0,7,8,15,22,9,10,11,18,4,12,13,20,27,
342,0,7,8,9,10,11,12,13,6,20,
343,0,1,7,14,15,16,23,9,10,17,18,11,4,12,13,20,27,6,5,
344,0,1,7,14,8,15,
345,0,7,8,15,16,23,30,37,44,45,38,31,24,25,18,19,12,20,13,6,5,4,3,10,11,
346,0,7,14,21,28,35,36,43,29,37,30,23,22,15,8,9,10,11,17,
347,0,1,7,14,21,28,35,36,37,22,29,38,44,45,30,
348,0,1,7,14,8,9,2,3,10,17,24,25,18,11,
349,0,1,2,8,9,3,4,5,12,6,13,20,
350,0,7,8,9,10,17,3,11,4,2,16,15,23,30,31,32,39,38,
351,0,1,8,7,14,21,22,23,16,17,10,11,12,13,20,27,34,33,41,48,
352,0,1,2,3,4,11,12,13,5,10,19,20,27,26,33,32,31,30,29,23,
353,0,7,1,8,9,10,17,24,25,18,11,4,12,19,13,20,5,6,
354,0,1,2,3,10,11,12,5,6,13,20,27,4,
355,0,7,14,1,8,15,16,23,30,37,44,45,38,43,22,
356,0,1,8,9,10,11,4,5,6,3,12,19,18,
357,0,1,2,3,9,16,15,8,10,17,22,23,11,4,5,
358,0,7,8,15,16,23,14,21,1,2,9,10,11,4,3,5,12,13,
359,0,1,8,7,15,16,14,9,10,11,4,12,19,13,
360,0,7,14,21,28,15,22,29,16,23,17,10,3,11,12,5,6,13,
361,0,1,8,2,3,4,5,9,10,11,12,
362,0,7,1,8,9,10,17,24,23,16,11,12,5,4,3,13,6,
363,0,7,1,8,9,10,11,12,3,13,20,19,5,6,
364,0,1,8,9,15,16,17,10,3,2,7,18,25,11,
365,0,7,14,21,22,23,29,30,24,17,10,9,8,37,44,45,46,39,38,
366,0,1,7,8,9,16,10,17,11,4,5,6,13,20,19,26,12,3,2,
367,0,1,2,3,10,17,9,11,4,5,12,19,13,6,
368,0,7,8,15,9,2,1,10,11,4,5,12,6,13,20,19,
369,0,7,8,9,10,11,17,18,12,13,6,5,
370,0,1,8,7,14,21,22,23,24,25,26,19,12,13,20,11,18,4,
371,0,1,7,8,9,10,17,11,12,13,20,19,27,6,5,
372,0,7,8,9,2,15,16,23,24,31,17,10,
373,0,7,14,21,22,23,15,29,16,17,10,18,30,9,
374,0,1,8,9,16,10,17,11,18,23,24,3,
375,0,7,1,2,3,4,11,10,5,6,13,12,17,
376,0,7,1,8,9,10,11,12,13,6,5,19,18,25,4,3,2,
377,0,7,1,8,9,16,17,10,11,12,19,13,6,5,4,3,2,15,
378,0,7,14,15,16,17,10,11,12,13,6,5,4,3,
379,0,1,2,9,3,4,11,10,17,16,12,13,20,27,26,19,
380,0,7,8,15,16,9,1,10,2,3,17,24,
381,0,7,8,15,9,2,1,14,22,23,21,28,35,42,43,36,29,
382,0,1,8,9,10,17,24,25,26,19,12,5,18,16,2,3,
383,0,7,14,1,8,9,2,15,
384,0,1,8,2,15,22,23,16,9,10,11,3,18,17,12,5,4,
385,0,1,8,7,14,2,9,15,16,10,
386,0,7,8,9,1,2,3,4,5,12,11,6,13,20,27,26,19,10,
387,0,1,7,14,15,16,23,9,8,21,10,17,24,25,
388,0,1,7,8,9,10,11,12,13,20,27,34,
389,0,7,14,8,9,10,11,18,4,3,2,1,12,13,
390,0,1,2,9,10,3,4,5,6,13,12,20,27,11,19,
391,0,7,1,14,21,28,29,36,43,42,44,45,46,39,38,31,24,25,18,19,26,
392,0,1,8,9,10,17,16,23,18,11,25,32,33,26,19,12,
393,0,7,1,2,3,10,11,12,5,19,26,13,4,6,
394,0,1,2,9,3,10,11,12,13,19,20,27,34,33,26,5,
395,0,7,8,9,16,17,24,10,14,21,28,22,35,29,36,23,30,
396,0,1,2,3,10,17,11,18,12,13,6,5,19,
397,0,1,7,8,14,15,16,9,10,11,2,
398,0,7,1,2,9,8,16,23,24,17,10,11,3,
399,0,1,8,15,14,21,28,22,23,24,16,9,10,11,12,13,6,5,4,
400,0,7,8,9,2,1,16,23,22,10,3,11,12,13,20,19,
401,0,7,1,8,15,16,17,9,2,10,11,4,5,12,13,20,19,
402,0,1,2,3,9,8,16,17,10,11,12,13,6,5,
403,0,7,8,1,2,9,10,11,12,13,20,27,34,33,41,48,
404,0,7,1,8,2,9,16,10,3,11,12,13,20,27,26,19,
405,0,1,8,7,14,9,10,11,4,5,3,17,16,23,22,29,30,15,
406,0,7,8,9,2,10,3,4,1,11,18,17,16,15,23,24,
407,0,1,2,9,10,11,12,19,13,20,27,34,41,40,33,48,
408,0,1,2,3,10,11,4,5,6,13,20,19,12,
409,0,1,2,3,10,17,18,11,4,9,16,5,
410,0,1,8,9,10,2,16,17,11,4,3,5,6,13,
411,0,7,14,15,8,9,10,17,24,23,30,31,16,
412,0,7,14,15,16,9,10,11,4,5,3,2,1,8,18,12,19,26,25,
413,0,1,2,7,8,9,10,3,11,18,25,19,12,13,6,5,26,27,
414,0,1,8,9,10,11,12,5,4,13,6,
415,0,1,8,7,9,10,16,23,11,12,19,13,6,20,27,34,33,
416,0,7,8,14,21,15,28,29,22,23,16,17,24,
417,0,1,8,15,16,9,2,3,10,17,
418,0,7,1,8,9,2,3,4,11,12,13,20,19,18,
419,0,1,7,2,9,10,11,18,17,12,13,20,27,
420,0,7,1,8,9,10,3,14,21,15,16,23,30,31,38,32,33,26,
421,0,1,7,14,21,22,23,16,9,10,11,12,13,6,5,4,3,2,
422,0,7,14,8,9,10,11,18,12,4,3,13,6,5,19,
423,0,7,14,21,1,8,2,3,4,11,5,12,13,6,19,26,
424,0,1,8,2,3,4,11,18,12,13,5,6,
425,0,7,14,21,28,29,30,22,15,8,9,10,11,4,12,13,20,19,18,
426,0,7,8,9,10,11,4,12,5,6,13,20,19,
427,0,7,1,8,9,10,11,18,19,12,26,25,24,17,
428,0,7,1,8,2,9,15,22,29,30,28,31,24,17,10,
429,0,1,8,9,10,2,15,16,11,12,19,18,3,26,27,
430,0,7,8,9,10,16,23,22,15,2,3,4,11,18,17,
431,0,7,8,1,2,9,16,10,3,4,5,12,6,
432,0,1,2,9,16,10,3,8,7,14,15,11,12,5,6,
433,0,1,8,9,7,2,16,23,15,
434,0,7,14,21,28,22,23,30,29,16,9,17,10,11,12,5,13,20,19,
435,0,1,2,3,9,10,11,12,13,6,5,4,19,26,20,27,33,32,25,24,17,
436,0,7,14,21,15,16,17,24,10,11,18,4,9,2,1,
437,0,7,1,8,14,21,22,15,16,9,10,11,4,5,
438,0,7,14,15,16,17,10,11,4,3,12,18,9,
439,0,7,14,15,22,23,16,9,10,11,18,25,24,17,12,19,5,6,
440,0,1,8,7,9,2,3,10,11,12,13,20,19,
441,0,1,7,14,21,28,35,22,23,16,9,10,3,2,8,15,24,25,
442,0,7,8,9,16,17,10,3,2,11,12,13,6,5,
443,0,7,14,8,9,10,2,3,4,11,5,6,13,12,
444,0,7,8,9,15,16,23,30,37,44,43,42,36,38,39,46,40,33,26,34,27,41,
445,0,7,8,9,2,1,10,11,12,19,26,27,13,17,18,
446,0,1,7,8,9,10,3,4,11,12,13,6,20,27,19,
447,0,7,8,9,10,11,12,19,20,26,27,34,33,25,32,31,24,23,22,16,
448,0,1,7,8,9,10,11,12,4,13,6,5,20,19,
449,0,7,14,15,16,23,22,24,25,32,31,18,19,20,27,34,41,48,
450,0,7,14,8,15,16,17,10,3,9,11,12,13,20,6,19,
451,0,1,2,9,10,16,8,15,3,11,4,5,6,12,13,20,19,
452,0,1,2,3,10,11,12,19,20,27,34,41,26,18,13,6,5,4,9,
453,0,7,14,21,28,29,30,23,16,15,8,9,2,3,1,
454,0,1,8,15,14,22,16,17,10,11,4,18,12,19,5,13,
455,0,1,8,15,16,9,10,7,14,21,28,29,35,42,
456,0,1,8,15,16,9,2,10,11,12,5,18,25,13,19,
457,0,1,2,9,10,11,4,3,12,13,6,5,19,
458,0,1,8,7,9,10,11,4,5,3,17,12,
459,0,7,1,8,9,10,3,11,12,5,6,4,13,20,19,
460,0,1,8,15,22,16,17,10,11,12,13,4,5,3,20,
461,0,7,1,8,9,2,3,10,16,23,30,29,22,15,17,11,4,12,19,18,25,
462,0,1,2,3,4,5,12,11,19,26,25,24,17,10,
463,0,1,2,3,4,11,12,10,13,20,6,
464,0,7,8,1,2,3,10,17,18,11,12,19,13,4,5,20,27,
465,0,7,8,9,10,11,12,19,20,13,6,5,4,18,
466,0,1,8,2,3,10,9,11,12,13,6,19,26,20,5,
467,0,7,14,21,28,15,8,9,10,17,24,18,11,12,5,4,3,
468,0,7,1,2,8,9,10,3,4,11,17,16,15,
469,0,7,8,9,2,1,10,11,12,13,6,5,20,27,26,19,
470,0,7,14,21,28,29,8,1,2,9,3,10,11,
471,0,7,8,9,2,15,10,3,11,4,5,6,12,13,20,27,34,41,
472,0,1,2,8,9,10,11,12,19,4,3,18,13,5,
473,0,1,7,8,9,10,3,11,12,5,4,18,19,26,13,6,
474,0,1,2,9,10,17,24,31,18,25,32,11,12,13,19,
475,0,1,7,2,9,8,15,16,17,10,24,11,12,5,
476,0,1,2,3,4,11,10,9,18,17,12,5,13,6,
477,0,7,8,9,2,1,10,11,18,12,13,6,
478,0,1,2,9,10,8,7,15,16,23,30,22,29,
479,0,7,14,21,22,15,16,23,9,2,1,3,4,8,
480,0,1,7,14,21,22,15,29,30,36,37,43,44,45,46,39,32,25,
481,0,7,8,9,14,10,3,4,5,6,12,13,20,27,26,
482,0,7,8,9,2,16,10,11,12,5,4,17,24,23,15,1,
483,0,7,1,2,9,16,3,4,5,12,13,20,27,34,33,
484,0,1,8,15,14,22,23,16,17,9,10,3,2,
485,0,7,14,15,21,22,23,30,29,37,44,38,31,24,17,10,11,18,
486,0,7,8,15,14,21,22,1,16,2,3,4,5,6,13,9,
487,0,7,14,21,22,29,30,23,16,9,10,11,12,13,5,4,18,6,20,27,26,19,
488,0,1,8,9,10,11,18,12,19,20,13,6,5,4,3,
489,0,1,2,8,9,10,3,15,11,12,5,6,13,
490,0,7,14,21,22,23,24,17,10,11,9,8,15,16,
491,0,7,14,15,8,9,2,1,22,23,16,10,11,12,19,20,18,25,
492,0,7,8,9,2,1,16,17,10,15,23,24,11,
493,0,1,8,7,14,21,28,29,30,35,42,36,43,22,23,16,24,17,10,
494,0,1,8,7,9,16,2,15,10,23,11,
495,0,7,14,21,22,28,29,36,15,16,23,9,8,
496,0,1,7,14,15,16,23,22,30,31,38,29,9,2,8,
497,0,1,2,3,4,11,9,10,18,17,
498,0,1,8,9,10,2,3,4,11,12,16,15,
499,0,7,14,15,16,9,2,10,11,4,5,12,13,18,19,20,
500,0,1,8,9,10,3,16,17,11,4,18,5,12,13,20,6,
501,0,1,8,9,10,11,18,25,19,20,13,12,6,5,4,
502,0,1,8,15,16,9,7,14,21,28,29,30,23,10,17,18,11,12,5,6,
503,0,1,8,2,9,3,10,11,12,13,20,19,26,5,
504,0,1,2,9,10,11,12,13,20,27,34,41,40,39,38,31,24,17,23,16,22,15,
505,0,7,8,9,16,23,24,17,2,10,11,12,13,20,27,26,19,
506,0,1,2,8,15,9,3,4,11,12,5,13,20,
507,0,1,8,9,10,3,4,5,11,2,7,14,15,16,
508,0,1,2,9,10,3,4,11,16,17,18,12,13,20,19,
509,0,7,14,21,22,29,28,15,16,23,9,10,11,12,19,
510,0,1,2,9,8,15,22,14,23,16,17,18,19,11,12,13,5,4,
511,0,7,8,9,10,11,4,3,18,12,13,6,5,20,27,
512,0,7,8,1,14,21,22,15,16,9,2,23,10,3,
513,0,1,2,3,4,11,10,9,12,19,20,27,26,25,18,5,6,13,
514,0,7,14,15,21,22,29,30,23,37,8,
515,0,1,8,9,10,11,12,4,3,2,18,17,19,13,6,5,
516,0,7,14,15,8,9,16,10,11,12,19,5,13,6,20,
517,0,1,8,9,16,23,24,31,10,3,2,17,18,25,
518,0,7,14,21,8,15,22,29,36,30,23,16,17,24,28,
519,0,1,2,9,3,4,5,6,13,20,12,27,26,25,18,11,
520,0,1,2,3,10,17,11,18,19,12,13,6,5,4,
521,0,1,2,9,16,15,8,7,
522,0,7,14,15,16,21,22,23,24,9,10,11,18,12,13,20,19,
523,0,7,1,8,9,10,11,17,24,25,18,4,3,16,23,
524,0,7,8,14,9,10,2,1,15,22,29,30,28,23,
525,0,7,14,15,8,9,2,1,16,10,11,4,3,
526,0,7,8,9,10,11,12,5,4,3,19,13,20,6,27,
527,0,7,14,21,1,2,3,9,10,4,11,12,19,13,6,20,
528,0,1,8,9,16,23,17,10,18,19,20,11,12,13,6,5,
529,0,7,8,1,9,16,10,2,15,14,11,
530,0,1,7,8,9,10,17,16,23,24,2,3,11,4,
531,0,7,8,15,1,9,10,11,12,13,20,
532,0,1,8,7,9,10,3,2,11,4,5,6,
533,0,1,2,8,3,10,4,11,5,12,13,6,
534,0,1,2,3,4,11,12,13,20,27,19,26,5,18,
535,0,1,2,3,10,11,12,19,18,5,13,20,6,27,34,
536,0,1,8,9,15,14,7,21,28,16,23,24,17,31,
537,0,7,8,9,10,17,11,4,5,6,13,20,27,26,33,32,31,38,45,44,25,
538,0,1,8,9,10,11,4,5,6,13,3,17,12,
539,0,7,14,8,9,10,15,16,17,23,24,11,18,31,
540,0,1,2,3,4,5,11,6,13,12,20,19,
541,0,7,1,8,9,10,11,18,4,3,2,5,6,13,12,
542,0,1,8,15,2,3,7,14,9,10,4,5,12,13,
543,0,1,2,9,16,23,24,17,31,38,39,46,45,37,30,22,21,28,35,29,
544,0,7,14,21,22,15,29,30,31,38,39,32,25,18,11,4,12,19,13,20,
545,0,1,7,2,9,10,11,12,19,20,13,6,5,18,
546,0,1,2,7,14,8,15,16,9,10,3,11,12,13,19,20,27,26,
547,0,7,1,2,3,4,11,12,5,6,13,20,27,19,26,25,
548,0,1,8,15,14,16,23,30,24,25,17,18,26,19,12,13,20,11,
549,0,7,14,21,22,15,16,9,10,2,11,18,17,24,3,1,8,
550,0,1,2,9,16,23,10,11,12,13,19,26,6,5,20,27,
551,0,1,8,9,16,10,11,12,13,20,6,5,4,3,
552,0,7,8,9,10,11,12,19,13,4,5,6,20,26,27,
553,0,1,8,15,16,9,10,11,12,5,4,3,13,20,
554,0,7,14,1,15,22,23,16,9,8,2,10,3,4,5,
555,0,7,1,8,9,10,11,12,13,20,6,5,18,19,
556,0,1,8,9,16,17,10,11,12,18,13,20,19,6,
557,0,7,1,2,14,15,8,16,17,18,11,10,3,4,25,
558,0,7,14,8,1,2,
559,0,7,14,8,21,28,22,23,30,37,38,39,40,47,33,26,19,12,18,11,25,
560,0,1,8,15,16,9,23,10,17,3,2,7,
561,0,1,2,3,10,11,12,13,20,6,5,4,19,27,
562,0,7,1,2,8,9,16,23,3,10,17,11,4,12,13,
563,0,7,14,15,16,9,2,10,8,1,3,
564,0,7,8,9,10,11,4,12,13,20,6,5,19,26,25,
565,0,7,1,2,3,10,9,11,12,13,6,5,4,
566,0,1,8,15,22,23,16,9,2,10,17,11,18,12,5,
567,0,1,8,15,14,7,9,10,11,18,12,5,6,13,19,20,27,
568,0,1,8,15,22,23,21,14,7,9,16,10,17,3,4,5,2,
569,0,7,14,21,15,8,22,28,23,30,29,36,37,43,42,44,
570,0,1,8,9,16,23,15,17,24,25,18,11,10,12,19,20,27,34,26,32,33,
571,0,7,14,21,22,28,35,42,29,30,23,16,9,10,11,4,5,
572,0,7,14,1,8,15,16,17,10,9,11,3,4,5,12,13,
573,0,1,8,9,10,17,11,4,18,25,24,26,19,12,3,
574,0,7,1,2,3,8,15,22,29,28,35,36,37,30,23,16,9,10,17,18,
575,0,1,2,7,8,9,16,10,11,3,12,13,
576,0,7,8,9,10,17,24,3,11,12,5,13,20,4,6,
577,0,1,2,9,3,8,15,14,16,
578,0,1,7,8,2,3,10,17,18,25,11,4,12,13,20,27,34,33,41,
579,0,1,8,9,10,17,16,11,12,13,6,20,5,
580,0,7,14,21,22,15,16,9,10,17,24,31,30,23,11,
581,0,7,8,9,10,11,12,19,20,27,13,6,34,33,32,25,18,
582,0,1,2,3,10,9,8,11,18,19,25,24,17,16,15,7,
583,0,7,14,15,16,17,18,10,11,12,13,20,27,34,33,40,41,48,
584,0,7,8,15,16,22,23,9,10,11,18,17,12,2,
585,0,1,8,7,14,15,21,22,23,16,9,24,25,
586,0,1,7,14,8,15,16,9,10,17,2,
587,0,7,8,1,2,15,16,9,10,3,
588,0,1,2,7,14,21,22,23,16,24,17,10,11,12,19,
589,0,7,14,15,16,9,8,10,3,4,11,12,13,19,20,5,6,
590,0,1,7,8,9,10,17,11,12,5,13,6,4,3,19,
591,0,1,8,7,9,16,10,2,17,
592,0,1,2,3,4,11,12,13,6,5,
593,0,7,14,21,8,9,16,2,3,10,11,17,
594,0,7,8,9,2,3,1,10,17,11,12,4,13,20,27,6,5,
595,0,7,8,1,9,10,16,23,17,11,12,13,20,
596,0,1,2,9,16,15,17,10,11,3,8,22,14,
597,0,7,14,21,28,22,23,29,30,31,24,15,8,
598,0,1,2,3,9,10,11,12,13,6,20,27,26,33,32,25,18,19,
599,0,7,8,15,16,17,9,2,10,24,23,11,18,12,4,5,6,
600,0,1,2,8,15,22,23,16,17,9,10,11,18,25,4,3,
601,0,1,8,9,16,17,10,15,14,21,7,
602,0,1,8,15,16,9,10,11,4,5,12,13,6,
603,0,7,14,15,16,9,8,2,10,11,12,13,6,20,5,
604,0,7,14,21,22,29,28,35,36,37,30,23,31,38,16,9,10,3,11,
605,0,7,14,15,16,23,9,10,11,4,3,2,1,8,17,18,25,
606,0,1,8,7,2,3,10,9,15,16,14,23,
607,0,7,8,9,16,15,2,10,11,18,25,17,3,4,
608,0,1,8,15,7,9,10,3,2,4,11,12,13,20,19,5,6,
609,0,7,14,21,28,22,23,16,9,10,3,17,15,8,24,11,18,
610,0,7,14,21,22,23,30,31,32,33,26,19,20,13,6,5,4,3,11,
611,0,7,1,2,8,14,21,28,35,42,36,15,9,10,3,
612,0,1,2,3,10,11,12,13,6,5,19,18,4,9,
613,0,1,2,3,10,11,9,8,17,18,19,26,12,13,6,20,27,
614,0,1,8,9,16,2,7,14,23,24,31,17,32,25,18,11,
615,0,1,2,9,8,15,14,16,23,3,4,11,12,19,18,10,
616,0,1,7,14,15,16,9,10,17,11,12,5,13,6,20,27,34,33,32,41,48,
617,0,7,14,8,1,9,10,11,3,4,18,19,20,26,27,
618,0,1,8,7,14,15,16,9,10,17,18,19,12,13,20,6,27,34,33,32,39,
619,0,1,7,8,9,16,15,23,17,10,24,31,30,
620,0,1,7,8,9,10,3,2,11,18,4,12,5,6,
621,0,1,2,9,8,7,10,3,16,23,22,29,30,24,17,
622,0,1,8,9,7,14,15,16,2,3,10,11,12,19,18,
623,0,7,8,9,2,10,11,12,13,6,20,27,5,4,3,17,
624,0,1,2,9,10,11,12,13,6,20,27,26,19,33,40,34,32,31,
625,0,7,8,9,10,17,18,25,26,19,12,5,6,13,20,27,4,
626,0,7,1,8,15,14,9,16,23,2,3,4,5,6,13,
627,0,7,8,9,2,1,10,17,24,25,18,11,12,5,13,6,20,27,
628,0,7,14,21,15,8,1,9,10,11,12,19,26,
629,0,7,8,9,10,11,4,12,19,5,6,13,20,27,34,41,48,
630,0,1,8,7,15,22,29,30,23,16,9,10,11,12,5,13,20,27,
631,0,7,8,14,1,2,9,16,3,10,11,4,
632,0,1,7,8,9,10,11,18,19,12,13,20,27,6,
633,0,1,8,9,16,17,18,11,12,13,6,20,27,34,19,24,25,26,
634,0,7,8,9,2,1,14,21,28,35,42,
635,0,1,8,9,10,11,18,25,19,12,13,6,5,3,2,7,
636,0,7,8,9,16,23,10,17,11,12,13,6,5,4,
637,0,7,8,9,16,23,1,2,10,11,18,4,25,17,
638,0,1,8,9,16,15,17,10,24,25,18,19,23,30,
639,0,1,7,8,2,3,4,5,11,10,9,12,13,19,20,
640,0,7,8,14,15,16,23,17,18,11,4,5,6,13,12,20,27,
641,0,1,8,9,16,10,11,12,13,6,5,19,20,27,
642,0,1,2,3,10,11,12,13,5,4,6,19,
643,0,1,7,8,14,15,16,2,3,4,5,6,12,13,
644,0,1,8,2,9,7,14,21,
645,0,7,14,15,16,23,9,8,10,3,4,11,12,13,20,27,26,19,33,32,25,18,
646,0,7,8,9,2,3,10,1,14,15,16,23,24,17,11,
647,0,1,7,8,14,15,16,17,24,25,32,31,23,10,11,12,13,
648,0,7,8,15,16,17,10,11,12,5,13,20,27,34,33,26,19,18,
649,0,1,2,8,15,16,23,9,10,17,11,18,25,26,27,20,
650,0,7,8,1,9,16,17,10,11,12,13,6,5,19,
651,0,7,8,9,10,11,12,13,6,19,20,18,26,
652,0,7,8,9,15,16,1,14,21,22,23,30,37,38,31,24,29,
653,0,7,8,1,2,15,9,16,10,3,11,12,18,25,17,
654,0,7,1,2,9,8,10,11,12,13,6,5,
655,0,1,2,3,10,11,4,18,17,16,23,9,12,19,13,6,5,
656,0,7,8,15,16,17,10,11,12,13,20,27,26,19,6,5,4,
657,0,1,7,8,9,16,10,11,12,13,20,27,19,
658,0,7,14,15,16,9,10,2,3,1,8,
659,0,1,7,8,9,10,11,12,18,17,19,20,26,33,27,
660,0,1,7,14,15,16,17,24,10,11,9,3,4,2,
661,0,7,14,15,16,9,2,1,3,8,10,11,12,5,4,19,13,6,
662,0,1,8,9,10,11,18,12,19,26,33,27,20,13,6,5,
663,0,7,8,9,16,17,24,25,31,23,2,3,10,11,4,5,6,13,
664,0,7,8,9,10,11,12,13,5,6,20,
665,0,7,14,15,16,17,24,31,32,25,23,30,37,36,29,22,21,28,
666,0,1,7,14,15,22,23,16,17,9,30,29,36,28,35,42,
667,0,1,2,8,7,9,16,23,24,17,10,11,12,15,14,
668,0,7,14,8,9,10,3,11,4,5,12,13,20,19,18,25,17,
669,0,1,2,3,10,17,18,19,12,11,9,25,
670,0,1,8,2,3,10,11,4,9,16,17,18,24,23,
671,0,7,14,8,9,10,11,17,12,13,20,19,6,5,4,
672,0,7,8,15,16,9,10,3,2,14,11,4,5,12,
673,0,7,8,15,14,16,9,2,10,3,4,11,18,19,26,27,34,33,25,17,
674,0,7,8,14,21,22,15,16,9,10,11,12,13,20,19,27,26,
675,0,1,8,9,2,15,16,22,23,29,
676,0,7,14,8,1,2,3,10,17,18,11,12,19,26,27,20,
677,0,1,2,9,10,3,4,11,12,13,6,5,20,19,18,17,
678,0,7,8,1,2,9,
679,0,1,8,9,10,11,12,19,13,6,5,4,3,2,
680,0,1,2,9,10,11,12,13,6,5,19,20,4,18,
681,0,7,14,15,8,22,29,28,21,35,42,43,44,37,38,39,40,33,
682,0,1,7,14,21,22,15,16,17,10,11,12,13,6,
683,0,7,14,15,16,9,23,10,11,12,19,13,6,20,27,34,41,40,33,26,
684,0,7,14,21,22,28,29,30,23,16,9,8,15,17,24,
685,0,1,7,8,14,15,16,9,10,2,
686,0,1,8,15,16,9,10,17,18,25,24,11,19,20,27,34,33,40,41,
687,0,1,8,9,10,17,16,15,7,14,11,12,13,18,4,5,3,2,
688,0,1,8,15,16,17,10,24,18,11,12,13,19,25,26,27,20,5,6,
689,0,1,8,2,7,14,15,22,23,16,9,10,17,3,4,11,18,
690,0,1,7,8,9,10,17,11,12,13,20,19,5,6,27,
691,0,1,2,3,8,9,10,11,18,17,12,19,25,13,6,5,
692,0,7,8,15,16,17,10,11,12,13,20,27,19,5,4,3,2,9,1,
693,0,7,8,9,16,15,14,21,28,1,2,10,11,4,3,12,19,
694,0,7,8,15,1,14,16,22,21,23,29,36,37,44,43,
695,0,7,14,1,15,16,9,8,10,11,12,3,2,
696,0,7,14,8,15,16,23,9,1,2,10,17,11,12,13,20,19,
697,0,7,8,9,10,17,24,3,4,5,12,11,13,20,19,27,26,
698,0,1,7,14,8,15,9,2,3,4,10,
699,0,1,8,15,9,10,2,3,4,7,
700,0,1,8,15,16,9,10,11,4,5,6,13,12,
701,0,1,8,9,16,2,3,4,5,6,12,11,18,19,
702,0,1,7,14,15,16,9,8,10,11,4,12,13,20,19,26,27,6,5,
703,0,1,2,3,7,8,14,9,16,15,10,
704,0,1,7,14,21,22,23,24,25,32,31,18,26,33,19,12,5,4,
705,0,7,8,14,1,2,9,10,3,16,4,5,6,13,
706,0,7,8,9,2,1,14,15,22,29,28,21,30,31,24,23,17,10,3,
707,0,1,8,15,14,21,22,23,9,16,17,18,10,24,31,32,25,11,
708,0,7,14,21,15,16,9,2,3,4,11,12,13,6,5,20,27,26,33,25,24,32,39,
709,0,1,8,7,14,15,16,23,9,2,10,11,4,3,
710,0,1,8,9,7,16,10,11,12,19,13,6,5,20,26,18,17,24,25,27,
711,0,1,2,3,10,11,12,19,13,6,18,20,
712,0,7,8,9,10,11,12,19,13,20,27,5,6,
713,0,1,7,14,15,16,9,10,11,18,12,13,4,5,6,20,27,34,
714,0,7,8,9,16,23,15,10,2,3,4,5,
715,0,1,2,3,10,4,5,12,13,6,19,18,25,26,
716,0,7,8,9,10,16,15,2,3,4,11,12,18,19,20,13,
717,0,7,1,2,3,4,10,11,12,13,6,20,27,26,34,41,40,
718,0,1,2,3,9,8,10,17,18,11,12,5,4,16,
719,0,7,8,1,2,9,3,10,17,11,12,19,5,6,13,20,
720,0,7,1,8,9,10,16,15,14,2,
721,0,7,8,9,10,17,11,18,3,4,5,
722,0,1,2,7,8,9,15,
723,0,1,2,9,10,17,18,25,26,19,12,13,20,27,24,31,38,37,30,23,
724,0,7,8,1,9,16,10,11,12,5,4,3,18,25,
725,0,1,8,15,16,22,21,14,23,7,29,30,9,
726,0,7,14,15,16,23,9,10,3,4,5,6,12,13,20,27,26,33,40,32,25,
727,0,7,8,15,16,9,10,11,18,17,24,25,31,30,23,14,
728,0,7,14,8,9,1,2,10,3,11,
729,0,1,2,9,16,8,7,14,3,10,11,4,12,13,6,
730,0,7,1,8,9,10,11,12,13,20,19,27,26,25,18,17,
731,0,1,8,9,16,15,14,7,2,3,10,4,11,
732,0,7,14,8,9,10,17,11,18,12,13,19,26,5,6,
733,0,1,2,8,9,10,11,12,13,20,27,26,19,18,
734,0,7,8,1,2,9,10,11,4,12,13,19,
735,0,1,7,14,8,9,15,21,2,
736,0,7,8,9,16,17,24,31,38,39,32,33,34,41,27,26,19,48,
737,0,1,2,3,4,5,6,13,20,19,27,34,33,26,12,
738,0,7,14,15,16,9,10,2,11,12,13,20,19,18,
739,0,1,2,9,8,10,11,18,12,13,6,5,
740,0,7,1,2,9,8,15,16,10,17,3,
741,0,1,8,2,9,10,11,17,12,19,26,20,27,25,32,39,33,
742,0,7,8,9,16,10,3,17,18,11,12,13,20,27,26,25,32,19,5,
743,0,7,14,15,8,1,22,29,23,24,25,32,31,17,
744,0,7,14,15,8,9,16,17,18,11,12,13,20,19,24,10,
745,0,7,14,15,21,28,29,30,35,36,22,23,16,9,10,17,11,4,18,25,24,
746,0,1,2,9,8,10,17,11,12,13,20,27,34,33,32,25,18,26,
747,0,7,1,8,9,10,11,12,13,4,20,5,6,3,18,
748,0,1,8,9,16,10,11,12,13,6,20,27,34,41,48,
749,0,7,8,15,22,21,28,29,30,37,44,43,45,46,39,38,31,42,36,
750,0,1,2,3,10,11,18,12,13,6,20,27,19,5,4,
751,0,7,8,1,9,10,11,12,5,13,20,19,26,25,18,
752,0,1,8,9,2,15,16,3,4,10,17,18,11,
753,0,1,8,9,2,10,17,24,25,18,3,23,22,30,
754,0,1,2,9,10,11,4,3,8,7,14,15,16,
755,0,1,2,9,8,10,11,12,18,16,23,22,29,30,37,31,24,17,
756,0,1,8,2,9,10,11,12,5,6,4,13,19,
757,0,1,2,8,9,3,10,7,15,14,21,22,23,16,
758,0,7,14,8,9,10,11,18,12,5,6,19,13,
759,0,7,1,8,2,3,4,11,12,5,13,19,18,10,17,
760,0,7,14,15,22,23,16,17,10,11,18,4,3,2,9,8,12,13,
761,0,7,8,1,2,9,16,23,10,11,12,4,13,20,27,34,33,
762,0,7,14,21,15,22,23,29,28,8,1,9,10,
763,0,1,7,8,9,2,3,10,11,12,13,6,5,
764,0,7,14,1,8,9,10,17,11,18,25,26,33,19,12,13,20,5,
765,0,7,8,14,9,10,11,12,4,3,2,17,16,15,22,18,25,26,27,
766,0,1,8,9,2,10,11,18,3,7,14,21,22,23,24,17,16,
767,0,7,8,1,15,16,23,22,14,2,3,10,17,9,
768,0,7,8,9,10,11,4,5,12,13,20,6,19,18,27,34,41,40,47,46,
769,0,7,8,9,10,17,11,12,19,26,27,34,20,13,33,40,41,
770,0,7,8,15,16,23,9,10,3,11,4,17,18,25,
771,0,1,2,8,15,16,23,24,17,10,11,4,12,13,6,5,
772,0,1,2,3,10,11,12,13,20,19,27,34,41,40,33,26,
773,0,1,2,9,10,3,4,11,18,19,12,13,6,5,
774,0,1,2,9,10,3,4,11,12,13,6,19,20,27,26,33,34,41,
775,0,1,8,7,9,2,16,15,10,3,4,5,12,19,13,6,
776,0,7,14,15,22,29,36,37,30,23,16,9,8,2,1,21,
777,0,1,7,14,21,28,22,23,30,31,38,32,39,46,45,24,16,
778,0,7,8,1,14,21,22,15,16,9,23,10,3,11,12,19,13,
779,0,7,8,15,9,2,16,10,11,12,19,18,4,13,
780,0,1,2,8,9,10,11,12,13,19,18,6,5,20,
781,0,7,8,9,2,3,4,11,12,5,10,17,16,
782,0,7,8,1,2,3,10,11,12,13,20,27,34,33,26,25,18,19,
783,0,7,14,21,15,28,22,23,16,9,8,29,36,37,30,
784,0,1,2,8,7,14,21,22,23,16,9,
785,0,7,8,1,15,22,21,14,16,23,9,2,3,10,11,12,13,
786,0,7,1,2,9,10,11,12,18,25,19,26,20,27,34,33,13,
787,0,7,8,9,10,11,12,18,25,4,3,5,2,
788,0,1,2,8,9,3,4,16,15,23,10,11,12,13,20,27,
789,0,7,14,8,9,15,10,11,18,25,24,17,16,2,1,3,4,
790,0,7,14,8,9,16,10,17,3,4,11,12,19,20,13,
791,0,7,14,15,16,9,10,11,12,13,20,6,5,19,27,26,
792,0,1,8,9,10,11,18,25,24,17,12,5,4,16,15,14,21,28,29,36,30,
793,0,7,8,9,10,16,15,2,1,11,4,3,
794,0,7,14,1,8,9,16,15,2,3,10,11,
795,0,7,14,21,15,22,23,30,31,24,17,10,11,12,13,6,20,19,
796,0,7,14,15,16,9,2,3,10,11,12,5,13,20,19,26,27,33,34,41,48,
797,0,1,8,9,16,17,10,18,19,25,32,33,39,38,37,30,29,36,44,
798,0,1,2,3,4,11,12,5,18,17,10,16,9,8,
799,0,1,8,15,16,9,10,11,18,25,19,26,12,13,6,17,3,2,
800,0,1,2,9,3,4,5,6,12,11,18,13,19,20,
801,0,7,8,9,10,11,12,19,20,13,27,34,41,33,26,
802,0,7,14,1,8,15,16,9,10,11,12,13,6,5,4,3,
803,0,7,8,15,14,16,17,1,2,9,10,11,18,25,26,33,32,39,
804,0,1,8,2,9,10,3,4,5,12,13,20,11,
805,0,7,8,9,15,22,23,16,17,24,10,11,12,19,18,20,27,26,
806,0,7,14,15,21,28,29,30,23,16,9,2,1,
807,0,7,8,9,16,15,14,21,28,29,30,23,22,10,11,12,13,20,19,
808,0,7,8,1,9,2,15,22,29,30,23,16,10,11,4,3,5,
809,0,7,14,15,22,23,30,16,9,10,21,
810,0,1,8,9,15,22,23,21,28,29,36,37,30,16,
811,0,7,8,1,2,9,10,17,11,12,13,19,26,27,18,5,20,34,33,
812,0,7,14,15,8,9,2,3,4,11,10,17,24,31,32,25,18,19,12,13,20,27,
813,0,1,8,9,10,11,18,17,3,2,4,5,6,12,13,
814,0,1,8,9,10,17,11,12,13,6,20,5,4,
815,0,7,14,15,16,9,8,1,2,21,22,23,17,10,3,4,11,12,5,
816,0,7,8,9,2,10,11,4,12,19,20,13,5,6,
817,0,1,2,9,8,7,14,21,28,29,36,35,42,43,
818,0,1,2,9,8,10,17,16,15,14,7,11,18,19,20,
819,0,1,8,2,9,16,15,10,3,7,14,21,22,
820,0,7,14,15,21,22,29,23,30,31,38,
821,0,7,1,2,3,4,5,6,12,19,10,17,11,13,
822,0,7,14,15,21,16,9,23,30,10,11,4,5,6,13,20,27,
823,0,1,8,7,14,15,22,23,24,17,10,11,
824,0,7,14,15,22,21,23,16,9,17,10,11,12,13,20,6,19,
825,0,7,8,15,16,9,10,1,23,11,12,13,20,27,34,
826,0,1,7,14,15,16,23,17,10,24,25,18,22,30,9,2,
827,0,7,8,9,2,1,14,21,28,35,42,43,44,45,38,37,39,32,25,
828,0,7,8,9,10,17,24,16,23,11,4,5,12,13,6,
829,0,1,2,7,14,21,22,15,23,16,9,10,24,31,
830,0,1,2,9,3,7,8,10,11,12,5,6,19,
831,0,7,8,9,10,11,12,13,20,19,18,25,32,31,24,38,
832,0,1,2,8,9,10,17,11,12,13,6,5,4,3,
833,0,7,8,9,10,11,12,13,6,5,4,3,
834,0,7,8,9,2,1,3,4,10,14,21,28,22,23,16,15,
835,0,7,14,21,15,16,9,23,24,17,10,11,12,18,3,2,
836,0,1,8,7,14,21,22,29,30,23,16,17,10,11,12,5,6,4,3,
837,0,7,8,15,22,23,30,37,24,17,10,3,4,11,12,13,6,5,2,1,
838,0,7,8,9,2,1,3,10,17,18,19,20,13,12,6,
839,0,7,8,1,2,9,10,3,4,5,6,13,12,19,
840,0,1,8,7,9,2,14,21,22,23,29,24,30,37,36,
841,0,1,8,9,16,10,3,4,11,12,13,6,5,19,26,
842,0,7,8,14,15,1,2,3,10,11,12,13,6,5,4,
843,0,7,14,21,15,16,23,22,29,24,31,30,9,10,3,4,11,
844,0,7,1,2,3,10,17,18,11,12,13,6,5,19,20,
845,0,1,7,14,15,22,23,24,31,32,39,40,46,25,18,17,
846,0,7,14,8,15,1,9,10,3,2,
847,0,7,14,21,22,29,30,23,31,32,24,17,16,9,10,11,
848,0,1,8,9,2,3,10,17,24,31,38,39,46,47,48,
849,0,1,8,9,2,3,4,11,12,19,18,25,26,33,13,
850,0,7,14,21,15,16,23,24,31,30,29,36,43,44,37,45,38,9,
851,0,7,8,15,16,17,10,11,12,18,4,5,19,26,27,
852,0,7,1,2,9,10,17,24,31,32,16,11,4,3,18,19,20,
853,0,1,2,8,9,10,11,12,13,6,19,20,27,26,
854,0,1,8,9,10,17,18,25,3,11,12,5,6,13,20,27,
855,0,7,8,1,2,3,10,11,12,19,13,20,27,34,41,40,48,
856,0,7,8,15,9,2,1,3,10,11,12,13,6,
857,0,1,2,9,16,17,18,11,12,13,20,27,19,5,6,
858,0,7,14,15,16,17,10,9,11,12,19,13,6,5,
859,0,7,14,21,8,9,1,15,16,10,11,12,13,20,27,26,19,18,17,25,24,
860,0,1,2,3,4,11,18,17,10,12,13,6,5,
861,0,1,8,7,2,9,15,22,23,16,
862,0,7,8,9,2,1,14,10,
863,0,7,14,21,8,9,10,17,18,11,12,13,20,5,4,3,
864,0,1,8,15,9,10,17,11,12,19,13,20,27,26,25,24,18,
865,0,7,14,21,15,22,8,9,10,11,2,3,4,12,13,
866,0,7,8,1,15,14,22,23,16,24,25,18,11,17,9,
867,0,1,2,3,10,11,4,12,19,18,13,20,25,
868,0,1,8,9,2,3,4,11,12,13,6,10,18,17,
869,0,7,8,9,10,17,16,23,22,15,11,12,14,21,
870,0,1,2,3,7,14,8,10,17,11,
871,0,1,2,3,10,11,17,16,9,24,23,22,29,30,25,26,19,12,13,6,
872,0,7,1,2,3,10,11,4,5,6,13,12,19,20,27,
873,0,1,2,8,9,7,14,21,28,35,29,30,31,32,39,33,25,24,17,
874,0,7,14,15,22,21,28,35,36,29,30,31,38,24,23,16,9,10,11,18,
875,0,1,8,9,7,14,15,16,10,11,4,5,6,13,12,20,19,3,
876,0,1,2,7,8,9,16,23,24,17,10,3,11,4,
877,0,7,8,15,16,9,10,11,18,12,19,5,6,13,20,27,34,
878,0,1,8,7,2,14,15,16,9,
879,0,1,2,9,10,17,18,19,20,11,12,5,6,13,27,26,25,24,16,23,
880,0,1,7,8,15,16,23,9,10,3,4,11,12,19,13,20,27,
881,0,1,2,7,14,8,9,10,11,18,12,19,26,33,27,
882,0,7,8,1,9,2,10,11,3,4,12,19,13,
883,0,7,8,14,21,28,35,36,1,22,29,30,
884,0,1,2,7,14,15,8,9,10,16,3,4,5,12,13,
885,0,1,7,8,9,2,10,11,12,19,20,27,26,33,5,4,
886,0,7,1,8,15,14,22,23,24,30,29,28,21,
887,0,1,2,9,10,11,12,13,6,5,19,26,25,18,4,3,
888,0,1,2,9,8,3,10,17,11,12,13,6,5,4,
889,0,7,8,15,16,23,9,2,3,10,17,18,19,12,13,20,6,5,
890,0,7,1,14,21,22,23,16,9,8,10,3,2,4,11,12,13,6,5,
891,0,1,8,9,10,17,24,16,11,18,15,
892,0,1,8,15,14,16,23,24,17,25,18,26,19,12,11,13,5,
893,0,1,8,15,16,23,30,24,31,17,29,22,9,10,18,11,12,13,
894,0,7,8,9,14,21,28,29,30,23,22,15,31,38,39,32,33,26,
895,0,7,14,8,1,9,10,17,2,16,18,11,12,13,6,
896,0,7,14,21,28,29,30,23,22,16,17,10,3,4,11,12,5,13,20,19,
897,0,7,8,9,16,10,17,18,11,12,13,19,
898,0,1,2,9,10,3,17,11,12,13,
899,0,1,8,15,14,21,22,29,36,35,37,38,31,30,23,16,17,10,11,12,5,4,6,13,20,27,
900,0,7,8,1,2,9,10,17,16,15,11,12,13,18,
901,0,7,14,15,21,22,16,23,30,17,10,3,2,1,9,8,11,
902,0,1,2,3,4,5,10,9,8,16,17,
903,0,7,14,15,16,17,9,10,11,12,18,19,13,5,6,20,27,26,
904,0,7,14,21,22,29,28,36,30,31,24,23,37,38,39,32,17,10,11,
905,0,7,14,15,16,23,9,10,17,11,4,12,13,6,20,27,26,
906,0,1,2,3,4,11,18,17,10,12,13,6,5,20,
907,0,7,8,9,2,3,4,11,12,19,18,17,10,13,6,5,
908,0,1,8,7,14,15,16,9,2,3,
909,0,7,14,15,21,28,35,42,43,44,45,37,38,
910,0,7,8,9,10,11,12,19,13,20,5,
911,0,1,2,3,10,11,4,12,19,26,25,18,24,17,
912,0,1,2,7,8,15,9,10,11,18,25,24,17,16,23,22,29,36,43,
913,0,7,8,1,2,3,10,17,18,19,26,33,40,39,32,31,24,23,16,9,11,12,13,
914,0,1,7,2,8,15,16,9,10,11,18,25,17,4,3,
915,0,7,8,14,15,16,23,22,9,1,10,3,4,11,12,
916,0,1,7,14,15,16,17,18,19,12,25,24,10,11,
917,0,1,8,7,14,15,16,9,10,11,12,5,4,3,2,13,20,27,19,
918,0,1,8,9,10,17,11,18,24,4,3,25,
919,0,1,7,8,9,10,11,3,16,23,
920,0,7,1,2,3,4,11,12,13,6,5,20,27,26,33,40,39,38,31,30,24,25,18,19,
921,0,1,7,8,2,3,4,11,10,9,12,13,
922,0,7,1,8,9,10,16,11,18,25,24,17,12,13,
923,0,7,14,15,21,16,9,23,17,18,25,32,39,33,34,41,
924,0,1,8,9,16,10,11,12,19,18,5,6,13,20,26,27,
925,0,1,8,15,22,21,28,14,7,23,30,24,17,16,9,10,11,12,19,
926,0,1,8,9,2,3,4,5,6,13,12,20,27,19,
927,0,1,8,9,16,15,14,21,28,17,10,11,4,5,6,13,
928,0,7,8,9,16,15,14,22,23,21,1,2,
929,0,7,14,15,22,23,30,31,32,25,24,38,39,37,44,45,46,47,
930,0,7,1,8,2,3,4,5,12,19,20,27,13,18,25,11,
931,0,7,8,15,16,9,2,10,3,4,11,12,5,6,13,20,19,27,26,33,32,25,
932,0,1,8,9,10,11,4,5,6,12,13,19,26,27,34,20,
933,0,7,14,21,28,22,23,16,17,9,2,10,11,12,13,6,5,
934,0,1,2,8,7,14,21,9,10,11,12,5,4,3,6,
935,0,1,2,8,9,10,11,12,5,6,13,20,4,3,
936,0,7,8,1,9,10,17,18,11,4,12,13,20,19,
937,0,7,8,1,2,3,9,10,16,15,
938,0,7,14,21,28,29,30,37,44,45,38,39,40,47,48,
939,0,7,1,8,15,16,17,10,11,4,9,22,21,14,23,18,
940,0,7,14,1,2,8,9,10,11,18,25,24,31,30,23,16,15,22,
941,0,7,8,15,22,21,16,28,29,30,37,38,44,45,46,47,40,33,41,34,
942,0,7,14,1,8,9,10,11,18,25,19,20,13,12,5,6,4,3,
943,0,7,8,9,2,3,4,5,6,13,20,12,19,26,11,10,
944,0,7,1,2,9,3,10,11,12,13,20,19,18,17,5,6,
945,0,7,14,21,22,15,23,30,16,9,28,35,29,
946,0,7,8,9,10,3,4,11,12,13,6,20,5,27,26,
947,0,7,14,15,8,16,9,10,11,18,25,19,20,12,13,5,6,
948,0,7,8,9,16,10,11,12,13,6,5,4,3,
949,0,7,8,15,16,17,10,11,12,13,6,5,4,
950,0,7,14,21,15,16,9,10,11,12,19,5,13,20,18,25,24,17,
951,0,1,8,9,10,11,18,12,13,20,27,19,34,33,32,25,
952,0,7,14,21,22,23,30,37,36,43,42,35,28,29,44,31,24,
953,0,1,7,8,9,10,17,24,25,32,33,26,19,12,5,4,11,13,20,
954,0,1,2,3,9,8,10,11,12,13,6,5,4,18,
955,0,7,8,1,14,15,16,23,24,17,18,11,10,12,5,13,6,20,19,
956,0,1,8,15,16,17,10,3,9,11,12,13,6,
957,0,7,14,21,28,22,23,16,9,2,3,10,11,4,12,13,6,5,
958,0,7,1,8,14,21,22,28,29,30,31,24,17,18,10,11,4,5,12,13,
959,0,1,2,9,10,3,4,5,6,13,20,12,11,17,
960,0,1,7,14,21,8,9,2,3,4,5,6,13,20,12,19,
961,0,7,14,15,16,23,30,37,36,43,44,45,35,28,31,38,
962,0,7,14,15,22,8,16,17,10,11,18,25,12,19,26,20,13,
963,0,1,8,7,9,10,11,12,19,13,20,2,
964,0,7,14,15,16,9,8,23,17,10,3,2,1,4,
965,0,7,1,2,8,14,21,28,29,35,30,37,36,44,45,
966,0,1,2,3,4,11,12,13,20,27,6,26,34,33,
967,0,7,8,1,9,2,3,4,11,12,5,6,13,19,18,
968,0,1,8,2,9,10,17,16,23,18,19,11,12,13,5,4,
969,0,7,8,1,15,22,23,24,17,31,32,25,26,19,18,11,12,
970,0,7,14,15,16,9,8,21,2,1,
971,0,1,7,8,15,9,10,3,4,2,
972,0,1,8,9,16,17,10,24,31,38,45,44,43,37,39,25,32,26,18,19,
973,0,7,14,8,9,16,17,18,11,12,13,6,5,4,20,27,
974,0,7,14,8,9,1,10,11,12,5,4,13,6,20,
975,0,7,1,14,15,16,9,10,3,2,8,
976,0,7,8,9,2,10,11,18,17,16,4,5,19,
977,0,7,8,9,16,23,22,15,17,24,25,18,11,
978,0,1,2,9,10,11,18,25,26,27,20,13,12,6,5,19,
979,0,1,7,14,8,15,9,10,17,11,12,19,13,20,5,4,
980,0,1,8,9,10,11,12,13,20,19,27,26,
981,0,7,1,8,9,10,2,15,14,21,22,23,16,
982,0,7,8,15,9,14,10,3,4,11,12,19,26,27,20,
983,0,1,8,15,16,23,22,29,28,30,36,43,42,35,9,
984,0,7,14,15,16,22,23,29,28,36,35,21,9,
985,0,7,14,8,1,2,9,16,10,3,4,5,12,19,18,11,13,6,
986,0,7,14,21,22,23,24,17,10,11,12,13,5,6,20,
987,0,1,2,9,10,11,12,19,20,27,26,13,6,5,4,
988,0,7,14,21,28,35,22,15,16,17,23,29,
989,0,1,8,2,9,10,11,18,25,24,31,17,23,22,21,26,19,
990,0,7,1,2,3,9,8,10,11,12,13,19,18,20,
991,0,7,8,9,10,16,17,11,12,19,20,27,26,34,5,
992,0,1,2,3,10,11,12,13,20,19,18,26,6,5,
993,0,7,1,2,8,3,4,11,12,5,10,9,16,18,25,24,17,19,
994,0,7,8,9,10,17,18,24,25,23,30,29,22,16,15,
995,0,7,8,9,2,3,4,5,11,10,17,18,12,13,6,
996,0,1,8,9,2,10,17,18,11,16,24,23,22,15,
997,0,1,8,15,16,17,24,23,9,10,11,12,13,20,27,34,19,
998,0,1,8,15,16,9,10,17,18,19,20,12,11,24,3,4,
999,0,7,1,2,3,10,11,9,8,16,23,22,15,24,
