0,0,1,2,3,4,5,12,5,4,11,4,5,6,13,12,5,12,5,6,5,4,5,4,5,6,5,4,5,4,3,
1,0,1,2,3,4,5,6,5,12,5,6,13,12,5,4,5,6,5,6,5,6,5,4,11,4,5,4,5,12,5,
2,0,1,0,1,2,3,4,5,12,5,12,5,12,5,6,5,6,5,4,5,12,13,12,5,4,5,6,5,4,5,
3,0,1,2,3,4,5,12,5,12,5,6,13,12,5,12,5,12,5,6,5,12,5,4,5,6,13,12,5,6,5,
4,0,1,8,15,22,29,30,30,30,30,30,30,30,30,30,30,30,30,30,30,30,30,30,30,30,30,30,30,30,29,
5,0,1,2,3,4,5,12,5,6,5,12,5,12,5,4,5,12,5,12,5,4,5,4,5,12,5,4,5,6,5,
6,0,1,2,3,4,5,6,5,6,5,6,5,6,5,6,5,4,5,6,5,12,5,6,5,12,5,6,13,12,19,
7,0,1,2,3,4,3,4,5,12,5,6,5,6,5,4,5,4,5,12,5,12,5,12,5,12,5,12,5,4,5,
8,0,1,2,3,4,5,4,5,12,11,4,5,12,5,6,5,12,5,12,5,4,5,4,5,4,5,4,5,12,5,
9,0,1,2,3,4,5,6,5,12,5,4,5,12,5,4,5,6,5,6,5,12,5,4,5,12,13,20,19,12,5,
10,0,1,2,3,4,5,12,11,4,5,4,5,12,5,6,5,4,5,12,5,12,5,6,5,6,5,12,5,12,5,
11,0,1,2,3,4,5,4,5,12,13,12,5,12,5,6,5,12,5,6,5,12,5,4,5,4,5,4,5,6,5,
12,0,1,2,3,2,3,4,5,6,5,6,5,12,5,12,11,4,5,6,5,12,5,4,5,12,5,12,5,4,5,
13,0,1,2,3,4,5,6,5,12,5,12,5,6,5,4,5,6,5,12,5,12,5,4,5,12,5,12,5,4,3,
14,0,1,8,15,22,29,30,30,30,30,30,30,30,31,30,23,30,30,30,30,30,30,30,30,30,30,23,30,30,29,
15,0,1,2,3,4,5,12,5,12,5,4,5,6,5,12,5,12,5,12,19,12,11,12,5,4,5,4,5,12,5,
16,0,1,2,3,4,5,12,5,6,5,6,5,6,5,4,5,12,5,12,11,4,5,4,5,4,5,4,5,4,5,
17,0,1,2,3,4,5,6,5,6,5,6,5,6,5,4,5,4,5,12,5,4,5,4,5,4,5,4,5,12,5,
18,0,1,2,3,2,3,4,5,12,5,6,5,4,3,4,5,4,5,12,5,4,5,4,5,12,19,12,5,4,5,
19,0,1,2,3,4,11,4,5,4,5,12,5,4,5,6,5,6,5,6,5,4,5,12,5,6,5,6,5,12,5,
20,0,1,0,1,2,3,4,5,6,5,6,5,4,5,6,5,12,5,12,5,6,5,4,5,12,5,6,5,12,5,
21,0,7,14,21,22,29,30,30,30,23,30,30,30,30,23,30,30,30,30,30,30,30,30,30,30,30,30,30,30,30,
22,0,1,2,3,4,5,6,13,12,5,12,5,12,5,4,5,12,5,12,5,6,5,6,5,6,5,6,5,4,5,
23,0,1,2,3,4,5,4,5,12,5,6,5,6,5,4,5,12,5,12,5,6,5,4,5,6,5,6,5,12,5,
24,0,1,2,3,4,5,6,5,6,5,6,5,4,11,4,5,4,5,6,5,4,5,6,5,12,5,12,5,6,5,
25,0,1,2,3,4,5,6,5,6,5,12,5,4,5,4,11,4,5,6,5,12,5,4,5,12,19,12,5,12,5,
26,0,1,2,3,4,5,4,5,6,5,4,5,4,5,6,5,12,5,12,13,12,5,6,5,4,5,12,5,6,5,
27,0,1,2,3,4,5,4,5,4,5,6,5,4,5,6,5,12,5,4,5,6,5,6,5,12,5,12,5,12,5,
28,0,1,2,3,4,5,6,5,4,5,6,5,6,5,6,5,12,5,6,5,12,5,12,5,6,5,6,5,4,5,
29,0,1,8,1,2,3,4,5,12,5,12,5,12,5,6,5,6,5,6,5,4,5,4,5,12,5,4,5,4,5,
30,0,1,8,1,2,3,4,5,12,5,12,5,6,5,6,5,6,5,12,5,12,5,4,5,12,5,6,5,4,5,
31,0,1,2,3,4,5,4,5,4,5,4,5,4,5,12,5,6,5,6,5,6,5,12,5,12,5,6,5,12,5,
32,0,1,2,3,4,5,12,5,6,5,12,5,4,5,4,5,4,5,6,5,4,5,4,5,4,5,12,5,12,5,
33,0,1,2,3,4,5,6,5,6,5,4,5,12,5,6,5,12,5,6,5,4,5,4,5,6,5,4,5,4,5,
34,0,1,2,3,4,5,4,5,12,5,6,5,4,5,6,13,12,5,12,5,4,5,4,5,4,5,12,5,12,5,
35,0,1,2,3,10,3,4,5,6,5,4,5,6,5,4,5,6,5,12,5,6,5,4,5,12,5,4,5,6,5,
36,0,1,2,3,4,5,12,5,4,5,4,5,6,5,6,5,12,5,6,5,4,5,4,5,4,5,6,5,6,5,
37,0,7,14,21,22,29,30,30,30,30,30,30,30,30,30,30,30,30,30,23,30,30,30,30,30,30,30,30,30,30,
38,0,1,2,3,4,5,4,5,12,5,12,5,6,5,12,5,4,5,6,5,6,5,6,5,6,5,6,5,6,5,
39,0,1,2,3,4,5,4,5,4,5,4,5,4,5,6,5,4,5,4,5,4,5,4,5,4,5,6,5,12,5,
40,0,1,2,3,4,5,6,5,12,5,4,5,4,5,4,5,4,5,6,5,12,5,4,5,12,5,4,5,12,5,
41,0,1,2,3,4,11,4,3,4,5,6,13,12,5,12,5,4,5,6,5,12,5,4,11,4,5,6,5,4,5,
42,0,1,2,3,4,5,6,5,4,5,4,5,6,5,12,5,6,13,20,13,12,5,4,5,6,5,6,5,4,5,
43,0,1,2,3,2,3,4,5,6,5,12,5,12,19,12,5,6,5,12,5,6,5,4,11,4,5,12,5,4,5,
44,0,1,2,3,4,5,6,5,6,5,4,3,4,5,4,5,6,5,6,5,12,5,6,5,4,5,6,5,12,5,
45,0,1,0,1,2,1,2,3,4,5,6,5,12,5,4,5,12,5,6,13,12,5,4,5,4,5,12,5,6,5,
46,0,1,2,3,4,5,12,5,6,5,4,5,4,5,12,5,4,5,12,5,6,5,4,5,4,5,6,5,4,5,
47,0,7,14,21,22,29,30,30,30,30,30,31,30,30,30,30,30,30,30,30,30,30,23,30,30,30,30,30,30,30,
48,0,1,2,3,4,5,6,5,4,5,4,5,12,5,4,5,12,5,6,5,4,5,6,13,12,5,6,5,6,5,
49,0,1,2,3,10,3,10,3,4,5,4,5,12,19,12,5,4,5,12,5,12,5,6,5,4,5,4,5,4,5,
50,0,1,2,3,4,5,12,5,6,5,6,5,4,5,6,5,6,5,4,5,4,5,12,13,12,5,6,5,4,11,
51,0,1,2,3,10,3,10,3,4,5,4,5,4,5,12,11,4,5,12,5,6,5,4,5,4,5,4,5,4,5,
52,0,1,2,3,4,5,4,3,4,5,12,5,12,5,6,5,12,5,6,5,4,5,4,5,4,5,6,5,4,5,
53,0,1,2,3,4,5,6,5,6,5,12,5,4,5,6,5,6,5,6,5,4,5,4,5,6,5,12,5,12,5,
54,0,1,2,3,4,5,6,5,6,5,6,5,6,5,6,5,12,5,6,5,12,5,6,5,4,5,12,5,6,5,
55,0,7,14,21,22,29,30,30,30,30,30,30,23,30,30,30,30,30,30,30,31,30,30,30,30,30,30,37,30,37,
56,0,1,2,3,4,5,6,5,12,5,12,5,4,5,6,5,12,5,6,5,6,5,4,11,4,5,4,5,12,5,
57,0,1,2,3,4,3,4,5,4,5,12,5,4,3,4,5,6,5,6,5,12,5,4,5,4,5,4,3,4,5,
58,0,1,2,3,4,5,12,5,4,5,12,5,12,5,12,5,12,5,6,5,4,5,6,5,12,5,4,5,4,5,
59,0,1,2,3,4,5,12,5,12,5,4,5,12,5,4,5,4,5,12,5,4,5,4,5,6,5,4,5,6,5,
60,0,1,2,3,4,5,4,5,4,5,12,5,12,5,4,5,4,5,4,5,4,5,4,5,12,19,12,5,6,5,
61,0,1,2,9,2,3,4,3,4,5,12,5,12,5,4,5,6,5,6,5,6,5,4,5,6,5,4,5,6,5,
62,0,1,2,3,4,5,4,3,4,5,12,5,4,5,4,5,4,5,4,5,12,5,4,5,4,5,6,5,4,5,
63,0,1,2,3,10,11,4,5,4,5,6,5,4,5,4,5,12,5,12,5,12,5,4,5,6,5,6,5,4,5,
64,0,1,2,3,4,5,4,5,6,5,6,5,12,5,12,5,6,5,4,5,4,5,6,5,4,5,4,5,12,5,
65,0,1,2,3,4,5,12,5,6,13,12,5,12,5,4,5,12,5,12,5,6,5,12,5,4,5,4,5,6,5,
66,0,1,2,3,4,5,12,5,4,5,12,11,18,11,4,5,4,5,4,5,12,5,4,5,12,5,12,5,4,5,
67,0,1,2,3,4,5,12,5,12,5,4,5,4,5,12,5,4,5,12,5,4,5,12,5,4,5,6,5,12,5,
68,0,1,2,3,4,5,6,5,6,5,4,5,4,5,4,5,4,5,12,5,6,5,12,5,12,5,6,5,12,5,
69,0,1,2,1,2,3,4,5,12,5,12,5,12,5,12,5,6,13,12,5,4,5,12,5,6,5,4,5,6,5,
70,0,1,2,3,4,3,4,5,4,5,4,11,4,5,12,5,4,5,12,5,4,5,6,13,12,5,4,5,12,5,
71,0,1,2,9,2,3,4,5,12,5,6,5,12,5,12,5,6,5,4,5,6,5,4,5,6,5,4,5,4,5,
72,0,1,2,3,4,5,6,5,4,5,12,13,12,5,4,3,4,5,12,5,12,5,6,5,6,5,4,5,4,5,
73,0,1,2,3,4,5,12,5,6,5,6,5,12,5,4,3,4,5,12,5,6,5,4,5,12,5,4,5,6,5,
74,0,1,2,3,4,5,4,5,12,19,12,5,4,5,12,5,4,5,4,3,4,5,12,5,4,5,12,5,12,5,
75,0,1,2,3,4,5,4,5,12,5,6,5,12,5,12,5,4,5,6,5,12,5,12,5,4,5,4,5,4,5,
76,0,1,2,3,4,5,6,5,4,11,4,5,6,5,4,5,4,5,6,5,4,5,4,5,4,5,4,5,12,5,
77,0,1,2,3,4,5,12,5,6,5,4,11,4,5,4,5,6,5,12,5,6,5,6,5,12,5,12,5,6,5,
78,0,1,2,3,4,5,12,5,4,11,4,5,6,5,6,5,4,5,4,5,12,5,4,5,4,3,4,5,6,5,
79,0,1,0,1,2,3,4,5,6,5,6,13,12,5,12,13,12,5,6,5,4,5,12,5,6,5,12,5,4,5,
80,0,1,2,3,4,5,6,5,12,5,12,5,6,5,4,5,12,19,12,5,4,5,6,5,12,5,4,5,4,5,
81,0,1,2,3,10,11,4,5,4,5,6,5,12,5,12,5,4,5,12,5,6,5,12,5,6,5,4,5,6,5,
82,0,1,2,3,4,5,4,5,12,5,4,5,4,5,4,5,12,5,4,5,4,5,6,5,6,5,12,5,12,5,
83,0,1,2,3,4,3,4,5,6,5,6,5,4,5,6,5,4,5,6,5,6,5,12,5,6,5,12,5,12,5,
84,0,1,2,3,4,5,6,5,6,5,4,5,4,5,12,5,6,5,4,5,6,5,4,5,12,5,6,5,12,5,
85,0,1,2,3,4,5,12,5,4,5,6,5,12,5,6,5,4,5,6,5,12,5,6,5,12,5,4,5,6,5,
86,0,1,2,3,4,5,6,5,4,5,4,5,6,13,12,5,6,5,12,5,4,5,4,5,12,5,4,5,6,5,
87,0,1,2,3,4,5,4,5,6,13,12,5,4,5,12,5,12,5,6,5,12,5,6,5,12,5,6,13,12,5,
88,0,1,2,3,4,5,4,11,4,5,4,5,4,5,4,5,6,5,4,5,6,5,6,5,6,5,6,5,4,5,
89,0,7,14,15,16,23,30,30,37,30,30,30,30,30,30,30,30,30,30,30,30,30,30,29,30,30,30,30,37,30,
90,0,1,2,3,4,3,4,5,4,5,6,5,4,5,4,5,4,5,12,5,6,5,4,5,6,5,12,5,6,5,
91,0,1,2,3,4,5,12,5,12,5,4,5,12,5,6,5,12,5,6,5,6,5,12,5,12,5,6,5,6,5,
92,0,1,2,3,4,3,4,5,12,5,4,5,4,5,6,5,4,5,6,5,12,5,4,5,12,5,12,5,12,5,
93,0,1,2,3,4,5,12,5,6,5,6,5,4,5,6,5,12,5,12,5,6,5,4,5,6,5,12,5,12,5,
94,0,1,2,3,4,5,4,11,4,5,6,5,6,5,12,5,4,5,4,5,12,13,12,5,4,3,4,5,6,13,
95,0,1,2,3,2,3,4,5,12,5,12,5,6,13,12,5,6,13,12,5,6,5,12,5,6,5,12,5,4,5,
96,0,1,2,3,4,5,12,5,4,5,6,5,6,5,4,5,4,3,4,5,12,5,12,5,4,5,6,5,6,5,
97,0,1,2,3,4,5,6,5,12,13,12,11,4,5,6,5,4,5,6,5,6,5,6,5,6,5,4,5,4,5,
98,0,1,2,3,4,3,2,3,4,5,6,5,6,5,4,5,4,3,4,5,4,5,12,5,12,5,6,5,4,5,
99,0,7,8,9,10,11,4,5,4,5,12,5,6,5,4,5,6,5,12,5,6,5,4,3,4,5,4,5,6,5,
100,0,7,8,9,10,11,4,5,4,5,12,5,4,5,6,5,4,11,4,5,6,5,4,5,12,5,6,5,6,5,
101,0,1,2,3,4,5,6,5,4,5,4,5,4,5,12,5,12,5,12,5,6,5,12,5,12,5,12,5,6,5,
102,0,1,2,3,4,5,12,5,4,5,4,5,12,5,12,5,6,5,4,5,6,5,6,5,4,5,4,11,4,5,
103,0,1,2,3,4,5,6,5,4,5,6,5,6,13,12,5,6,5,4,5,4,5,12,5,12,5,4,5,6,5,
104,0,1,2,3,4,5,12,19,12,5,6,5,12,5,4,5,12,5,4,5,12,5,12,5,12,5,6,5,6,5,
105,0,1,2,3,4,5,12,5,4,5,12,5,6,5,12,5,6,5,4,11,4,5,4,5,12,5,12,5,6,5,
106,0,1,2,3,4,5,6,5,4,5,4,5,6,5,4,5,6,5,6,5,12,11,4,5,4,11,4,5,4,5,
107,0,1,2,3,4,5,12,5,12,5,6,5,12,5,4,5,4,5,4,5,6,5,4,5,6,5,6,5,6,13,
108,0,1,2,3,4,5,12,5,4,11,4,5,6,5,4,3,4,11,4,5,12,5,4,5,6,5,6,5,12,5,
109,0,1,2,3,4,5,4,5,12,5,12,5,4,5,6,5,6,5,4,5,12,5,6,5,12,19,12,5,6,5,
110,0,1,2,3,4,5,12,5,4,5,4,5,4,5,6,5,12,5,4,5,6,5,4,5,4,5,4,5,4,5,
111,0,1,2,3,2,3,4,5,12,5,12,5,4,5,4,5,6,5,12,5,12,5,4,5,6,5,6,5,6,5,
112,0,1,0,7,8,9,10,11,4,5,12,5,6,5,12,5,12,5,4,5,4,5,4,5,12,5,4,5,6,13,
113,0,1,8,9,10,11,4,5,6,5,4,5,6,5,4,5,12,5,4,5,12,5,4,5,12,5,12,5,6,5,
114,0,1,2,3,4,5,12,5,12,5,4,5,12,19,12,5,12,5,6,5,6,5,12,5,6,5,4,11,4,5,
115,0,1,2,3,4,5,6,5,4,3,10,11,4,5,6,5,6,5,6,5,4,5,6,5,4,5,4,5,12,5,
116,0,1,0,7,8,9,10,11,4,5,12,5,6,5,12,5,12,5,4,5,12,5,4,5,4,5,12,5,6,5,
117,0,1,2,3,4,5,6,5,6,13,12,5,12,5,6,5,4,5,4,5,12,5,12,5,4,5,12,5,4,5,
118,0,1,2,3,4,5,4,5,4,5,12,5,12,13,12,5,12,5,4,5,6,5,12,13,12,5,4,5,6,5,
119,0,1,2,3,4,3,4,5,12,19,12,5,4,11,4,5,4,5,6,5,4,5,12,5,6,5,4,5,12,5,
120,0,1,2,3,4,3,4,5,4,5,12,5,12,5,12,5,6,5,6,5,6,5,6,5,4,5,12,5,12,5,
121,0,1,2,3,4,5,6,5,4,5,4,5,4,5,12,5,12,5,6,5,4,5,12,5,4,5,6,5,12,5,
122,0,1,2,3,4,5,12,5,6,5,4,5,12,5,4,5,4,5,12,5,6,5,6,5,12,5,6,5,12,5,
123,0,1,2,3,4,5,6,5,6,5,12,5,12,5,12,5,6,5,12,5,4,5,12,5,4,5,12,5,6,5,
124,0,1,2,3,4,5,12,5,6,5,4,5,12,5,4,5,4,5,12,5,6,5,6,5,6,5,4,5,4,5,
125,0,1,2,3,2,3,4,5,12,5,6,5,12,5,12,5,6,5,4,5,4,5,12,5,6,5,4,5,12,5,
126,0,1,2,3,4,5,12,5,6,5,4,5,6,13,12,11,4,5,4,5,4,11,4,5,6,5,12,5,6,5,
127,0,1,2,3,4,5,6,5,6,5,12,5,6,5,12,5,4,5,4,11,4,5,12,5,6,5,4,5,4,5,
128,0,1,2,3,4,5,12,5,12,5,4,11,4,5,12,5,12,5,12,5,4,5,12,5,4,5,6,5,12,5,
129,0,1,2,3,4,5,6,5,6,5,4,5,12,5,12,5,4,5,4,5,4,5,4,5,6,5,12,11,18,11,
130,0,1,2,3,4,5,6,5,4,5,6,5,12,5,12,5,6,5,4,5,4,5,12,5,12,5,12,5,6,5,
131,0,1,2,3,2,3,4,5,6,5,4,5,12,5,4,3,2,3,4,5,12,11,4,5,4,5,6,5,6,5,
132,0,1,8,9,10,11,4,5,4,5,6,5,12,5,4,5,12,5,6,5,4,5,6,5,6,5,12,13,12,5,
133,0,1,2,3,4,5,12,5,6,5,6,5,4,5,4,5,12,5,12,13,12,5,4,5,4,5,6,5,6,5,
134,0,1,0,1,2,3,4,5,4,5,12,5,12,5,12,5,4,5,4,5,12,5,4,5,6,5,6,13,12,5,
135,0,1,2,3,4,11,4,5,6,5,4,5,12,5,4,5,12,5,6,5,12,5,6,5,12,5,6,5,12,5,
136,0,1,2,3,4,5,12,5,6,5,4,5,12,5,6,5,4,5,4,5,6,5,6,5,6,5,6,5,4,5,
137,0,1,2,3,4,5,6,5,4,5,6,5,12,5,12,5,6,5,12,5,6,5,6,5,4,5,6,5,12,5,
138,0,1,2,3,2,3,4,3,4,5,6,5,6,5,6,5,4,5,6,5,4,5,6,5,12,5,4,5,4,5,
139,0,1,2,3,4,5,12,5,12,5,4,11,4,5,6,5,6,5,12,5,4,5,4,5,12,5,12,11,4,5,
140,0,1,2,3,4,5,12,5,4,5,12,5,12,5,12,5,4,5,12,5,6,5,12,5,6,13,12,5,6,5,
141,0,1,2,3,4,5,12,5,4,5,6,5,12,5,4,5,4,5,6,5,4,5,6,5,12,5,12,5,12,5,
142,0,1,2,3,4,5,12,5,4,5,4,5,4,5,4,5,12,5,4,5,6,5,4,5,4,5,12,5,4,5,
143,0,1,2,3,4,5,12,5,12,5,12,5,4,5,12,5,12,5,4,5,4,5,12,5,6,5,12,5,6,5,
144,0,1,2,3,4,5,6,13,12,5,6,5,12,5,6,5,12,5,12,5,12,5,6,5,12,5,6,5,4,5,
145,0,1,2,3,10,11,4,5,4,5,4,5,12,5,12,5,4,5,4,3,4,5,12,5,4,5,12,5,4,5,
146,0,1,2,3,4,5,4,5,12,5,4,5,6,13,12,5,6,5,6,5,4,5,6,5,4,5,6,5,12,5,
147,0,1,2,3,4,5,4,5,4,5,6,5,6,5,4,5,12,5,12,5,6,5,6,5,12,5,12,5,4,5,
148,0,1,2,3,4,5,6,5,6,5,6,5,12,5,12,5,6,5,6,5,6,5,12,5,4,5,12,5,6,5,
149,0,1,2,3,4,5,6,5,6,5,6,5,4,5,12,5,12,5,12,5,12,5,6,5,4,5,4,5,12,5,
150,0,1,2,3,4,5,6,5,6,13,12,5,4,5,12,5,6,5,12,13,12,5,12,5,12,5,6,5,12,5,
151,0,1,2,3,4,3,4,5,6,13,12,5,4,5,6,5,4,5,4,5,6,5,12,5,12,5,12,5,4,3,
152,0,1,2,3,4,5,6,5,6,5,12,5,6,5,12,5,12,5,12,5,6,5,4,5,12,5,4,5,6,5,
153,0,1,2,3,4,5,4,5,6,5,6,5,6,5,12,5,12,5,6,5,4,5,6,13,12,5,4,5,4,5,
154,0,1,2,3,4,5,4,5,6,5,12,5,12,5,4,5,6,5,4,5,12,19,12,5,4,5,4,5,6,5,
155,0,1,2,3,4,5,6,5,4,3,4,5,6,5,6,5,12,5,6,5,12,5,4,5,6,5,12,5,12,5,
156,0,1,2,3,4,5,12,5,4,5,6,5,4,5,12,5,4,5,12,5,12,5,12,5,4,5,6,5,6,5,
157,0,1,2,3,4,5,12,5,6,5,4,5,12,5,6,5,6,5,4,5,6,5,4,5,4,5,4,5,6,13,
158,0,1,2,3,4,5,12,5,6,5,6,13,12,5,6,5,4,5,6,5,6,5,12,5,6,5,6,5,12,5,
159,0,1,2,1,2,3,4,5,6,5,12,5,6,5,6,13,12,5,4,5,12,5,4,5,6,5,4,5,12,5,
160,0,1,2,3,4,11,4,3,4,3,4,5,4,5,4,5,12,5,6,5,12,5,12,5,12,5,12,5,4,5,
161,0,1,2,3,4,5,12,5,12,5,12,5,12,5,12,5,12,19,12,5,6,5,12,5,4,5,12,5,6,5,
162,0,1,2,3,4,5,12,5,6,5,12,5,12,5,12,5,4,5,4,5,6,5,4,11,4,11,4,5,4,5,
163,0,1,2,3,4,5,4,5,4,5,6,5,6,5,6,5,4,5,4,5,4,5,4,5,6,5,12,13,12,5,
164,0,1,2,3,4,5,6,13,12,5,6,5,4,3,4,5,4,11,4,5,4,5,4,3,4,5,6,5,12,13,
165,0,7,8,9,16,23,30,30,30,30,30,30,30,30,30,30,30,30,30,30,30,30,37,30,30,30,30,30,30,30,
166,0,1,2,3,4,5,4,5,6,5,6,5,4,5,12,5,4,5,6,5,12,5,4,5,6,5,6,5,12,5,
167,0,1,2,3,4,5,12,5,12,5,12,5,4,5,6,5,4,5,4,5,4,5,4,5,6,5,6,5,12,19,
168,0,1,2,3,4,5,4,5,12,5,6,5,4,11,4,5,6,5,6,5,12,5,4,5,4,5,6,13,12,5,
169,0,1,2,3,4,5,6,5,4,5,4,5,6,5,6,5,4,11,4,5,12,5,4,5,12,5,4,5,6,5,
170,0,1,2,3,4,5,12,5,6,5,12,5,4,5,12,5,6,5,6,5,6,5,12,5,4,5,4,5,6,5,
171,0,1,2,3,4,5,12,5,4,5,12,5,4,5,12,5,4,5,4,5,4,5,4,5,4,5,4,5,6,5,
172,0,1,0,1,2,3,4,5,6,5,12,5,12,5,4,5,4,5,4,5,4,5,4,5,6,5,4,5,6,5,
173,0,7,8,9,10,11,4,5,12,5,12,5,6,5,6,5,4,5,4,5,6,5,4,5,12,5,6,5,6,5,
174,0,1,2,3,4,3,4,5,12,5,12,5,6,5,4,5,12,5,4,5,12,5,4,5,4,5,6,5,6,5,
175,0,1,2,3,4,5,6,5,12,5,12,5,6,5,4,5,6,5,12,5,6,5,6,13,12,5,4,5,6,5,
176,0,1,2,3,4,5,4,5,4,5,6,5,4,5,4,5,4,5,4,5,4,5,4,5,4,5,4,5,12,5,
177,0,1,2,3,4,5,12,11,4,5,4,5,4,5,4,5,12,5,4,5,6,5,6,5,6,13,12,5,4,5,
178,0,1,8,9,10,11,4,5,6,5,12,5,6,5,12,5,6,5,4,5,12,5,4,5,6,5,6,13,12,5,
179,0,1,0,1,2,3,4,5,6,13,12,5,4,5,6,5,6,5,6,5,4,5,6,5,4,5,4,5,12,5,
180,0,1,2,3,4,5,12,5,6,5,6,5,4,5,4,5,6,5,4,3,4,5,4,5,6,5,12,5,12,5,
181,0,1,2,3,4,3,4,5,4,5,4,5,12,5,12,5,4,5,4,5,12,5,4,5,4,5,6,5,4,5,
182,0,1,2,3,4,3,4,11,4,5,12,5,12,5,12,5,6,5,6,5,6,5,6,5,6,5,12,5,12,5,
183,0,1,2,3,4,5,4,5,6,5,4,3,4,5,4,5,4,5,6,5,6,5,4,5,4,5,12,5,4,11,
184,0,1,2,3,4,5,4,5,6,5,4,5,4,11,4,5,6,13,12,5,6,5,12,5,6,5,4,5,6,5,
185,0,1,2,3,4,5,6,5,4,5,12,5,12,5,6,5,12,5,6,5,6,5,4,5,4,5,12,5,4,5,
186,0,1,2,9,10,11,4,5,6,5,4,5,4,5,6,5,4,5,12,5,4,5,6,5,12,5,12,5,4,5,
187,0,7,8,9,10,11,4,5,12,11,18,25,18,11,4,5,6,5,4,5,12,5,6,5,4,3,4,5,4,5,
188,0,1,2,3,10,11,4,5,4,3,2,3,4,5,4,5,4,3,4,5,4,5,12,5,6,5,6,5,12,5,
189,0,1,2,3,4,5,4,5,12,5,12,5,4,5,4,5,6,5,6,5,6,5,12,5,6,5,12,5,6,5,
190,0,1,2,3,4,5,6,5,4,5,4,5,4,5,6,5,4,5,12,5,4,5,12,5,12,5,12,5,4,5,
191,0,1,2,3,4,5,4,5,4,5,4,5,12,5,12,19,12,5,12,5,6,13,12,5,12,5,6,13,12,5,
192,0,1,2,3,4,5,12,5,12,5,6,5,12,5,4,5,12,5,4,5,12,5,4,5,4,5,6,5,12,5,
193,0,1,2,3,4,5,4,5,4,5,6,5,4,5,12,5,12,5,6,5,12,5,4,5,12,5,4,5,6,5,
194,0,1,2,3,4,5,12,5,6,5,12,5,6,5,6,5,12,5,12,5,6,5,4,5,4,5,6,5,6,5,
195,0,1,2,3,4,5,6,5,12,5,6,5,4,5,4,5,12,5,6,5,4,5,12,5,12,5,6,5,12,5,
196,0,1,2,3,4,5,12,5,4,5,4,5,6,5,4,5,4,5,6,5,4,5,12,5,4,5,12,5,4,5,
197,0,1,2,3,4,5,6,13,12,5,12,5,12,5,4,5,12,5,4,5,6,5,6,5,12,5,12,5,4,5,
198,0,1,2,3,4,5,12,5,12,5,6,5,12,5,4,5,6,5,6,5,6,5,4,5,4,5,6,5,12,5,
199,0,1,2,3,4,5,12,5,4,5,12,11,4,5,12,5,12,11,4,5,6,5,12,5,12,5,12,5,4,5,
200,0,1,2,3,4,5,4,5,6,5,4,5,4,5,6,5,4,5,4,5,4,5,4,5,4,5,4,5,6,5,
201,0,1,2,3,4,5,6,5,12,5,4,5,12,5,12,5,6,5,12,5,12,5,12,5,6,5,6,5,4,11,
202,0,1,2,1,2,3,4,5,12,5,12,5,12,5,6,5,4,5,4,5,12,5,4,5,4,5,12,5,6,5,
203,0,1,2,3,4,5,6,13,12,5,6,5,4,5,6,5,12,5,12,5,12,5,6,5,12,5,4,5,4,5,
204,0,1,2,3,4,5,4,5,12,5,6,5,12,5,12,5,4,5,6,5,6,5,4,5,4,5,12,5,6,5,
205,0,1,2,3,4,3,4,5,6,5,12,5,4,5,12,5,4,5,12,5,12,5,12,5,12,5,12,19,12,19,
206,0,1,2,3,4,5,12,5,12,5,6,5,12,5,6,13,12,11,4,5,6,5,6,5,4,5,12,5,12,5,
207,0,1,2,3,2,3,4,5,4,5,6,5,6,5,4,3,4,5,4,5,6,5,6,5,6,5,4,5,6,5,
208,0,1,2,3,4,5,12,5,6,5,4,5,6,5,6,5,4,5,12,5,4,5,6,5,12,5,4,5,4,5,
209,0,1,2,3,4,5,4,3,4,5,6,5,6,5,12,5,12,5,6,5,12,5,6,13,6,5,6,5,4,5,
210,0,1,2,3,4,5,12,5,12,5,12,5,4,5,12,5,4,5,4,3,4,5,12,5,12,5,12,5,6,5,
211,0,1,2,3,4,5,6,13,12,11,4,5,12,5,4,5,4,3,4,5,6,5,12,5,4,5,4,5,12,5,
212,0,1,2,3,4,5,4,5,12,5,6,5,4,5,12,5,6,5,12,11,4,5,12,5,12,5,6,5,6,5,
213,0,1,2,3,4,5,6,5,4,5,6,5,4,3,10,9,10,11,4,5,6,5,12,5,4,5,12,5,6,5,
214,0,1,2,1,2,3,4,5,4,3,4,5,4,5,6,5,12,5,4,5,4,5,12,5,6,5,4,5,4,5,
215,0,1,2,3,4,5,4,5,12,5,6,5,12,5,6,5,6,5,6,5,6,5,6,5,12,5,12,5,6,5,
216,0,1,2,3,4,5,12,5,6,5,4,5,6,5,12,5,6,5,12,5,4,5,6,5,6,5,6,5,6,5,
217,0,1,2,3,4,5,6,5,6,5,6,5,4,5,12,5,6,5,4,5,6,5,12,5,12,5,6,5,12,5,
218,0,1,2,3,4,5,12,5,4,5,4,5,4,5,12,5,12,5,4,5,6,5,12,5,6,5,12,5,12,5,
219,0,1,2,3,4,5,4,5,12,5,6,5,12,5,6,5,4,5,6,5,12,5,12,5,4,5,6,5,4,5,
220,0,1,2,3,4,5,12,5,4,11,4,5,12,5,12,11,4,5,4,5,4,5,12,5,12,5,6,5,4,5,
221,0,1,2,3,4,5,6,5,4,5,4,5,12,5,12,5,6,5,4,5,6,5,4,5,6,5,12,5,4,5,
222,0,1,2,3,4,5,4,5,12,5,6,5,6,5,12,5,4,5,6,5,12,5,4,5,4,5,12,5,12,5,
223,0,1,2,1,2,3,4,5,4,5,12,5,12,5,4,5,12,5,6,5,4,5,12,5,6,5,6,5,4,5,
224,0,1,2,3,4,5,12,5,4,5,4,5,4,5,12,5,12,13,12,5,4,5,4,5,12,5,12,5,12,5,
225,0,1,2,3,4,5,6,5,6,5,6,5,12,5,4,5,4,5,4,5,4,5,12,5,12,19,18,11,4,5,
226,0,1,0,1,2,3,4,5,4,5,4,5,4,5,12,5,12,5,6,5,6,5,6,5,12,11,4,5,12,5,
227,0,1,2,3,4,5,6,13,12,5,12,5,12,5,12,5,4,5,6,5,12,5,12,5,6,5,6,5,12,5,
228,0,1,2,3,4,5,4,5,4,5,12,11,4,5,4,5,12,5,12,5,12,5,12,5,12,5,12,5,12,5,
229,0,1,2,3,4,5,6,5,4,5,6,13,12,5,12,5,6,5,12,13,12,5,4,5,4,5,12,5,4,5,
230,0,1,2,3,4,5,12,5,12,5,4,5,4,5,4,5,4,5,6,5,4,5,6,5,6,5,12,5,4,5,
231,0,1,2,3,4,5,6,5,6,5,12,5,12,5,12,5,12,5,6,5,4,5,12,11,4,5,12,5,6,5,
232,0,1,2,3,10,11,4,5,6,5,12,5,12,5,6,5,12,5,12,5,4,5,4,5,4,3,4,5,6,5,
233,0,1,2,3,4,5,12,5,6,5,12,5,6,5,4,5,4,5,4,5,6,5,12,5,12,5,4,5,12,5,
234,0,1,8,9,10,11,4,5,4,5,6,5,6,5,4,5,6,5,12,5,12,5,4,5,12,5,12,5,6,5,
235,0,1,2,3,4,5,6,5,12,5,6,5,4,5,4,5,6,5,6,5,4,5,4,5,4,5,4,5,4,5,
236,0,1,2,9,10,3,4,5,6,5,12,5,12,5,12,5,4,5,6,5,4,5,12,5,12,5,6,5,4,5,
237,0,1,2,3,4,5,6,5,6,5,6,5,6,5,4,5,6,5,12,5,6,5,4,5,12,5,4,5,12,5,
238,0,1,2,3,4,5,4,5,12,5,12,5,12,5,6,5,4,5,12,5,6,5,6,5,6,5,4,5,4,5,
239,0,1,2,3,4,5,12,5,12,5,6,13,12,5,4,5,12,5,12,5,12,5,4,5,6,5,6,5,12,5,
240,0,1,2,3,4,5,6,5,4,5,12,5,12,5,4,11,4,5,4,5,6,5,4,5,12,5,12,5,12,5,
241,0,1,2,9,10,11,4,5,4,5,6,5,6,5,6,5,12,5,6,5,4,5,12,5,6,5,6,5,6,5,
242,0,1,2,3,4,5,12,5,6,5,12,5,12,5,4,5,4,5,12,5,6,5,12,19,12,5,4,5,12,5,
243,0,7,8,9,10,11,4,5,12,13,12,5,6,5,12,5,12,5,6,5,6,5,12,5,12,5,6,5,4,5,
244,0,1,2,3,4,5,4,5,12,5,12,5,12,5,6,5,4,5,12,5,6,5,6,5,4,5,6,5,6,5,
245,0,1,2,3,4,5,4,5,6,5,12,5,12,5,6,5,4,5,12,5,4,5,12,5,12,5,4,5,12,5,
246,0,1,2,3,4,5,4,5,12,5,12,5,12,5,12,5,4,5,4,5,12,5,4,5,6,5,6,5,6,5,
247,0,1,2,3,4,5,6,5,6,5,12,11,4,5,12,5,6,5,6,5,12,5,12,5,4,3,4,5,12,5,
248,0,1,2,3,4,5,6,5,6,5,4,5,6,5,6,5,4,5,4,5,6,5,12,5,6,5,6,13,20,13,
249,0,7,8,9,10,11,4,5,4,5,4,5,12,5,6,5,4,5,6,5,4,5,4,5,6,13,12,5,4,5,
250,0,1,2,3,4,5,12,5,12,5,4,5,12,5,6,5,12,5,12,5,6,5,4,5,12,5,6,5,4,5,
251,0,1,2,3,4,5,12,5,6,5,12,5,6,5,6,13,12,5,4,5,4,5,6,5,12,19,12,5,6,5,
252,0,1,2,3,4,5,4,5,4,5,12,13,12,5,12,5,4,5,12,5,12,5,6,5,4,5,12,5,12,5,
253,0,7,8,9,10,11,4,5,4,5,6,13,12,5,12,5,12,5,12,5,4,11,4,5,4,5,6,5,12,5,
254,0,1,2,3,4,5,12,5,6,5,12,5,6,5,4,11,4,5,6,5,4,5,4,5,4,5,6,5,12,5,
255,0,1,2,9,10,11,4,5,6,5,6,5,6,5,6,5,4,5,12,5,6,5,6,5,12,5,4,5,12,5,
256,0,1,2,3,4,5,6,5,6,5,12,5,12,5,6,5,6,5,6,5,4,5,12,5,4,5,6,5,12,5,
257,0,1,2,3,4,5,6,5,12,5,12,5,6,5,12,5,12,5,12,5,6,5,4,5,6,5,6,13,12,5,
258,0,1,2,3,4,5,6,5,6,5,12,5,6,5,12,5,6,13,12,5,12,5,6,5,4,5,4,5,12,5,
259,0,1,2,3,4,5,6,5,12,5,12,5,12,5,12,13,6,5,4,5,6,5,12,5,12,5,12,5,6,5,
260,0,1,2,3,4,5,6,5,4,5,6,5,12,5,4,5,6,13,12,5,6,5,4,5,12,5,6,5,12,5,
261,0,1,2,3,4,5,6,5,6,5,4,5,12,5,6,5,12,5,12,5,12,5,4,5,4,5,4,5,6,5,
262,0,1,2,3,4,5,6,5,6,5,6,5,4,5,6,5,6,13,6,5,6,5,4,5,12,5,12,19,12,5,
263,0,1,2,3,4,5,12,5,12,5,6,5,6,5,12,5,6,5,12,5,12,5,6,5,12,5,4,5,12,5,
264,0,1,2,3,4,5,12,5,6,5,6,5,4,5,4,5,4,5,6,5,6,5,12,5,6,5,6,5,6,5,
265,0,1,0,1,8,9,10,11,4,5,6,5,12,5,12,5,6,5,6,5,6,5,4,5,4,5,12,5,12,5,
266,0,1,2,3,4,5,4,5,4,5,6,5,12,5,12,5,4,5,12,5,6,5,6,5,6,5,4,5,4,5,
267,0,1,2,3,4,5,6,5,4,5,12,5,4,5,4,5,12,5,6,5,12,5,12,5,4,5,6,5,12,11,
268,0,1,2,3,4,5,4,5,6,5,12,5,6,5,12,5,12,5,12,5,12,5,6,5,4,5,6,5,4,5,
269,0,1,2,3,4,3,4,5,12,5,6,5,6,5,6,5,4,5,4,5,6,5,12,11,4,5,4,5,6,5,
270,0,1,2,3,4,5,4,5,4,5,4,3,4,5,12,5,4,5,12,5,6,5,4,5,4,5,12,5,4,5,
271,0,1,2,3,4,5,4,5,12,5,6,5,4,5,6,5,6,5,12,5,6,5,4,5,6,5,12,5,6,13,
272,0,1,2,9,10,11,4,5,12,5,6,5,6,5,12,5,4,5,12,5,4,3,4,5,4,5,4,5,12,5,
273,0,1,2,3,4,5,6,5,6,5,12,5,6,5,6,5,12,5,4,5,6,5,4,5,6,5,6,5,4,5,
274,0,1,2,3,4,5,6,5,12,5,4,5,6,5,6,5,12,5,6,5,12,5,6,5,4,5,4,5,6,5,
275,0,1,2,3,4,5,12,5,6,5,12,5,12,5,6,5,4,5,4,5,6,5,6,5,12,5,6,5,4,5,
276,0,1,2,3,4,5,12,5,6,5,6,5,6,5,12,5,12,5,4,5,6,5,12,5,6,5,12,5,6,5,
277,0,1,2,3,4,5,6,5,12,5,4,5,12,5,4,5,12,5,12,5,4,5,4,5,4,5,6,5,6,5,
278,0,1,2,3,4,5,4,5,4,5,4,3,4,5,4,5,12,5,4,5,6,5,12,13,12,5,4,5,4,5,
279,0,7,8,9,16,23,30,30,23,30,30,30,30,30,30,30,30,30,30,30,30,30,30,30,30,30,30,30,30,30,
280,0,1,2,3,4,5,12,5,6,5,12,5,6,5,12,5,12,5,12,5,6,5,4,5,12,5,6,5,4,11,
281,0,1,2,3,4,5,4,5,6,5,4,3,10,11,4,5,4,5,12,5,12,5,6,5,12,5,6,13,12,5,
282,0,1,2,3,4,5,4,11,4,3,4,5,6,5,4,5,6,5,4,5,4,5,4,5,12,5,4,5,12,5,
283,0,1,2,3,4,5,4,3,4,5,6,5,6,5,12,5,4,5,12,5,6,5,6,5,12,5,4,3,4,5,
284,0,7,8,9,10,11,10,11,4,5,4,5,12,5,12,5,4,5,4,5,6,5,6,5,12,5,12,5,12,5,
285,0,1,2,3,4,5,12,5,4,5,4,5,4,5,6,5,4,5,6,5,4,5,4,5,6,5,12,5,12,5,
286,0,1,2,3,4,5,12,5,12,5,12,5,12,5,4,5,12,5,4,5,12,5,4,5,4,5,4,5,6,5,
287,0,1,2,3,4,5,6,5,4,5,4,5,12,5,6,5,4,5,4,5,12,5,6,5,6,13,12,19,12,5,
288,0,1,2,3,2,3,4,5,4,5,12,5,12,5,6,5,4,5,4,5,6,5,6,5,4,5,6,5,6,5,
289,0,1,2,3,4,5,12,5,4,5,4,11,4,5,12,5,4,5,12,5,6,5,12,5,12,5,6,5,4,5,
290,0,1,2,3,4,5,6,5,12,5,12,5,6,5,12,11,18,11,4,5,12,5,4,5,12,5,6,5,12,5,
291,0,1,2,3,4,5,12,5,6,5,6,5,4,5,12,5,6,5,12,5,4,5,6,5,4,5,4,5,6,5,
292,0,1,2,3,4,5,6,5,12,5,6,5,6,5,6,5,6,5,4,5,12,5,6,5,12,5,6,5,12,5,
293,0,1,2,3,4,5,4,5,6,5,4,5,12,5,6,5,6,5,12,5,6,5,4,5,12,5,4,5,6,5,
294,0,1,2,3,4,5,12,5,4,5,4,5,4,5,4,5,12,5,12,5,4,11,4,5,4,5,6,5,12,5,
295,0,1,2,3,4,5,12,5,4,5,12,5,4,3,4,5,4,5,6,5,12,5,4,5,6,5,6,5,4,5,
296,0,1,2,3,4,5,6,5,4,5,12,5,6,5,6,5,4,5,4,5,4,5,12,5,4,5,6,5,4,3,
297,0,1,2,3,4,5,12,11,4,5,12,5,4,3,10,11,4,5,4,5,12,5,6,5,6,5,4,5,6,5,
298,0,1,2,3,4,5,4,5,4,5,4,11,4,5,6,5,6,5,4,11,4,5,4,5,4,11,4,5,12,5,
299,0,1,2,3,4,5,6,5,12,5,4,11,12,5,6,5,12,5,6,5,4,5,6,5,6,13,12,5,6,13,
300,0,1,2,3,4,5,4,5,6,5,6,5,4,5,12,5,12,5,12,5,4,5,4,11,4,5,12,5,4,5,
301,0,1,2,3,4,5,12,5,12,5,4,3,4,5,4,5,12,5,12,11,4,5,4,5,12,5,12,5,6,13,
302,0,1,8,9,10,11,4,5,4,5,4,5,12,5,12,5,12,5,6,5,4,5,6,5,12,5,6,5,12,5,
303,0,1,2,1,2,9,10,11,4,5,12,5,12,5,12,5,12,19,12,5,12,5,6,5,6,5,4,3,4,5,
304,0,1,2,3,4,5,4,5,6,5,6,5,6,5,4,5,4,5,6,5,4,5,4,5,6,13,6,5,4,5,
305,0,1,2,3,4,5,12,5,12,5,6,5,12,5,12,5,12,5,12,5,12,5,4,5,6,5,6,5,12,5,
306,0,1,2,3,4,5,4,5,6,5,12,5,12,5,4,5,4,5,6,5,6,5,12,13,12,5,6,5,12,5,
307,0,1,2,3,4,5,6,5,6,5,6,5,6,5,12,5,12,5,4,3,4,5,4,5,4,5,6,5,4,5,
308,0,1,2,3,4,5,12,5,12,5,6,5,4,5,12,5,6,5,6,5,4,5,4,5,4,5,6,5,4,5,
309,0,1,2,3,4,5,12,5,4,5,4,5,6,5,12,5,4,5,4,5,4,5,12,5,4,5,4,5,6,5,
310,0,1,2,3,4,5,4,5,12,5,4,5,12,5,6,5,4,5,4,5,12,5,4,5,6,5,6,5,12,5,
311,0,1,2,3,4,5,4,5,12,5,6,5,12,5,6,5,6,13,12,5,12,5,6,5,12,5,4,5,4,5,
312,0,7,8,9,10,3,4,5,6,5,12,5,4,5,6,5,4,5,6,5,12,5,4,5,4,5,12,5,12,5,
313,0,1,2,3,4,5,4,5,4,5,4,5,6,5,12,5,4,5,4,11,4,5,12,5,12,5,6,5,4,3,
314,0,1,2,3,4,5,4,5,4,5,12,19,12,5,12,5,12,5,12,5,6,5,12,5,6,5,12,5,12,5,
315,0,1,2,3,4,5,4,5,12,5,6,5,6,5,12,13,20,13,12,5,6,5,12,5,4,5,6,5,12,5,
316,0,1,2,3,4,5,6,5,12,5,4,5,4,5,4,5,12,5,12,5,4,5,6,5,4,5,4,5,6,5,
317,0,7,8,9,10,11,4,5,12,5,12,5,6,5,6,5,4,5,6,5,4,5,4,5,12,5,6,5,6,5,
318,0,1,2,3,4,5,6,5,4,5,4,5,6,5,12,5,6,5,4,5,6,5,6,5,6,5,4,5,12,5,
319,0,1,2,3,4,5,4,5,12,5,4,5,4,5,4,5,4,5,6,5,4,5,6,5,12,5,12,5,4,5,
320,0,7,8,9,16,23,30,30,30,23,30,30,30,30,30,30,30,30,30,30,30,30,30,30,30,31,30,30,31,30,
321,0,1,2,3,4,5,4,5,6,13,12,5,6,5,4,5,4,5,6,5,12,5,6,5,12,5,6,5,4,5,
322,0,1,2,3,4,5,12,5,4,5,12,5,6,5,4,5,6,5,4,5,12,5,4,5,4,5,12,5,4,5,
323,0,1,2,3,4,5,6,5,4,5,12,5,4,5,6,5,4,5,4,5,6,5,12,5,6,5,4,5,4,5,
324,0,1,2,3,4,5,4,5,6,5,6,5,6,5,4,5,4,5,12,5,4,5,12,5,4,5,6,13,20,13,
325,0,1,2,3,4,5,4,5,12,5,4,5,12,5,12,5,12,19,12,5,4,5,6,5,6,5,4,5,6,5,
326,0,1,2,3,4,5,12,13,12,5,6,5,4,5,4,5,6,5,12,5,12,5,12,13,12,5,6,5,6,5,
327,0,1,0,1,2,3,4,5,12,5,4,5,4,5,12,5,4,5,6,5,4,5,12,19,12,5,12,5,12,5,
328,0,1,2,3,4,5,4,5,4,5,4,5,6,5,4,5,4,5,12,5,12,5,12,5,4,5,6,5,12,5,
329,0,1,2,3,4,5,6,5,12,5,4,5,4,5,6,5,12,19,12,5,12,5,4,5,6,5,6,5,6,5,
330,0,1,2,3,4,5,6,5,6,5,6,5,12,5,6,5,4,5,12,5,6,5,12,5,4,5,6,5,6,5,
331,0,1,2,3,4,5,6,5,6,5,6,5,6,5,4,5,4,5,6,5,12,5,6,5,12,5,12,5,12,5,
332,0,1,2,3,4,5,4,5,6,5,4,5,6,5,12,5,6,5,12,5,6,5,6,5,4,5,4,5,4,5,
333,0,1,8,1,2,1,2,3,4,5,6,5,6,5,4,5,12,5,4,5,4,5,4,5,4,5,12,5,6,5,
334,0,1,8,9,10,11,4,5,4,5,4,5,6,5,6,5,6,5,12,19,12,5,4,5,6,5,4,5,6,5,
335,0,1,2,3,4,5,12,13,12,5,4,5,12,5,6,5,12,5,6,5,4,5,12,5,6,5,6,5,6,5,
336,0,1,2,3,4,5,6,5,12,5,4,5,6,5,6,5,6,5,4,3,4,5,6,5,4,5,4,11,4,5,
337,0,1,2,3,4,5,4,5,6,5,12,5,4,5,4,5,12,5,6,5,4,5,4,5,12,5,6,13,12,5,
338,0,1,2,3,4,5,4,5,4,5,12,5,4,5,12,5,4,5,12,5,6,5,4,5,4,5,6,5,12,5,
339,0,1,8,9,10,11,4,5,4,3,4,5,4,5,4,5,12,5,12,5,6,5,6,5,4,5,12,5,4,5,
340,0,1,2,3,4,5,4,3,4,5,12,5,6,5,6,5,6,5,12,5,6,5,12,5,6,5,4,5,6,5,
341,0,1,2,3,4,5,6,5,12,5,4,5,4,5,12,5,4,5,4,5,12,5,4,5,6,5,12,5,4,5,
342,0,1,2,3,4,3,4,5,12,5,4,5,12,5,4,5,6,5,4,5,6,5,12,5,12,5,12,5,12,5,
343,0,1,2,3,4,5,4,5,12,5,4,5,4,5,12,5,6,5,6,5,4,5,6,5,6,5,12,5,4,5,
344,0,1,2,3,4,5,4,5,4,5,12,5,12,5,12,5,6,5,4,5,6,5,6,5,4,5,4,5,4,5,
345,0,1,2,3,4,5,12,5,12,5,6,5,6,5,12,5,12,5,6,5,6,5,12,5,4,5,12,11,4,5,
346,0,1,2,3,4,5,12,5,6,5,6,5,4,5,4,5,4,5,4,5,12,5,4,5,6,5,6,5,12,5,
347,0,1,2,3,4,5,12,5,12,5,4,5,4,5,4,11,4,5,4,5,4,5,6,5,4,11,4,11,4,5,
348,0,7,8,9,10,11,4,5,4,5,4,5,6,5,4,5,4,5,12,5,6,5,12,5,4,5,6,5,4,5,
349,0,1,2,3,4,5,12,5,12,5,4,5,4,5,12,5,4,5,12,5,4,5,4,5,12,5,6,5,6,5,
350,0,1,2,3,4,5,12,5,12,5,6,5,6,5,12,5,6,5,6,5,6,5,6,5,6,5,6,5,4,5,
351,0,1,2,1,2,3,4,5,6,5,4,5,4,5,4,3,4,5,6,5,12,5,12,5,6,5,4,5,4,5,
352,0,1,2,3,4,5,12,5,12,5,6,5,6,13,12,5,6,5,6,13,12,5,4,5,12,5,12,5,12,5,
353,0,1,2,3,10,11,4,5,12,5,12,5,4,5,4,5,6,5,4,5,6,5,12,5,12,5,4,5,12,5,
354,0,1,2,9,10,11,4,5,6,13,20,13,12,5,4,5,12,5,4,5,12,5,4,5,6,5,12,5,6,5,
355,0,1,2,3,4,5,4,5,6,5,6,5,4,5,12,11,4,5,6,5,6,5,6,5,12,13,12,5,12,5,
356,0,1,8,9,10,11,4,11,4,5,6,5,4,5,4,5,6,5,12,5,6,5,4,5,6,5,4,5,4,5,
357,0,1,2,3,4,5,4,5,6,5,6,5,6,5,4,5,12,11,4,5,4,5,6,5,4,5,4,5,4,5,
358,0,1,2,3,4,5,6,5,6,5,6,5,12,5,6,5,12,5,6,5,4,5,4,5,6,5,12,5,4,5,
359,0,1,2,3,4,5,6,5,6,5,12,5,6,5,12,5,12,5,4,5,12,5,6,5,4,5,12,5,6,5,
360,0,1,2,3,4,5,6,5,12,5,6,5,4,5,12,5,4,5,4,5,6,5,6,5,6,5,4,5,12,5,
361,0,1,2,3,4,5,4,5,12,5,6,5,12,5,4,5,6,5,4,5,6,5,12,5,6,5,4,5,4,5,
362,0,1,2,3,4,5,4,5,4,5,6,5,4,5,6,5,4,5,12,5,12,5,6,5,6,5,12,5,4,5,
363,0,1,2,3,4,5,6,5,12,5,6,5,4,3,4,5,12,5,4,5,6,5,6,5,6,5,4,5,4,5,
364,0,1,2,3,4,5,4,5,12,5,4,5,4,5,12,5,12,5,6,5,4,5,6,5,4,5,12,5,12,5,
365,0,1,2,3,4,5,12,11,4,5,6,5,12,5,4,5,12,5,6,5,4,5,12,5,12,5,6,5,12,5,
366,0,1,2,3,4,5,4,5,4,5,4,5,6,5,4,5,12,5,4,5,12,5,12,5,4,5,12,5,6,5,
367,0,1,2,3,4,5,12,5,4,5,12,5,12,5,12,5,12,5,4,5,12,13,12,5,4,5,6,5,6,5,
368,0,1,2,3,4,5,12,5,6,5,12,5,6,5,6,5,12,5,12,5,6,5,4,5,6,5,6,5,4,5,
369,0,1,2,3,4,5,4,5,6,5,4,5,4,5,4,5,6,5,12,5,12,5,6,5,6,5,6,13,12,5,
370,0,1,2,3,4,5,6,5,6,5,4,5,12,5,4,5,4,5,6,5,6,5,12,5,4,5,6,5,4,5,
371,0,1,2,3,4,5,4,5,12,5,6,5,4,5,6,5,4,5,12,5,4,5,12,5,4,5,6,5,12,5,
372,0,1,2,3,4,5,12,5,4,5,6,13,12,5,6,5,6,13,12,5,12,5,4,5,12,5,4,5,6,5,
373,0,1,2,3,4,5,6,5,4,5,6,13,12,5,4,5,6,5,4,5,12,5,12,5,12,5,12,11,4,5,
374,0,1,2,3,4,5,12,5,4,5,12,5,4,5,12,5,4,5,4,5,6,5,6,5,4,5,6,13,12,5,
375,0,1,0,1,2,3,4,5,6,13,12,5,4,5,6,5,12,5,6,5,6,5,12,5,4,5,4,5,6,5,
376,0,1,2,3,4,5,4,11,4,3,4,5,6,5,6,5,12,13,12,11,4,11,4,5,4,5,6,5,12,5,
377,0,1,2,3,4,5,4,5,12,5,12,5,4,5,6,5,12,5,6,5,12,5,12,5,12,5,4,5,12,5,
378,0,1,2,3,4,5,6,5,6,5,12,5,4,5,12,5,6,13,12,5,6,5,6,5,12,5,12,5,4,5,
379,0,1,2,3,4,5,4,5,6,13,12,5,6,5,6,5,6,5,6,5,4,5,4,5,12,5,4,5,6,5,
380,0,1,2,3,4,5,4,5,6,5,6,5,4,5,4,5,12,5,6,5,6,13,12,5,6,5,4,5,6,5,
381,0,1,2,3,4,5,12,5,6,13,12,5,4,5,4,5,6,5,4,5,12,5,12,11,4,5,12,5,6,5,
382,0,1,2,3,4,5,6,5,4,5,4,3,4,5,12,5,12,5,6,5,12,5,12,5,4,5,12,5,6,5,
383,0,1,2,3,4,5,12,5,6,5,12,5,12,5,12,5,6,5,4,5,12,5,6,5,6,5,4,5,4,5,
384,0,1,2,3,4,5,4,11,4,5,12,5,4,5,4,11,4,5,6,5,12,5,6,5,12,5,12,5,6,5,
385,0,1,2,3,10,11,4,5,4,5,4,5,4,5,6,5,6,5,4,5,6,5,6,5,12,5,6,5,6,5,
386,0,1,2,3,4,5,6,5,12,5,6,5,12,5,12,5,6,5,4,5,4,5,4,5,6,5,6,5,12,5,
387,0,1,2,3,4,5,12,5,4,5,12,5,6,5,6,5,12,5,6,5,4,5,6,5,6,5,12,5,4,5,
388,0,1,2,3,4,5,6,5,12,5,4,5,4,5,6,5,6,5,12,5,12,5,12,5,12,5,6,5,4,5,
389,0,1,2,9,10,11,4,5,4,5,6,5,4,5,12,5,4,5,12,5,12,5,12,5,4,5,4,5,4,5,
390,0,1,2,3,4,5,4,3,4,5,12,5,6,5,4,5,4,5,4,5,4,5,6,13,12,5,6,5,6,5,
391,0,1,2,3,4,5,6,5,12,5,12,5,4,5,4,5,4,5,6,5,6,5,12,5,12,5,4,5,6,5,
392,0,1,2,3,4,5,4,5,12,5,6,5,12,5,12,5,4,5,12,5,4,5,4,5,6,5,6,5,6,5,
393,0,1,2,3,4,5,6,5,4,5,6,5,12,5,6,5,4,5,12,5,4,5,12,5,6,5,6,5,12,5,
394,0,1,2,3,4,5,6,5,6,5,4,5,6,5,6,5,6,5,6,5,4,5,4,5,12,5,4,5,12,5,
395,0,1,2,3,10,11,4,5,4,5,4,5,12,5,6,5,12,5,4,5,4,5,12,13,12,5,6,5,4,5,
396,0,1,8,9,10,11,4,5,4,5,12,5,12,5,6,5,12,5,12,5,4,5,12,5,12,5,4,5,12,5,
397,0,1,2,3,4,5,6,5,6,5,6,5,12,5,12,5,4,5,4,5,4,5,4,5,12,5,12,5,6,5,
398,0,1,2,3,4,5,6,5,12,5,4,11,4,5,12,5,12,5,4,5,12,5,6,5,6,5,6,5,4,5,
399,0,7,8,9,10,11,4,5,6,5,6,13,12,5,12,5,4,5,4,5,4,5,12,5,12,5,12,5,4,5,
400,0,1,2,3,4,5,6,5,4,11,10,11,4,5,4,5,4,5,6,5,6,5,4,5,4,5,4,5,12,5,
401,0,1,2,3,4,5,4,5,12,5,12,5,4,5,6,5,6,5,6,5,6,5,6,5,12,5,4,5,12,5,
402,0,1,8,9,10,11,4,5,4,5,12,5,4,5,4,5,12,5,4,5,6,5,12,5,6,5,6,5,4,5,
403,0,1,2,3,4,5,6,5,4,5,6,5,4,5,4,5,6,5,4,5,6,5,12,5,12,5,6,5,6,5,
404,0,1,2,3,4,5,6,5,12,5,6,5,12,5,12,5,6,5,6,5,4,5,6,5,12,5,6,5,4,5,
405,0,1,2,3,4,5,6,5,6,5,4,5,4,5,4,5,12,5,4,5,6,5,4,5,6,5,12,5,6,5,
406,0,1,0,1,2,3,2,3,4,5,6,5,12,5,12,5,6,5,6,13,12,5,6,5,12,5,6,5,4,5,
407,0,1,2,3,4,5,6,5,12,5,4,5,4,5,4,5,4,3,4,5,6,5,4,5,6,5,4,5,4,5,
408,0,1,2,3,4,5,4,5,12,5,6,5,6,5,12,5,4,5,6,5,6,5,12,5,6,5,6,5,4,5,
409,0,1,2,3,4,5,4,5,12,5,12,5,12,5,12,5,6,5,6,5,6,5,6,5,6,5,12,5,12,5,
410,0,1,2,3,4,5,12,5,6,5,12,5,6,5,12,5,4,5,4,11,4,5,12,5,6,5,4,5,4,5,
411,0,1,2,3,4,5,4,5,12,5,12,5,12,5,6,5,12,5,4,5,6,5,4,5,4,5,6,5,4,5,
412,0,1,2,3,4,5,4,5,12,5,12,5,4,5,6,5,4,5,4,11,4,5,4,5,4,5,6,5,6,5,
413,0,1,2,3,4,5,6,5,6,5,4,5,6,5,4,5,6,5,6,5,6,5,12,5,12,5,4,5,6,5,
414,0,1,2,3,4,5,12,5,12,5,6,5,12,5,12,5,6,5,4,5,12,5,4,5,4,5,6,5,12,5,
415,0,1,0,1,2,3,4,5,6,5,6,5,12,5,4,5,6,5,12,5,4,5,12,5,6,5,12,11,4,5,
416,0,1,2,3,4,3,4,5,12,13,12,5,12,5,4,5,12,5,6,5,4,5,4,5,6,5,6,5,6,5,
417,0,1,2,3,4,5,4,5,6,5,12,5,4,5,6,5,6,5,12,5,12,5,4,5,6,5,12,5,12,5,
418,0,1,2,3,4,5,4,5,6,5,6,5,6,5,6,13,12,5,6,5,12,11,4,5,6,5,4,3,4,5,
419,0,1,2,3,4,5,6,5,6,5,6,5,12,5,6,5,4,5,4,5,4,5,6,5,4,5,12,5,4,5,
420,0,1,2,3,4,5,6,5,4,5,4,5,12,5,12,5,4,5,12,5,12,5,6,5,12,5,12,5,12,13,
421,0,1,2,3,4,5,4,5,4,3,4,5,4,5,12,5,12,11,4,5,4,5,6,5,6,5,4,5,4,5,
422,0,1,2,3,4,5,12,5,4,5,6,13,12,5,4,5,6,5,4,5,4,5,12,5,4,5,4,11,4,5,
423,0,1,2,3,4,5,12,5,6,5,12,5,6,5,6,5,4,5,12,5,6,5,4,5,6,5,12,5,12,5,
424,0,1,2,3,4,5,6,5,6,5,4,5,6,5,12,5,6,5,12,5,4,5,12,5,6,5,6,5,6,5,
425,0,1,2,3,4,5,6,5,4,5,6,5,6,5,4,5,4,5,12,5,6,5,6,5,4,5,4,5,4,5,
426,0,1,2,3,4,11,4,5,6,13,12,5,12,5,4,5,12,5,6,5,4,5,4,5,4,5,4,5,12,5,
427,0,1,2,3,4,5,6,5,4,5,6,5,6,5,4,5,6,5,4,5,6,5,4,5,12,5,12,5,6,5,
428,0,1,2,3,4,5,4,5,12,19,12,13,12,5,4,5,4,5,4,11,4,5,4,5,6,5,6,5,4,5,
429,0,1,0,1,2,3,4,3,4,5,12,5,6,5,4,5,6,5,12,5,6,5,6,5,12,5,12,5,6,5,
430,0,1,2,3,4,5,12,5,6,5,6,5,4,5,6,5,4,5,6,5,4,3,4,5,4,5,4,5,12,5,
431,0,1,8,9,10,11,4,5,4,5,4,5,6,5,12,5,6,5,6,5,6,5,6,5,12,13,12,5,6,5,
432,0,1,2,3,4,5,12,13,12,5,12,13,12,5,6,5,12,5,4,5,6,5,4,5,6,5,12,5,4,5,
433,0,1,2,3,4,5,6,5,6,5,12,5,12,5,6,5,4,5,6,5,12,5,4,5,4,5,4,5,6,5,
434,0,1,2,3,4,5,12,5,12,5,6,5,6,5,4,5,4,5,6,5,6,5,6,5,12,5,4,5,4,5,
435,0,1,2,3,4,5,6,5,12,5,4,5,4,5,4,5,4,3,4,5,6,5,4,5,12,5,4,5,12,5,
436,0,1,2,3,4,3,4,5,4,5,12,5,4,5,12,5,12,5,6,5,4,5,6,5,12,5,6,5,12,5,
437,0,1,2,3,4,5,6,5,12,5,4,5,12,5,4,11,4,5,6,5,12,5,6,5,4,11,4,5,6,5,
438,0,1,2,3,4,5,12,5,6,5,12,11,4,5,4,3,4,5,4,5,4,5,4,5,4,5,6,5,12,5,
439,0,1,0,7,8,9,10,11,4,5,6,5,4,5,4,5,6,5,4,11,4,5,4,11,4,5,4,5,12,5,
440,0,1,2,3,4,5,4,5,6,5,4,5,12,5,6,5,6,5,4,5,12,13,12,5,6,5,6,5,6,5,
441,0,1,2,3,4,5,6,5,12,5,6,5,4,5,12,5,6,5,4,5,4,5,4,5,6,5,12,5,6,5,
442,0,1,2,3,4,5,12,5,4,5,4,5,4,5,12,5,12,5,12,5,6,5,6,5,6,5,12,5,12,5,
443,0,1,2,3,4,5,4,3,4,5,12,5,12,5,4,5,12,5,4,5,4,5,12,5,4,5,12,5,4,3,
444,0,1,2,3,4,5,4,5,12,5,6,5,12,5,4,5,4,5,6,5,12,5,6,5,12,5,6,5,6,5,
445,0,1,2,3,4,5,6,5,6,5,6,5,6,13,12,5,12,11,4,5,4,5,4,5,12,5,12,5,6,5,
446,0,1,2,3,4,5,12,5,4,5,4,5,4,5,12,5,6,5,12,5,12,5,6,5,12,5,12,5,12,19,
447,0,7,8,9,10,11,4,5,12,5,12,5,4,5,12,5,4,5,12,5,4,5,12,5,6,5,4,5,6,5,
448,0,1,2,3,4,5,6,5,4,5,6,5,6,5,4,5,4,5,4,5,6,5,6,5,4,5,12,5,4,5,
449,0,1,2,3,4,5,12,5,4,5,12,5,4,5,4,5,6,5,6,5,4,5,4,5,6,5,4,5,4,5,
450,0,1,2,3,4,5,4,5,12,5,12,5,6,5,6,5,4,5,12,5,4,5,6,5,6,5,4,5,4,5,
451,0,1,2,3,4,11,4,5,4,5,6,5,4,5,12,5,6,5,4,3,4,3,4,3,4,5,4,5,4,5,
452,0,1,2,3,4,5,12,5,12,5,4,5,4,5,6,5,6,5,12,5,4,5,6,5,4,5,12,5,12,5,
453,0,1,2,3,4,5,12,5,6,5,12,5,12,5,12,5,6,5,4,5,12,11,4,5,6,5,12,5,6,5,
454,0,1,2,3,4,5,12,5,6,5,12,11,4,5,4,5,6,5,12,5,12,5,12,5,4,5,12,5,4,5,
455,0,1,2,3,4,5,12,5,4,5,4,5,6,5,12,5,12,5,4,5,12,5,12,5,6,5,12,11,4,5,
456,0,1,2,3,4,5,6,5,12,5,6,5,12,5,6,5,6,5,12,5,4,5,12,5,12,5,12,5,6,5,
457,0,1,2,3,4,5,4,5,12,5,6,5,12,5,4,5,6,5,6,5,6,5,12,5,12,5,4,5,4,11,
458,0,1,2,1,2,3,4,5,4,5,12,5,4,5,12,5,4,5,4,5,4,5,12,5,12,5,4,5,4,5,
459,0,1,2,3,4,5,12,5,4,5,12,5,4,5,4,5,6,5,6,5,12,5,12,5,4,5,4,5,12,5,
460,0,1,2,3,4,5,4,5,4,5,4,5,12,5,6,5,4,5,6,5,4,5,12,5,12,5,6,5,4,5,
461,0,1,8,9,10,11,4,5,12,5,4,5,4,5,6,5,4,5,6,5,12,5,6,5,4,5,12,5,12,5,
462,0,1,0,1,2,3,4,5,6,5,12,5,12,5,6,5,12,5,6,5,4,5,12,5,6,5,12,5,12,13,
463,0,1,2,3,4,5,4,5,12,5,4,5,6,5,6,5,4,5,12,5,4,5,4,5,4,11,18,11,4,5,
464,0,1,2,3,4,5,4,5,12,5,6,5,6,5,6,5,6,5,6,5,4,5,12,5,6,5,4,5,4,5,
465,0,1,2,3,4,5,12,5,6,5,12,5,12,5,4,5,6,5,6,5,12,5,4,5,12,5,12,5,4,5,
466,0,1,2,3,4,5,6,5,12,5,6,5,6,5,4,5,4,5,4,5,6,5,12,5,4,5,4,5,4,5,
467,0,1,2,3,4,5,12,5,4,5,12,5,6,13,12,5,4,5,4,5,6,5,4,5,4,5,6,5,12,5,
468,0,1,2,1,2,3,4,5,4,5,6,5,12,5,12,5,12,5,12,5,12,5,4,5,6,5,4,5,4,5,
469,0,1,2,3,4,5,4,5,4,5,4,5,6,5,12,11,4,5,4,5,4,5,12,5,4,11,4,5,6,5,
470,0,1,2,3,4,5,6,5,12,5,4,11,4,5,4,5,12,5,6,5,4,5,6,5,4,5,6,5,6,5,
471,0,1,2,3,4,5,4,5,4,3,4,5,4,5,12,5,6,5,12,5,12,5,12,5,6,5,4,11,4,5,
472,0,1,2,3,4,5,12,5,4,5,6,5,6,5,12,5,6,5,12,5,4,5,6,5,4,11,4,5,6,5,
473,0,1,2,3,4,5,6,5,12,13,12,5,6,13,12,13,12,5,6,5,12,5,4,5,12,5,12,5,4,5,
474,0,1,2,9,10,11,4,5,6,5,12,5,4,5,4,5,6,5,12,5,6,5,6,5,6,5,4,5,12,5,
475,0,1,2,3,4,3,4,5,4,5,12,5,6,5,12,5,12,19,12,5,12,5,4,5,12,5,12,5,12,5,
476,0,1,2,3,4,11,4,5,4,5,6,5,4,5,6,5,12,5,4,5,6,5,6,5,4,5,12,5,4,5,
477,0,1,2,9,10,11,4,5,6,5,6,5,6,5,6,5,4,5,6,5,6,5,6,5,6,5,12,5,12,5,
478,0,7,8,9,10,11,4,5,4,5,12,5,4,5,12,5,4,5,12,5,6,5,6,5,12,5,6,5,4,5,
479,0,1,2,3,4,5,6,5,6,5,4,5,12,5,6,5,6,5,12,5,6,5,4,5,12,5,12,5,12,5,
480,0,1,2,3,4,5,4,5,6,5,4,5,12,5,12,5,12,5,12,5,12,5,4,11,4,5,4,5,12,5,
481,0,1,8,9,10,11,4,5,12,5,12,5,6,13,12,5,4,11,4,5,12,5,12,5,4,5,6,5,6,5,
482,0,7,8,9,10,11,4,5,12,5,6,5,4,5,6,5,4,5,6,5,4,5,12,5,4,5,4,5,4,5,
483,0,1,2,3,4,5,6,5,6,5,6,5,6,5,12,5,6,5,6,5,4,5,4,5,12,5,12,5,6,5,
484,0,1,2,3,4,5,12,5,6,5,4,5,12,5,6,5,12,5,12,5,6,5,4,5,6,5,4,5,4,5,
485,0,1,8,9,10,11,4,5,12,5,4,3,4,5,6,5,6,5,4,5,12,5,6,5,4,5,6,5,4,5,
486,0,1,2,3,4,5,12,5,4,5,6,5,12,19,12,5,4,5,4,3,4,5,4,5,4,5,12,5,6,5,
487,0,1,2,3,4,5,6,5,6,5,4,5,6,5,6,5,12,5,12,5,12,5,12,5,4,5,12,5,12,13,
488,0,1,2,3,4,5,12,5,4,5,12,11,4,5,6,5,4,5,12,5,6,5,4,5,4,5,6,5,12,5,
489,0,1,2,3,4,5,6,5,6,5,4,5,6,5,12,5,6,5,12,5,6,5,12,5,12,5,4,5,4,5,
490,0,1,2,3,4,5,4,5,4,5,12,11,4,5,12,13,12,5,12,5,12,5,12,5,6,5,12,5,4,5,
491,0,1,2,3,4,3,2,3,4,5,4,5,6,5,4,5,12,5,4,5,12,5,12,5,12,5,4,5,6,5,
492,0,1,2,3,4,11,4,5,12,5,4,5,12,5,12,5,12,5,4,5,6,5,12,5,4,5,4,5,4,5,
493,0,1,2,3,4,5,6,13,12,5,12,5,6,5,4,5,12,5,6,5,12,5,4,5,6,5,4,5,6,5,
494,0,1,2,3,4,5,6,5,12,5,4,3,4,5,12,5,6,5,4,5,4,5,12,5,6,5,4,5,6,5,
495,0,1,2,3,4,5,6,5,12,19,12,13,12,5,12,5,4,5,4,5,12,5,12,5,4,5,12,5,12,5,
496,0,1,2,3,4,5,12,5,6,5,6,5,12,5,6,5,6,5,12,5,6,5,12,5,12,5,6,5,12,5,
497,0,1,2,3,4,5,6,5,12,5,12,5,4,5,4,5,6,5,6,5,4,5,12,5,12,5,6,5,6,5,
498,0,1,2,3,4,5,6,5,4,5,4,11,4,5,12,5,6,5,4,5,4,5,12,5,4,5,4,5,4,5,
499,0,1,2,3,4,5,12,5,6,5,4,5,4,5,4,5,12,5,6,5,12,5,4,5,4,5,6,5,4,5,
500,0,1,2,3,4,5,12,5,4,5,4,5,4,5,12,5,4,5,6,5,12,5,6,5,6,5,12,5,6,13,
501,0,1,2,3,4,5,12,5,4,5,6,5,6,5,12,5,4,5,4,5,6,5,6,5,12,5,12,5,12,5,
502,0,1,2,9,10,3,2,3,4,5,6,5,12,5,12,5,4,5,12,5,6,5,4,5,12,5,6,5,12,5,
503,0,1,2,3,4,5,12,5,6,5,12,5,4,5,12,5,4,5,4,5,12,5,12,5,4,5,6,5,12,13,
504,0,1,2,1,2,3,4,5,12,5,12,5,6,5,12,5,12,5,12,5,12,5,6,5,6,5,6,5,6,5,
505,0,1,2,3,4,5,6,5,12,19,12,5,6,5,6,5,4,11,4,5,6,5,4,5,4,5,12,13,12,5,
506,0,1,2,3,4,5,6,5,12,5,12,5,4,5,6,5,12,5,4,5,12,5,6,5,12,5,12,5,12,5,
507,0,1,2,3,4,5,6,13,12,5,6,13,12,5,12,5,12,11,4,5,12,19,12,5,4,5,12,5,4,5,
508,0,1,2,3,4,5,4,5,6,5,4,5,12,5,12,5,12,5,12,5,12,5,4,5,12,5,4,5,6,5,
509,0,1,2,3,4,5,6,5,12,5,12,11,4,5,6,5,12,5,12,5,6,5,4,5,12,5,4,5,12,5,
510,0,1,2,3,4,5,6,5,6,5,12,5,4,5,4,5,6,5,6,5,12,13,12,5,12,11,4,5,4,5,
511,0,1,2,3,4,3,4,5,6,5,4,5,12,5,6,5,6,5,12,5,12,5,4,5,12,5,12,5,4,5,
512,0,1,2,3,4,5,4,5,6,5,6,5,6,5,4,5,12,5,12,5,4,11,4,5,4,5,6,5,4,11,
513,0,1,2,3,4,5,12,5,6,5,4,5,6,5,4,11,4,5,12,19,12,5,6,5,4,5,6,5,4,5,
514,0,1,2,3,4,5,6,5,12,5,12,11,4,5,12,5,4,5,6,5,12,5,4,5,6,5,12,11,4,5,
515,0,1,2,3,4,5,12,5,6,5,6,5,4,5,12,5,12,5,6,5,6,5,4,5,6,5,12,5,12,5,
516,0,1,2,3,2,3,4,5,6,13,12,5,4,11,4,5,4,5,12,5,4,5,4,5,6,5,12,5,12,5,
517,0,1,2,3,4,5,6,5,6,5,4,5,12,11,4,5,6,5,6,5,4,5,12,5,12,19,12,5,6,5,
518,0,7,8,9,10,11,4,5,4,5,12,5,6,5,4,5,4,5,12,5,6,5,4,5,4,5,4,5,4,5,
519,0,1,2,3,4,5,6,5,12,5,12,5,6,5,6,5,4,5,12,5,6,5,12,5,12,5,12,5,4,5,
520,0,1,2,3,4,5,12,5,4,5,6,5,12,11,4,5,4,5,12,5,4,5,6,5,4,5,6,5,12,5,
521,0,1,2,3,4,5,4,5,4,5,4,5,6,5,6,5,12,5,4,5,6,5,4,5,12,5,12,5,6,5,
522,0,1,2,3,4,5,4,5,4,5,6,5,12,5,4,5,12,5,4,3,4,5,4,5,6,5,6,5,6,5,
523,0,1,2,3,4,5,12,5,12,5,6,5,4,5,12,5,12,19,12,5,6,5,12,5,6,5,12,5,6,5,
524,0,1,2,3,4,5,4,5,6,5,4,5,6,5,12,5,12,5,4,5,6,5,4,5,4,5,4,5,6,5,
525,0,1,2,3,4,5,6,5,6,13,12,5,6,5,12,5,4,11,4,11,4,5,4,5,4,5,12,5,6,5,
526,0,1,2,3,4,5,6,5,4,5,12,5,12,5,4,5,4,5,6,5,12,5,12,5,4,11,4,5,12,5,
527,0,1,2,3,4,5,4,5,6,5,6,5,4,5,6,5,4,11,4,5,12,5,12,19,12,5,4,5,4,5,
528,0,1,2,3,4,5,4,5,4,5,6,5,12,5,4,5,6,5,12,5,12,5,12,5,6,5,6,5,4,5,
529,0,1,2,3,4,5,6,5,12,5,12,11,4,5,12,5,6,5,6,5,12,5,6,5,12,5,12,5,4,5,
530,0,1,2,3,4,5,6,5,12,5,6,5,4,5,12,5,6,5,6,5,6,5,6,13,12,5,4,5,6,5,
531,0,1,2,3,4,5,12,5,4,5,12,5,4,5,4,5,6,5,4,5,6,5,6,5,12,5,6,5,12,5,
532,0,1,8,9,10,11,4,5,4,5,6,5,12,5,6,5,6,5,4,5,4,5,12,5,4,5,6,5,6,5,
533,0,1,2,3,4,5,12,5,12,5,4,5,4,5,12,19,12,5,12,5,6,5,12,5,12,5,4,5,6,5,
534,0,1,2,3,4,5,6,5,12,5,6,5,4,5,6,5,6,13,12,5,12,5,12,5,6,5,6,5,4,5,
535,0,1,2,3,4,5,4,5,12,5,4,5,4,5,12,5,12,5,12,5,4,5,12,11,4,5,6,5,12,5,
536,0,1,2,3,4,11,4,5,6,5,6,5,4,11,4,5,12,5,4,5,12,5,12,5,6,5,12,5,4,5,
537,0,1,2,3,4,5,6,5,12,5,12,5,12,5,12,5,12,5,6,5,6,5,4,5,12,5,12,5,12,5,
538,0,1,2,3,4,5,12,5,4,5,6,5,4,5,4,5,6,5,12,5,4,5,6,5,4,5,12,5,12,5,
539,0,1,2,3,4,5,4,5,6,5,12,5,12,5,6,5,4,5,6,5,4,5,12,5,4,5,6,5,12,5,
540,0,1,2,3,4,5,4,5,6,5,4,5,6,5,12,5,6,5,4,5,12,5,12,5,12,5,4,5,12,5,
541,0,1,2,3,4,5,12,11,4,5,6,5,4,5,12,5,4,3,4,5,4,5,4,5,6,5,6,5,6,5,
542,0,1,2,3,4,5,6,5,6,5,4,5,6,5,6,5,4,5,6,5,6,5,12,5,12,5,12,5,12,5,
543,0,1,2,1,2,3,4,11,4,11,4,5,4,5,6,5,12,5,12,5,4,5,4,5,6,5,12,5,12,5,
544,0,1,2,3,4,5,4,5,12,11,4,5,12,5,12,5,6,5,6,5,6,5,12,5,6,5,6,5,4,5,
545,0,1,2,3,4,5,4,5,4,5,12,5,12,5,6,13,12,11,4,5,12,5,12,5,12,5,12,5,12,5,
546,0,1,2,3,4,5,6,5,4,5,12,5,12,11,18,11,4,5,4,5,4,5,4,5,4,5,12,5,6,5,
547,0,1,0,1,2,3,10,11,4,5,6,5,6,5,4,5,6,5,4,5,6,5,6,5,6,5,12,5,12,5,
548,0,1,2,3,4,5,6,13,12,5,12,5,6,13,12,5,4,5,12,5,4,5,4,5,6,5,12,5,6,5,
549,0,1,2,3,4,5,4,5,12,5,12,5,6,5,6,5,12,5,6,5,6,5,6,5,4,5,6,5,6,5,
550,0,1,2,3,4,5,12,5,4,5,4,5,6,5,4,5,4,5,12,5,6,5,6,5,4,5,12,5,6,5,
551,0,1,2,3,4,5,12,5,4,5,4,5,4,5,6,5,6,5,4,5,4,5,6,5,6,13,6,5,6,5,
552,0,1,2,3,4,5,12,5,6,5,6,5,6,5,6,5,4,5,12,5,12,5,4,5,6,5,4,5,4,5,
553,0,1,0,1,2,3,4,11,4,5,6,5,4,5,12,5,4,5,4,5,4,5,4,5,4,5,12,19,12,5,
554,0,7,8,9,10,17,10,11,4,5,12,5,12,5,4,11,4,5,12,5,6,5,4,5,4,5,4,5,4,5,
555,0,1,2,3,4,5,12,5,4,5,6,5,6,5,6,5,12,5,4,5,4,5,4,5,4,5,4,5,12,5,
556,0,1,2,3,4,5,12,5,6,5,12,5,12,5,4,5,4,5,6,5,6,5,6,5,4,5,6,5,4,3,
557,0,1,2,3,4,5,4,5,12,5,6,5,6,5,12,5,4,5,12,19,12,5,12,5,6,5,12,5,12,5,
558,0,1,2,3,10,11,4,5,12,5,4,5,12,5,12,5,4,5,4,5,12,5,4,5,4,5,6,5,6,5,
559,0,7,8,9,10,11,4,5,4,5,6,5,12,19,12,5,12,5,12,5,12,5,4,3,4,5,12,5,4,5,
560,0,1,2,3,4,5,12,5,12,5,4,5,4,5,12,5,4,5,12,5,12,5,4,5,4,5,6,5,4,5,
561,0,1,2,3,4,5,12,5,6,5,4,5,12,5,12,5,6,5,12,5,4,5,6,5,6,5,4,5,12,5,
562,0,1,2,3,4,5,6,5,4,5,12,5,6,5,6,5,12,5,6,5,12,5,6,5,4,5,6,5,12,5,
563,0,1,2,3,4,5,12,5,12,5,6,5,4,5,4,5,12,5,6,13,12,5,6,5,6,5,4,5,6,5,
564,0,1,2,3,4,5,6,5,4,5,6,5,4,5,6,5,6,5,4,3,4,5,6,5,6,5,4,5,12,5,
565,0,1,2,9,10,11,4,5,4,5,12,5,4,5,6,5,6,5,12,5,12,5,4,5,4,5,12,5,6,5,
566,0,1,2,3,4,5,6,5,12,5,6,5,12,5,6,5,4,5,4,5,4,5,12,5,12,5,4,5,4,5,
567,0,1,0,1,2,3,4,5,6,5,12,5,12,5,4,5,4,5,4,5,6,5,12,11,4,5,4,5,6,5,
568,0,1,0,1,2,3,4,5,4,3,4,11,4,5,6,13,12,5,12,5,12,5,12,5,4,5,6,5,12,19,
569,0,1,2,3,4,5,4,3,4,5,4,5,6,5,6,5,6,5,12,5,6,5,12,5,4,5,6,5,4,5,
570,0,1,2,3,4,5,4,5,6,5,4,5,12,5,6,5,6,5,6,5,12,5,12,5,12,5,6,5,4,5,
571,0,1,2,3,4,5,6,5,12,5,4,5,4,5,12,5,6,5,6,5,6,5,12,5,12,5,6,5,4,5,
572,0,1,2,3,4,5,6,13,12,5,12,5,6,5,12,5,12,5,4,5,6,5,6,5,12,19,12,19,12,5,
573,0,1,2,3,4,5,12,5,6,5,4,5,6,5,4,5,4,5,12,5,4,5,6,5,4,5,4,5,6,5,
574,0,1,2,9,10,11,4,5,4,5,6,5,4,5,4,5,6,5,4,5,6,5,6,5,4,5,12,5,4,5,
575,0,1,2,9,10,11,4,5,12,5,6,5,4,5,6,5,4,5,4,3,4,5,6,5,6,5,6,5,6,5,
576,0,1,2,3,4,5,4,5,12,19,12,5,4,5,12,5,12,5,4,5,6,5,6,5,12,5,12,5,4,5,
577,0,1,2,3,4,5,4,5,12,5,4,5,12,5,4,5,12,5,4,5,12,5,4,5,6,5,4,5,12,5,
578,0,1,2,3,4,5,6,5,4,5,6,5,6,5,6,5,6,5,12,5,6,5,6,5,6,5,12,5,4,5,
579,0,1,2,3,4,3,4,5,4,5,12,5,4,5,4,5,12,5,6,5,12,5,4,5,12,5,12,5,6,5,
580,0,1,2,3,4,5,12,5,6,5,12,5,6,13,12,5,6,13,12,19,12,5,4,5,6,13,12,5,6,5,
581,0,1,2,1,2,9,10,11,4,5,12,5,12,5,4,5,6,5,6,5,12,5,12,5,4,5,6,5,6,5,
582,0,1,2,3,4,5,6,5,12,5,6,5,12,11,4,5,12,5,6,5,12,5,4,5,4,5,4,5,6,5,
583,0,1,2,3,4,5,12,5,4,5,6,5,12,5,12,5,4,5,12,5,4,5,4,5,12,5,4,5,6,5,
584,0,1,2,3,4,5,4,5,12,5,6,5,4,5,4,5,4,5,6,5,6,5,4,5,6,5,6,5,4,5,
585,0,1,0,1,2,3,4,5,6,5,6,5,6,5,6,5,6,5,4,5,4,5,6,5,6,5,12,5,6,5,
586,0,1,2,3,4,5,4,5,4,5,12,5,6,5,12,5,6,5,6,13,12,5,6,5,6,13,12,5,4,5,
587,0,1,2,3,4,3,4,5,12,5,6,5,4,5,4,5,12,5,12,5,12,5,12,5,6,5,12,5,4,5,
588,0,1,2,3,4,5,4,5,12,5,6,5,6,5,12,5,6,5,6,5,4,5,6,5,6,5,12,5,12,13,
589,0,1,2,3,4,5,4,5,4,5,6,5,12,5,4,5,6,5,12,5,6,5,6,13,12,5,12,5,6,5,
590,0,1,2,3,4,5,12,19,12,5,6,5,6,5,12,5,12,5,12,5,4,5,4,5,6,5,6,13,12,5,
591,0,1,2,3,4,11,4,5,4,5,6,5,4,5,4,5,4,5,12,5,6,5,12,5,4,5,6,5,6,5,
592,0,1,2,3,4,5,6,5,6,5,4,5,6,5,12,5,4,5,12,5,6,5,4,5,6,5,4,5,4,5,
593,0,1,2,1,2,3,4,5,6,13,12,5,6,5,12,11,4,5,4,3,10,11,4,5,4,5,12,5,12,5,
594,0,1,8,9,10,11,4,5,12,11,4,5,4,5,4,5,4,5,6,5,6,5,6,5,6,5,6,5,4,5,
595,0,1,2,3,4,5,4,5,6,5,4,5,6,13,12,13,12,5,6,5,6,5,4,5,12,11,4,5,12,5,
596,0,1,8,9,8,9,10,11,10,11,4,5,4,5,4,5,4,5,6,5,4,5,4,5,6,5,6,5,4,5,
597,0,1,2,3,4,5,6,5,12,5,12,5,12,5,12,5,4,5,4,5,6,5,12,19,12,5,6,5,12,13,
598,0,1,2,3,4,5,12,5,6,5,4,5,6,5,4,5,4,5,4,5,4,5,4,5,4,5,4,5,4,5,
599,0,1,2,3,4,5,6,13,12,5,12,5,6,13,12,5,4,5,12,5,12,5,6,5,12,5,4,5,12,5,
600,0,1,2,3,4,5,6,5,12,5,12,5,12,5,6,5,12,5,4,5,4,3,4,5,6,5,6,5,6,5,
601,0,1,2,3,4,5,6,5,12,5,4,5,12,5,6,5,6,5,4,5,4,5,6,5,12,5,12,11,4,5,
602,0,7,8,9,10,11,4,5,12,5,6,5,6,5,12,5,12,5,6,5,4,5,6,5,4,5,6,5,6,5,
603,0,1,2,3,4,5,6,5,6,5,4,5,4,5,12,5,4,5,12,5,4,3,4,5,4,3,4,5,6,5,
604,0,1,2,3,4,5,12,11,4,5,4,5,6,5,12,5,4,11,4,5,4,5,6,5,4,5,6,5,12,5,
605,0,1,2,9,10,11,4,5,6,13,12,5,6,5,4,5,6,5,6,5,12,5,4,5,12,5,12,5,6,5,
606,0,1,2,3,4,11,4,5,12,11,4,5,4,5,6,13,12,5,12,5,12,5,6,5,6,5,4,5,6,5,
607,0,1,2,3,4,5,12,5,4,5,4,5,4,5,4,5,12,5,12,5,4,5,4,5,4,5,6,5,4,5,
608,0,7,8,1,2,3,4,5,6,5,4,5,6,5,12,5,6,5,6,5,4,5,6,5,6,5,12,5,4,5,
609,0,1,2,3,4,5,4,5,6,5,4,5,12,5,12,5,12,5,6,5,4,5,6,5,6,13,12,5,6,5,
610,0,1,2,3,4,5,4,5,12,5,4,5,4,11,4,5,4,5,4,5,12,5,6,5,12,5,4,5,12,5,
611,0,1,0,1,2,3,4,5,12,5,6,5,12,5,4,5,12,5,12,5,6,5,6,5,6,5,12,5,4,5,
612,0,1,2,3,4,5,6,5,12,5,6,5,4,5,6,5,12,5,12,5,4,5,12,5,4,5,4,5,12,5,
613,0,1,2,3,4,5,6,5,12,5,4,5,6,5,12,5,4,5,4,5,6,5,6,5,4,5,12,5,6,5,
614,0,1,8,9,10,11,4,5,6,5,12,5,4,5,4,5,12,5,12,5,6,5,12,5,4,5,4,5,12,5,
615,0,1,2,3,4,5,4,5,6,5,4,5,4,5,12,5,4,5,6,5,4,5,12,5,4,3,4,5,4,5,
616,0,1,2,3,4,5,4,5,6,5,12,5,4,3,4,5,6,5,6,5,6,5,4,5,12,5,6,5,6,5,
617,0,1,2,3,4,5,6,5,4,5,6,5,4,5,6,5,6,5,6,5,6,5,12,5,12,5,6,5,4,5,
618,0,1,2,3,4,5,12,5,6,5,4,11,4,3,4,5,12,5,12,5,6,5,12,5,4,5,4,5,12,5,
619,0,1,2,3,2,3,4,5,4,5,12,5,6,5,12,5,12,5,6,5,4,11,4,5,12,5,4,11,18,11,
620,0,1,2,3,4,5,12,19,12,5,12,5,4,5,4,5,4,5,6,5,12,5,4,5,4,5,6,13,12,5,
621,0,1,2,3,4,5,4,5,6,5,6,5,4,5,4,5,4,5,6,5,6,5,12,5,6,5,12,5,12,5,
622,0,1,2,3,2,3,4,5,4,5,6,5,6,5,6,5,12,5,4,5,4,5,4,5,4,5,12,5,6,5,
623,0,1,2,3,4,5,12,5,4,5,4,5,6,5,12,5,6,5,4,5,6,5,6,5,12,11,4,5,6,5,
624,0,1,2,3,4,5,4,5,6,5,6,5,12,5,12,5,4,5,6,5,12,5,4,5,12,5,4,5,6,5,
625,0,1,8,9,10,11,4,5,4,5,4,5,12,5,12,5,4,5,4,5,4,5,12,5,6,5,6,5,4,5,
626,0,1,2,3,4,5,6,5,12,5,12,5,6,5,6,5,12,5,12,5,12,5,6,5,4,5,12,5,12,5,
627,0,1,2,3,4,11,4,5,12,5,12,5,6,5,4,11,4,5,12,5,12,5,6,5,6,5,4,5,6,5,
628,0,1,2,3,2,3,4,5,12,13,12,5,12,5,4,5,6,5,12,5,4,5,12,5,12,19,12,5,4,5,
629,0,1,2,3,4,5,4,3,2,3,4,5,6,5,4,11,4,5,12,5,6,5,4,5,12,5,12,5,4,5,
630,0,1,2,3,4,5,4,5,4,5,4,5,6,5,12,5,12,5,4,11,4,5,12,5,12,5,6,5,4,5,
631,0,1,8,9,10,11,4,5,4,5,4,5,12,11,4,5,6,5,12,5,12,5,4,5,4,5,12,11,4,5,
632,0,1,2,3,4,5,4,5,4,5,6,5,12,5,12,5,6,5,6,5,6,5,12,5,4,5,6,5,6,5,
633,0,1,2,3,4,5,4,5,6,5,4,5,4,5,6,5,12,5,6,5,12,5,6,5,4,5,4,3,4,5,
634,0,1,2,3,4,5,12,5,12,5,12,5,6,5,6,5,6,5,12,5,12,5,4,5,4,5,6,5,6,5,
635,0,1,8,9,10,11,4,5,4,5,6,5,6,5,12,5,4,5,12,5,4,5,4,5,4,5,12,5,4,5,
636,0,1,2,3,4,5,12,5,12,5,6,5,6,5,12,5,4,5,4,5,4,5,4,5,12,5,6,5,4,5,
637,0,1,2,3,4,5,4,5,4,5,4,5,6,5,12,5,12,5,4,5,12,5,6,5,4,5,6,5,4,5,
638,0,1,2,1,2,3,4,5,4,5,4,5,4,5,6,5,6,5,4,5,4,5,4,5,4,5,4,5,6,5,
639,0,1,2,3,10,11,4,5,6,5,12,11,4,5,4,5,12,5,4,5,4,5,12,5,6,13,12,5,6,5,
640,0,1,2,3,4,5,4,5,4,5,12,5,4,5,6,5,4,5,12,5,4,5,12,5,6,5,6,5,4,5,
641,0,1,2,3,4,5,6,5,4,5,12,5,6,5,12,11,4,5,6,5,12,5,6,5,4,5,12,5,12,5,
642,0,1,2,3,4,5,12,5,6,5,6,5,6,5,12,5,6,5,6,5,4,5,6,5,6,5,12,5,4,5,
643,0,1,2,3,4,5,12,13,12,5,12,5,12,5,12,11,4,5,6,5,6,5,4,5,6,5,12,5,12,5,
644,0,1,2,3,4,5,12,5,6,5,12,5,6,5,12,5,4,5,4,5,4,5,4,5,4,5,6,5,6,5,
645,0,1,2,3,4,5,6,5,4,5,6,5,4,5,6,5,4,5,12,5,12,5,12,5,6,5,4,5,6,5,
646,0,1,2,3,4,5,4,5,6,5,6,5,6,5,6,5,6,13,12,5,6,13,12,5,4,5,6,5,4,5,
647,0,1,0,1,2,3,4,5,4,5,6,5,6,5,6,5,6,5,12,5,12,5,12,5,4,5,4,5,4,5,
648,0,7,8,9,10,11,4,5,6,13,12,5,4,5,12,5,6,5,6,5,4,5,12,5,4,5,12,5,4,5,
649,0,1,2,3,4,5,12,5,12,5,6,5,12,5,6,5,4,5,12,5,4,5,4,5,4,5,4,5,12,5,
650,0,7,8,9,10,11,4,5,12,5,6,5,12,5,6,5,12,5,6,5,4,11,4,5,4,5,4,5,12,5,
651,0,1,2,3,4,5,12,5,6,13,12,11,4,5,4,5,6,5,4,5,6,13,12,5,4,3,4,5,12,5,
652,0,1,2,3,4,5,4,5,12,5,6,5,6,5,4,5,12,5,4,5,4,5,12,5,12,5,6,13,12,5,
653,0,1,2,3,4,5,12,5,12,5,6,5,4,5,12,5,6,5,4,3,4,5,6,5,6,5,12,5,4,5,
654,0,1,2,3,4,3,4,5,6,5,4,5,4,5,12,5,4,5,6,5,6,5,6,5,4,5,6,5,4,5,
655,0,1,2,3,4,5,6,5,4,5,12,5,6,5,12,5,12,5,4,5,12,5,4,5,4,5,6,5,6,5,
656,0,1,2,3,4,5,4,5,6,5,12,5,12,5,12,5,4,5,4,5,4,5,12,5,6,5,6,5,6,5,
657,0,1,2,3,4,5,4,5,6,5,4,11,4,5,4,5,12,5,6,5,4,5,6,5,12,5,4,5,12,5,
658,0,1,2,3,4,5,6,13,12,5,4,5,4,5,6,5,6,5,12,5,12,5,4,5,12,5,6,5,4,5,
659,0,1,2,3,10,11,4,5,12,11,4,5,12,5,6,5,6,5,12,5,12,5,12,5,12,5,6,5,12,5,
660,0,1,2,3,10,11,4,5,4,11,18,11,4,5,6,5,4,5,12,5,4,5,12,5,6,5,12,5,4,5,
661,0,1,2,3,4,5,6,5,6,5,6,5,6,5,6,5,12,5,6,5,6,5,6,5,6,5,12,5,6,5,
662,0,1,2,3,4,5,4,5,4,5,12,5,4,5,12,5,6,5,4,5,4,5,12,5,6,5,4,5,4,5,
663,0,1,2,3,4,5,6,5,12,5,6,5,12,5,6,5,6,5,6,5,12,5,12,5,6,5,12,19,12,5,
664,0,1,2,3,4,5,6,13,12,5,6,5,6,5,12,5,6,5,12,5,4,5,4,5,12,5,4,5,12,5,
665,0,1,2,3,4,5,6,5,12,5,4,5,12,5,12,5,12,5,4,5,4,5,12,5,12,5,6,5,12,5,
666,0,1,2,3,4,5,4,5,4,11,4,5,6,5,12,5,4,5,4,11,4,5,4,5,6,5,4,5,4,5,
667,0,1,2,3,4,5,6,5,6,5,12,19,12,5,6,13,12,5,12,5,12,5,12,5,4,5,6,5,6,5,
668,0,1,2,3,4,5,6,5,4,11,4,5,12,5,4,5,12,5,12,5,4,5,12,5,4,11,4,5,4,5,
669,0,1,2,3,4,5,6,5,6,5,4,5,12,5,4,5,4,5,6,5,4,5,12,5,4,11,4,5,12,5,
670,0,1,2,3,4,5,6,5,6,5,6,5,4,5,4,5,4,5,6,5,4,5,4,5,6,5,4,5,4,5,
671,0,1,2,3,4,5,6,5,6,5,12,5,6,5,12,5,4,5,12,5,12,5,12,5,4,5,12,5,6,5,
672,0,1,2,3,4,5,12,5,12,5,12,5,4,5,6,5,6,5,4,5,4,5,6,5,12,5,6,5,4,5,
673,0,1,2,3,4,5,4,5,12,5,4,5,6,5,4,5,6,5,12,5,12,5,4,11,4,5,12,5,12,5,
674,0,1,2,3,4,5,12,5,6,5,6,5,4,5,12,5,6,5,12,5,4,5,12,5,4,3,4,11,4,5,
675,0,1,2,3,2,3,4,5,12,5,6,5,12,5,4,5,6,5,4,5,12,5,4,5,12,5,4,5,6,5,
676,0,1,2,3,4,5,4,5,6,5,12,19,12,5,4,5,4,5,12,5,6,5,12,5,12,5,4,5,12,5,
677,0,1,2,3,4,5,12,5,12,5,4,5,6,5,4,5,6,5,6,5,4,5,12,5,4,5,4,5,4,5,
678,0,1,2,3,4,5,6,5,4,5,6,5,4,5,4,5,4,5,12,19,12,5,12,5,6,5,4,5,4,5,
679,0,1,2,3,4,5,4,5,4,5,6,5,4,5,6,13,12,5,12,5,4,5,6,5,12,11,12,5,4,5,
680,0,1,2,3,4,5,12,5,12,5,4,5,12,5,6,5,12,5,6,5,12,5,12,5,12,5,4,5,12,5,
681,0,1,2,3,4,3,4,5,6,5,6,5,4,5,4,5,12,5,4,5,6,5,4,5,6,5,4,5,6,5,
682,0,7,8,9,10,11,4,11,4,5,12,5,12,5,6,5,6,5,12,5,12,5,4,5,6,5,4,5,6,5,
683,0,1,2,3,4,11,10,11,4,5,6,5,12,5,12,5,6,5,6,5,4,5,12,5,6,5,4,5,12,5,
684,0,1,8,9,10,11,4,5,12,5,4,5,12,5,6,5,6,5,6,5,6,5,12,5,12,19,12,5,12,5,
685,0,1,2,3,4,5,12,5,6,5,12,5,4,5,4,5,6,5,6,5,6,5,4,5,12,5,12,5,6,5,
686,0,1,8,9,10,11,4,5,12,5,6,5,6,5,4,5,4,5,12,19,12,5,6,5,12,5,4,5,4,5,
687,0,1,2,3,4,5,4,5,6,5,6,5,12,13,12,5,12,19,12,5,12,5,6,5,12,5,4,5,12,5,
688,0,1,2,3,4,5,6,5,6,5,6,5,12,5,6,5,6,5,12,5,4,5,4,5,12,5,6,5,12,5,
689,0,1,2,3,2,3,4,5,12,5,6,5,4,5,12,5,12,5,6,5,6,5,12,5,12,5,12,5,6,5,
690,0,1,2,3,4,5,4,5,12,5,6,5,6,5,6,5,12,5,6,5,12,13,12,5,4,5,12,5,4,5,
691,0,1,2,3,2,3,4,5,6,5,4,5,12,5,12,5,4,5,4,5,6,5,6,5,4,5,6,5,4,5,
692,0,1,2,3,4,5,4,5,4,5,12,5,12,5,4,5,12,5,12,5,12,5,12,5,12,5,12,5,12,5,
693,0,1,2,3,4,5,6,13,12,13,12,5,12,5,12,11,4,5,6,5,4,5,6,5,4,5,6,5,4,5,
694,0,7,8,9,10,11,4,5,12,5,12,5,6,5,12,5,6,5,6,5,4,5,12,5,12,5,4,5,4,5,
695,0,7,8,9,8,9,10,11,4,5,12,5,12,5,12,5,6,5,12,5,12,5,12,5,12,5,6,5,6,5,
696,0,1,2,3,4,5,6,5,4,5,4,5,4,5,12,5,6,5,6,5,12,5,6,5,12,5,4,5,12,13,
697,0,1,2,3,4,5,12,5,12,5,6,5,12,5,4,5,6,5,6,5,12,5,12,5,6,5,6,5,4,5,
698,0,1,2,3,4,5,12,5,12,5,4,5,12,5,6,5,4,5,6,5,4,5,12,5,4,5,4,5,12,5,
699,0,1,2,3,4,5,12,5,4,5,6,5,6,5,12,5,12,5,6,5,12,5,6,5,6,5,6,5,4,5,
700,0,1,2,3,4,5,12,13,12,5,6,13,12,5,6,5,12,5,4,5,12,11,18,11,12,5,4,5,6,5,
701,0,1,2,3,4,5,12,13,6,5,12,5,12,5,12,5,6,5,12,5,6,5,6,5,12,5,12,5,6,5,
702,0,1,2,3,4,5,6,5,12,5,4,5,4,5,6,5,6,5,4,5,6,5,4,5,12,19,12,5,12,5,
703,0,1,2,3,4,5,6,5,4,5,6,5,4,5,4,5,4,5,12,5,6,5,4,5,12,19,26,19,12,5,
704,0,1,2,3,4,5,6,5,4,5,6,5,6,5,12,5,12,5,4,5,4,5,6,5,6,5,4,5,4,5,
705,0,1,2,3,10,11,4,5,6,5,4,5,12,5,4,3,4,5,6,5,4,11,4,5,6,5,4,5,4,5,
706,0,1,2,3,4,5,6,5,6,5,6,5,6,5,4,5,6,5,4,5,12,5,12,11,4,5,12,5,12,5,
707,0,1,2,3,4,5,4,5,6,5,6,5,4,5,6,5,6,5,12,5,12,5,12,5,6,5,6,5,6,5,
708,0,1,2,3,4,5,6,5,12,5,6,5,12,5,6,5,6,5,4,5,4,5,12,5,12,5,12,5,12,5,
709,0,1,2,3,4,5,6,5,6,5,12,5,4,5,4,5,4,5,12,5,6,5,4,5,12,5,6,5,12,5,
710,0,1,2,3,4,11,4,5,6,5,4,3,4,5,4,5,12,5,6,5,6,5,4,5,6,5,6,5,12,5,
711,0,1,2,3,4,5,4,5,6,5,4,5,4,5,4,5,12,5,6,5,6,5,12,5,4,5,6,5,6,5,
712,0,1,2,3,4,5,6,5,4,5,12,5,4,5,12,5,12,5,6,5,12,5,12,5,6,5,4,5,4,5,
713,0,1,2,3,4,5,6,5,6,5,6,5,6,5,4,5,12,5,4,5,4,5,12,5,6,5,12,5,12,5,
714,0,1,2,3,4,5,12,5,6,5,12,5,6,5,12,5,6,5,12,5,6,5,6,5,4,5,4,5,4,5,
715,0,7,8,9,10,11,4,5,6,5,4,5,12,5,4,5,12,5,12,5,6,5,4,5,12,5,6,13,12,5,
716,0,1,2,3,4,3,4,5,6,5,12,5,6,13,12,19,12,5,6,5,6,5,4,5,12,5,4,5,4,5,
717,0,1,2,3,4,5,4,5,4,5,12,5,6,5,4,5,6,5,6,5,4,5,4,5,12,5,12,5,12,5,
718,0,1,2,3,4,5,4,5,6,5,6,13,6,5,12,5,4,5,4,5,6,5,6,5,4,5,6,5,6,5,
719,0,1,2,3,2,3,4,5,6,5,6,5,6,5,4,5,12,5,4,5,4,5,6,5,12,5,12,5,6,5,
720,0,1,2,3,4,5,12,5,12,5,6,5,6,5,12,5,4,5,12,5,12,5,12,5,6,5,4,5,12,5,
721,0,1,2,3,4,5,6,13,12,5,4,5,6,5,4,5,6,5,4,5,6,5,4,5,6,5,4,5,12,5,
722,0,1,2,3,4,5,4,5,6,5,12,5,12,5,12,5,4,5,6,5,6,5,6,5,4,11,4,5,6,5,
723,0,1,2,3,4,5,12,5,12,5,12,11,4,5,4,5,4,5,6,13,12,5,4,5,12,5,12,5,4,5,
724,0,1,2,3,4,5,6,5,4,5,6,5,4,5,4,5,4,5,4,5,6,5,6,5,4,5,4,11,4,5,
725,0,1,2,3,4,5,4,5,4,5,4,5,12,5,6,5,6,5,12,5,6,5,12,5,12,5,6,5,6,5,
726,0,1,2,3,4,5,12,5,6,5,12,19,12,5,6,5,6,5,6,5,12,5,12,5,6,5,12,5,4,5,
727,0,1,2,3,4,5,6,5,4,5,12,5,4,5,12,5,6,13,12,5,12,5,6,5,12,5,6,5,6,5,
728,0,1,2,3,4,5,12,5,12,13,12,5,6,5,6,5,4,5,4,5,12,5,12,5,12,5,12,5,6,5,
729,0,1,2,9,2,3,4,5,12,5,12,5,6,5,12,5,12,5,4,5,12,5,4,5,6,5,4,5,12,5,
730,0,1,2,3,4,5,4,5,4,5,4,5,4,5,12,5,12,5,12,5,6,5,4,5,4,5,12,5,12,5,
731,0,1,2,3,4,5,12,11,4,5,12,5,12,5,4,5,4,5,12,5,12,5,12,5,6,5,4,5,4,5,
732,0,1,2,3,4,5,12,5,12,5,6,5,12,5,6,5,6,5,4,5,4,3,10,11,4,3,4,5,12,5,
733,0,1,2,3,4,5,12,5,4,3,4,5,12,5,6,5,6,5,12,5,4,5,6,13,12,5,12,5,6,5,
734,0,1,2,3,4,5,4,5,12,5,4,5,4,5,4,5,12,5,6,5,4,5,4,5,4,5,6,5,12,5,
735,0,1,2,3,4,5,12,5,4,11,4,5,6,5,12,13,12,5,6,5,12,5,4,5,12,5,12,5,4,5,
736,0,1,2,3,4,5,12,5,12,5,12,5,12,5,6,5,4,5,6,5,4,5,6,5,12,5,12,5,4,5,
737,0,1,2,3,4,5,6,5,6,5,12,5,6,5,6,5,6,5,4,5,6,5,4,5,6,5,4,5,12,5,
738,0,1,2,3,4,5,6,5,4,5,6,5,12,5,4,5,4,5,4,5,12,5,12,5,6,5,6,5,6,13,
739,0,1,8,9,10,11,4,5,12,5,4,5,6,5,12,5,6,5,12,5,4,5,4,3,4,5,6,5,6,5,
740,0,1,2,3,4,5,12,5,12,13,12,5,12,5,12,5,4,5,6,5,6,5,6,5,6,5,12,5,12,5,
741,0,1,2,3,4,5,12,5,4,5,6,5,6,5,12,5,12,5,4,5,6,5,6,5,12,5,6,13,12,5,
742,0,1,2,1,2,3,2,3,4,5,6,5,6,5,12,5,6,5,6,5,4,5,12,5,6,5,6,5,6,5,
743,0,1,2,3,4,5,4,5,6,5,12,5,4,11,4,5,6,13,12,5,12,5,12,5,12,5,12,5,6,5,
744,0,1,2,3,4,5,4,5,4,5,12,5,12,5,4,5,6,5,6,13,12,5,4,5,4,5,4,5,6,5,
745,0,1,2,3,4,5,4,5,12,5,6,5,4,5,6,5,4,5,6,5,6,5,6,5,6,5,6,5,4,5,
746,0,1,2,3,10,11,4,5,12,5,4,5,4,5,6,5,6,5,4,5,4,5,12,5,4,5,6,5,12,5,
747,0,1,2,3,4,5,4,5,4,5,12,13,6,5,12,5,6,13,12,5,4,5,12,5,4,5,6,5,4,5,
748,0,1,2,3,4,5,6,5,6,5,6,5,6,5,6,5,12,5,12,5,12,5,4,5,12,5,4,5,12,5,
749,0,1,2,3,4,5,6,5,4,5,6,5,4,5,12,5,6,5,4,5,4,3,4,5,4,11,4,5,6,5,
750,0,1,8,9,10,11,4,5,6,5,6,5,4,5,4,5,4,5,6,5,12,5,4,5,12,5,4,5,6,5,
751,0,7,8,9,10,11,4,5,12,5,12,5,12,5,6,5,6,5,4,5,4,5,6,5,6,5,6,5,6,5,
752,0,1,8,9,10,11,4,5,4,5,12,5,12,5,6,13,12,5,6,5,4,5,6,5,12,5,6,5,6,13,
753,0,1,2,3,4,5,4,5,4,5,4,5,6,5,12,5,6,5,6,5,6,5,4,5,12,5,12,5,4,5,
754,0,1,2,3,4,5,4,5,4,5,4,3,2,3,4,3,4,5,12,5,6,5,4,5,12,5,4,5,12,5,
755,0,1,2,3,4,5,12,5,12,5,6,5,12,5,12,5,4,5,6,5,4,5,12,5,4,5,6,5,6,5,
756,0,1,2,3,4,5,4,5,6,13,12,13,12,5,4,5,12,5,12,5,6,5,6,5,12,5,12,13,12,5,
757,0,1,2,3,4,5,4,5,12,5,12,5,6,5,4,5,12,5,6,5,12,19,12,5,12,5,6,5,6,5,
758,0,1,2,3,4,5,4,5,12,5,12,19,12,5,6,5,6,5,12,5,4,5,12,5,12,5,12,5,12,5,
759,0,1,2,3,4,5,6,5,4,5,12,5,12,5,12,11,4,5,12,5,6,5,6,5,4,5,4,5,12,5,
760,0,1,2,3,4,5,4,5,6,5,6,5,6,5,4,5,6,5,12,5,12,5,12,5,6,5,6,5,4,5,
761,0,1,2,3,4,5,4,5,6,5,12,5,6,5,12,5,4,5,6,5,4,11,4,5,4,5,6,13,6,5,
762,0,1,2,3,4,5,6,5,6,5,4,5,4,11,4,5,4,5,4,5,4,5,6,5,6,5,12,5,6,5,
763,0,1,2,3,4,5,12,5,12,5,12,5,6,5,6,5,12,5,6,5,4,5,4,5,4,5,4,5,6,5,
764,0,1,2,3,4,5,4,5,12,5,6,5,12,19,12,5,4,5,6,5,4,5,12,5,6,5,12,5,6,13,
765,0,1,2,3,4,5,6,5,12,5,12,5,12,5,6,5,6,5,12,5,4,11,4,5,6,13,12,5,12,5,
766,0,1,2,3,4,5,4,5,6,5,4,5,4,5,6,5,4,5,4,5,6,5,4,5,4,5,6,5,12,5,
767,0,1,2,3,4,5,4,5,12,5,12,13,12,5,6,5,4,5,6,5,4,5,4,5,12,5,4,5,4,5,
768,0,1,2,3,10,11,4,5,6,5,6,13,12,5,12,5,6,5,6,5,6,5,4,5,6,5,6,5,6,5,
769,0,1,2,3,4,5,6,5,12,5,12,5,12,5,12,5,6,5,6,5,6,5,4,5,6,5,4,5,6,5,
770,0,1,2,3,4,5,6,5,12,5,12,5,12,5,12,5,6,5,6,5,4,5,12,5,6,5,4,11,4,5,
771,0,1,2,3,4,5,12,19,12,5,4,5,12,5,4,5,4,3,4,5,12,5,6,5,4,5,12,5,4,5,
772,0,1,2,3,4,5,6,5,6,5,6,5,12,5,4,5,4,5,4,5,12,5,4,5,6,5,4,5,4,5,
773,0,1,8,9,10,11,4,5,4,5,4,3,4,5,6,5,12,5,4,5,4,5,4,5,12,5,6,5,4,5,
774,0,1,2,3,4,5,4,5,6,5,4,3,4,5,12,5,4,5,6,5,12,5,4,5,12,5,6,5,6,5,
775,0,1,2,3,4,5,6,5,4,5,6,5,6,5,6,5,12,13,12,5,6,5,12,5,4,5,4,5,12,5,
776,0,1,2,3,4,11,4,5,4,5,6,5,6,5,6,5,12,5,4,5,6,5,4,5,12,5,6,5,4,5,
777,0,1,2,3,10,11,4,3,10,11,4,5,12,5,6,5,6,5,6,5,4,5,12,5,12,5,4,5,6,5,
778,0,1,2,3,4,5,4,5,12,19,12,19,12,5,4,5,6,5,4,5,4,5,6,5,12,11,4,5,12,5,
779,0,1,2,3,4,5,6,5,4,5,6,5,4,5,6,5,6,5,12,5,12,5,12,5,4,5,12,11,4,5,
780,0,1,2,3,4,5,6,13,12,5,6,5,12,5,4,5,6,5,12,5,4,5,6,5,6,5,6,5,6,5,
781,0,1,2,3,4,5,4,11,4,5,6,5,6,5,12,5,4,5,6,5,6,5,4,5,12,5,4,5,4,5,
782,0,1,2,3,4,11,4,5,4,5,12,5,6,5,12,5,4,5,4,5,6,5,6,5,6,5,6,5,6,5,
783,0,1,2,3,4,5,12,5,6,5,12,5,6,5,12,5,6,5,6,5,6,5,4,5,6,5,12,5,6,5,
784,0,1,2,3,4,5,6,5,12,5,12,5,12,5,6,5,4,5,6,5,4,5,12,5,4,5,12,5,12,5,
785,0,1,2,3,4,11,4,5,6,5,6,13,12,5,12,5,12,5,12,5,4,5,4,5,6,5,4,5,4,11,
786,0,1,2,3,4,5,12,5,4,5,12,5,4,5,12,19,12,5,12,5,12,5,6,5,6,5,4,11,4,5,
787,0,1,2,3,4,5,12,5,6,5,6,5,6,5,6,5,12,5,6,5,12,5,6,5,6,5,12,5,12,5,
788,0,1,2,3,4,5,6,5,12,5,6,5,6,5,6,5,12,11,4,5,4,5,4,5,12,5,4,5,4,3,
789,0,1,2,3,4,5,12,5,6,5,4,11,4,5,12,5,6,5,12,5,6,5,12,5,4,5,12,5,12,5,
790,0,1,0,1,2,3,4,5,12,5,4,5,12,5,4,5,6,5,6,5,12,5,6,5,12,5,12,5,6,5,
791,0,1,2,3,4,5,12,5,12,5,6,5,12,5,4,5,4,5,12,19,12,5,4,5,6,5,12,5,12,5,
792,0,1,2,3,4,5,12,5,6,5,4,5,4,5,6,5,6,5,6,5,4,5,4,5,6,5,6,5,4,5,
793,0,1,2,3,4,5,12,5,6,5,12,5,12,5,12,5,6,5,6,5,4,5,6,5,12,5,6,5,4,5,
794,0,1,2,3,4,5,6,5,4,5,4,5,12,5,12,5,6,5,12,5,4,5,4,5,6,5,12,5,12,5,
795,0,1,2,3,4,5,4,5,4,5,12,5,12,13,12,11,4,5,4,5,4,5,4,5,12,5,12,5,4,5,
796,0,1,2,3,4,5,4,5,4,5,12,5,12,5,4,5,4,5,4,5,6,5,4,5,6,5,12,5,6,5,
797,0,1,2,3,4,5,6,5,6,5,6,5,6,5,6,5,4,11,4,5,6,5,6,5,6,5,4,5,6,13,
798,0,1,2,3,4,5,4,5,6,13,12,5,12,5,12,13,12,5,12,5,4,5,6,13,12,5,6,5,4,5,
799,0,1,2,3,4,5,12,5,12,5,6,5,12,5,4,5,6,5,4,5,4,5,6,5,4,5,6,5,6,5,
800,0,1,2,3,4,5,4,11,4,5,6,5,6,5,6,5,6,13,12,5,12,5,4,5,4,5,12,5,4,5,
801,0,1,2,3,4,5,4,5,12,5,12,11,4,5,12,5,4,5,12,5,6,5,12,5,6,5,6,5,12,5,
802,0,1,2,3,4,5,12,5,4,5,12,5,6,5,12,5,4,5,12,5,6,5,6,5,6,5,12,5,12,5,
803,0,1,2,3,4,5,4,5,6,5,12,5,12,5,12,5,4,5,4,5,4,5,6,13,12,5,6,5,12,5,
804,0,1,2,3,4,5,12,11,4,5,6,13,12,5,12,5,6,5,4,5,4,5,12,5,4,11,4,5,12,5,
805,0,1,2,3,4,5,4,5,12,5,12,5,6,5,4,5,6,5,12,5,6,5,12,5,4,5,4,5,6,5,
806,0,1,2,3,4,5,12,5,4,5,12,5,6,5,6,5,6,5,4,5,6,13,12,5,4,5,12,5,12,5,
807,0,1,2,3,4,5,12,5,6,5,12,5,6,5,12,5,12,5,6,5,4,11,4,5,12,5,12,5,4,5,
808,0,1,2,3,4,5,12,5,4,5,6,5,6,5,6,5,4,5,12,5,6,5,12,5,6,5,12,13,12,5,
809,0,1,2,3,4,3,2,3,4,5,6,5,12,5,4,5,12,5,12,5,12,5,4,5,12,5,4,5,4,5,
810,0,1,2,3,4,5,4,5,6,5,4,5,12,5,4,5,12,5,4,5,12,19,12,5,6,5,6,5,4,5,
811,0,1,2,3,4,5,4,5,12,5,4,5,12,5,6,5,4,5,12,5,12,5,6,5,4,5,12,5,4,5,
812,0,1,2,3,4,5,6,5,12,5,6,5,12,5,6,5,4,5,4,5,6,5,4,5,4,5,12,5,12,5,
813,0,1,2,9,10,11,4,11,4,5,6,5,12,5,12,5,4,5,12,5,12,13,12,19,12,5,12,5,12,5,
814,0,1,2,3,10,11,4,5,4,5,6,5,12,5,12,5,4,5,6,5,12,11,4,11,4,5,12,5,4,5,
815,0,1,2,3,4,5,12,5,12,5,6,5,6,5,6,5,12,5,4,5,12,5,12,5,4,5,6,5,12,5,
816,0,1,2,3,2,3,4,5,6,5,4,5,12,5,6,5,12,5,12,5,6,5,4,5,12,5,12,5,12,5,
817,0,1,2,1,2,3,4,5,4,5,12,5,6,5,12,5,6,5,6,5,12,5,6,5,12,5,4,5,12,5,
818,0,1,2,3,4,5,12,11,4,5,12,5,12,5,12,5,6,5,12,11,4,5,6,13,12,5,12,5,12,5,
819,0,1,2,1,2,3,4,11,4,5,4,5,6,5,12,5,12,5,4,5,6,5,6,5,4,5,6,5,12,5,
820,0,1,2,3,4,5,4,5,12,5,12,5,4,5,12,5,12,5,12,5,12,5,12,5,4,5,12,5,6,5,
821,0,1,2,3,4,5,4,5,4,5,6,5,4,5,4,5,12,5,4,5,6,5,12,5,4,5,6,5,12,5,
822,0,1,2,3,4,5,12,5,6,5,12,5,6,5,6,5,4,5,12,5,12,5,6,5,12,5,4,5,12,5,
823,0,1,2,3,4,5,6,5,6,5,4,5,12,5,12,5,4,5,6,5,12,5,6,5,4,3,4,5,6,5,
824,0,1,2,3,4,5,12,5,6,5,4,5,12,5,4,5,12,5,4,5,4,5,6,5,12,5,12,5,12,5,
825,0,1,2,3,4,5,12,5,6,5,12,5,4,5,4,5,4,5,12,5,12,5,4,5,12,5,12,5,12,5,
826,0,1,2,3,4,5,12,5,4,5,12,5,12,5,6,5,12,5,6,5,12,5,6,5,12,5,12,5,6,5,
827,0,1,2,3,4,3,4,5,6,5,12,5,4,5,4,5,4,5,12,5,4,5,4,5,4,5,4,5,12,5,
828,0,1,2,3,4,5,4,5,4,5,4,5,6,5,4,5,6,5,12,5,4,5,12,5,12,5,6,5,6,5,
829,0,1,2,3,2,3,4,5,4,5,4,5,6,5,12,5,12,5,4,5,12,5,12,5,4,5,6,5,6,5,
830,0,1,2,3,4,5,12,5,12,5,4,5,12,5,4,5,12,5,6,5,6,5,12,5,4,5,6,5,6,5,
831,0,1,2,3,4,5,6,5,6,5,4,5,6,5,4,5,4,5,6,5,6,5,6,5,12,5,12,13,12,5,
832,0,1,2,3,4,5,12,5,6,5,6,5,6,5,12,5,6,5,6,5,6,5,6,5,4,5,6,5,6,5,
833,0,1,2,9,2,9,10,3,4,5,4,5,6,5,6,5,4,5,12,5,6,5,12,13,12,13,12,5,6,5,
834,0,1,2,3,4,5,12,5,12,5,12,5,4,5,12,5,6,13,12,13,12,5,12,19,12,5,6,5,12,5,
835,0,1,2,3,4,5,6,5,6,5,4,5,12,5,12,5,6,13,12,5,12,5,4,11,4,5,6,5,12,5,
836,0,1,2,3,4,5,4,5,12,5,12,19,12,5,4,5,6,5,6,5,12,5,6,5,4,5,6,5,6,5,
837,0,1,2,3,4,5,6,5,12,5,6,5,12,5,6,5,4,5,4,5,6,5,4,5,12,5,4,5,6,5,
838,0,1,2,3,4,5,12,5,6,5,4,5,6,5,6,5,6,5,12,5,6,5,4,5,4,5,6,5,6,5,
839,0,1,2,1,2,3,4,5,6,5,6,5,4,5,6,5,12,5,4,5,4,5,6,5,6,5,12,5,12,5,
840,0,1,2,3,4,5,4,5,4,11,4,5,6,13,12,5,6,5,6,5,12,5,12,5,12,5,6,5,4,5,
841,0,1,2,3,4,5,6,5,12,5,6,5,6,5,6,13,12,5,4,5,12,5,12,5,12,5,6,5,4,5,
842,0,1,2,3,4,5,6,5,6,5,6,5,4,5,6,5,12,5,4,5,6,5,6,5,6,5,4,5,6,5,
843,0,1,2,1,2,3,4,5,4,5,12,5,6,5,12,5,6,5,4,5,12,5,12,5,12,5,6,5,4,5,
844,0,1,2,3,4,5,12,5,6,5,6,5,12,5,6,5,6,5,6,13,12,19,12,5,6,5,6,5,4,3,
845,0,1,2,3,4,5,6,5,12,5,12,5,6,5,6,5,12,5,4,5,6,5,6,5,6,5,6,5,12,5,
846,0,1,2,3,4,5,12,5,6,5,6,13,12,5,4,5,6,5,12,5,12,5,4,5,4,5,12,5,6,5,
847,0,1,2,3,4,5,6,5,6,5,12,5,6,5,6,5,6,5,6,5,12,11,12,5,6,5,6,5,12,5,
848,0,1,2,3,4,5,6,5,6,5,12,5,12,5,12,5,4,5,12,5,4,5,4,5,6,13,12,5,6,5,
849,0,1,2,3,4,5,4,5,6,5,12,5,6,5,4,5,12,5,12,5,4,5,6,5,6,5,6,13,12,5,
850,0,1,2,3,4,5,6,5,4,5,4,5,12,5,4,5,6,5,12,11,12,5,12,5,12,5,6,5,12,5,
851,0,1,2,3,4,5,4,5,6,5,6,5,12,5,12,5,6,5,12,5,6,5,12,5,6,5,4,5,4,5,
852,0,1,2,3,4,5,4,11,12,5,6,5,6,13,12,5,12,5,6,5,12,5,6,5,4,5,6,5,12,5,
853,0,1,8,9,8,9,10,11,12,5,4,5,6,5,4,5,6,5,4,5,12,5,12,5,4,5,6,5,4,5,
854,0,1,2,3,4,5,4,5,12,5,4,5,6,5,12,5,12,5,4,5,6,5,4,5,6,13,12,5,4,5,
855,0,1,2,3,4,5,12,5,4,5,12,5,12,5,4,5,12,5,12,5,6,5,4,5,12,5,4,5,6,5,
856,0,1,2,3,4,5,4,5,6,5,6,5,4,5,4,5,12,5,6,5,12,5,12,5,6,5,6,5,6,5,
857,0,1,2,3,4,5,6,5,12,19,12,5,12,5,6,5,6,5,12,5,12,5,4,5,4,5,12,5,6,13,
858,0,1,2,3,4,5,6,5,6,5,12,5,12,5,4,5,4,11,12,5,6,5,12,13,12,5,6,5,6,5,
859,0,1,2,1,2,3,4,5,4,5,12,5,4,5,6,5,4,5,4,5,4,5,6,5,4,5,4,5,12,5,
860,0,1,2,3,4,5,6,5,4,5,4,5,12,5,12,5,4,5,6,5,4,11,12,5,12,5,6,5,4,5,
861,0,1,2,3,4,5,6,5,4,5,6,5,12,5,4,5,4,5,12,5,12,5,6,5,12,5,4,5,4,5,
862,0,1,2,3,4,5,12,5,6,5,4,5,4,5,4,5,6,5,6,5,12,5,6,5,12,5,4,5,6,5,
863,0,1,2,3,4,5,4,5,4,5,4,5,4,5,6,13,12,5,4,5,4,11,12,5,4,5,6,5,6,5,
864,0,1,2,3,4,5,6,5,12,5,6,5,12,5,6,5,4,5,12,19,12,5,12,5,12,5,6,5,6,13,
865,0,1,2,3,4,5,12,5,6,5,12,5,4,5,6,5,12,5,4,5,4,5,12,5,6,5,6,5,4,5,
866,0,1,2,3,10,11,12,5,6,5,4,5,6,5,4,5,12,11,12,5,4,5,12,5,6,13,12,5,4,5,
867,0,1,2,3,4,3,4,5,4,5,4,5,4,5,12,5,6,5,12,13,12,5,6,5,12,5,4,5,4,5,
868,0,1,2,3,4,5,12,5,4,5,4,5,4,5,12,5,6,5,6,5,4,3,4,5,4,5,4,5,12,5,
869,0,1,2,3,4,5,4,5,6,5,12,5,12,5,12,5,4,5,4,5,6,5,4,5,6,5,12,5,12,5,
870,0,1,2,9,10,11,12,5,4,5,6,5,4,5,12,5,4,11,12,13,12,5,4,5,12,5,12,5,6,5,
871,0,1,2,3,4,5,12,5,4,5,6,5,6,5,4,5,12,5,4,5,12,5,6,5,6,13,12,5,4,5,
872,0,1,2,3,4,5,12,5,12,5,4,5,4,5,12,5,12,5,6,5,6,5,12,5,6,5,6,5,6,5,
873,0,1,0,1,2,3,4,5,6,5,6,5,12,5,4,5,4,5,6,5,6,5,4,5,6,5,12,5,6,5,
874,0,1,2,3,4,5,6,5,4,5,12,5,6,5,4,5,6,5,12,5,6,5,6,5,12,5,6,13,12,5,
875,0,1,2,3,4,5,6,5,4,5,4,11,18,11,12,5,4,5,4,5,12,5,4,5,6,5,12,5,4,5,
876,0,1,2,3,4,5,4,5,12,5,6,5,12,5,12,5,12,5,4,5,12,5,4,5,4,5,6,5,12,11,
877,0,1,2,3,4,5,12,5,12,5,12,5,4,5,4,5,12,5,12,5,4,5,6,5,6,5,4,5,6,5,
878,0,1,2,3,10,11,12,13,12,5,4,5,4,5,6,5,4,5,12,5,4,5,12,19,12,5,4,5,12,5,
879,0,1,2,3,4,5,4,5,6,5,12,5,12,5,6,5,4,5,6,5,6,5,12,5,12,5,6,13,12,5,
880,0,7,8,9,2,3,2,3,4,5,4,11,12,5,12,19,12,5,6,5,12,5,12,5,6,5,4,5,12,19,
881,0,1,2,3,4,5,6,5,12,5,6,5,4,11,12,5,4,5,4,3,4,5,12,5,6,5,4,5,4,5,
882,0,1,2,3,4,5,4,5,4,3,4,5,6,5,4,5,4,5,12,5,12,5,12,5,6,5,4,11,10,11,
883,0,7,8,9,8,1,2,3,4,5,12,5,4,5,4,5,6,5,12,5,4,5,12,13,12,5,6,5,12,5,
884,0,1,2,3,4,5,6,5,6,5,4,5,4,5,6,5,6,5,6,5,6,5,6,5,4,5,6,5,12,5,
885,0,1,2,3,4,5,6,5,12,5,6,5,6,5,4,5,6,5,4,5,4,5,4,5,6,5,6,5,12,5,
886,0,1,2,3,4,5,6,5,6,5,4,5,6,5,4,5,4,5,4,5,12,5,6,5,6,5,6,5,6,5,
887,0,1,2,3,4,5,6,5,6,5,6,5,4,5,12,5,6,5,12,5,12,5,12,5,4,5,6,5,12,5,
888,0,1,0,1,2,3,4,5,4,5,6,13,12,5,6,5,6,5,4,3,4,5,6,5,4,5,12,5,4,5,
889,0,1,2,3,4,5,12,5,4,3,4,5,12,5,4,5,4,5,6,5,12,5,12,5,12,5,6,5,12,5,
890,0,1,2,3,4,5,6,5,6,5,6,5,4,5,12,5,12,5,6,5,12,5,6,13,12,5,12,5,4,5,
891,0,1,2,3,10,11,12,11,12,5,12,5,4,5,12,5,4,5,12,5,6,5,6,13,12,5,4,11,12,5,
892,0,1,2,3,2,3,4,5,12,5,12,5,4,5,12,5,4,5,6,5,6,5,12,5,12,5,6,5,12,5,
893,0,7,8,9,10,11,12,5,4,5,6,5,6,5,12,5,12,5,12,5,12,5,4,5,12,5,6,5,4,5,
894,0,1,2,3,4,5,4,5,4,5,6,5,4,5,12,5,4,5,12,5,4,5,12,5,4,5,4,5,6,5,
895,0,1,2,3,2,3,4,5,12,5,4,5,12,5,4,5,12,5,6,5,4,11,12,5,12,5,4,5,4,5,
896,0,1,2,9,10,11,12,5,12,5,12,13,12,5,4,5,6,5,12,5,12,5,6,5,4,5,12,5,6,5,
897,0,1,2,3,4,5,4,5,4,5,12,13,12,5,6,5,12,5,12,5,12,5,6,5,4,5,12,5,12,5,
898,0,1,2,3,4,5,12,5,6,5,12,5,12,5,4,5,12,5,4,5,12,5,6,5,12,5,12,5,6,5,
899,0,1,2,3,4,5,6,5,6,5,4,5,6,5,6,5,4,5,12,5,12,19,12,5,4,5,6,13,12,5,
900,0,1,2,3,4,5,4,5,4,5,6,5,6,5,6,5,12,5,6,5,12,5,12,5,4,5,12,5,12,11,
901,0,1,2,3,4,5,6,5,4,5,12,5,6,5,4,5,12,5,12,5,12,5,6,5,6,13,6,5,6,5,
902,0,1,2,3,4,5,6,5,4,5,4,5,4,5,6,5,4,5,12,5,4,5,12,5,12,5,12,5,6,5,
903,0,7,8,9,10,11,12,5,6,5,4,3,10,11,12,5,6,5,6,5,6,5,4,5,6,5,12,5,6,5,
904,0,1,2,3,4,3,4,5,12,5,12,5,6,13,12,5,12,5,6,5,6,5,6,5,6,5,4,5,12,5,
905,0,1,2,3,2,3,4,5,6,5,12,5,12,5,12,5,6,5,6,5,12,5,6,5,6,5,12,5,4,5,
906,0,1,2,3,4,5,4,5,6,5,4,5,4,5,6,5,4,5,4,5,4,5,12,5,4,11,12,5,12,5,
907,0,1,2,3,4,5,4,5,12,5,6,5,12,5,4,5,12,5,4,5,6,5,6,5,12,5,4,5,4,5,
908,0,1,2,3,2,3,4,5,4,5,12,5,6,5,12,5,12,13,12,5,12,5,6,5,6,5,12,5,4,5,
909,0,1,2,3,4,5,6,5,4,3,4,5,12,5,6,5,6,5,12,5,4,5,12,5,6,5,6,5,12,19,
910,0,1,8,9,10,11,12,5,6,5,12,5,4,5,6,5,6,5,6,5,4,5,6,5,12,5,4,5,4,5,
911,0,1,2,3,10,11,12,5,6,5,4,5,12,5,12,5,6,5,6,5,4,5,4,5,12,5,6,5,12,5,
912,0,1,2,3,4,3,4,5,6,5,12,5,12,5,6,5,6,5,6,5,12,13,12,5,12,5,4,5,6,5,
913,0,1,2,3,4,5,12,5,6,13,12,5,4,11,12,5,12,5,12,11,12,5,4,5,12,19,12,19,12,5,
914,0,1,2,1,2,3,4,5,4,5,6,5,6,5,6,5,4,5,4,5,12,5,4,5,6,5,12,5,6,5,
915,0,1,2,3,4,5,12,5,4,3,4,5,12,5,6,5,6,5,12,5,4,3,4,5,6,5,6,5,6,5,
916,0,1,2,3,4,5,4,5,12,19,12,5,4,5,6,5,12,5,6,5,6,5,12,5,6,5,6,5,12,5,
917,0,1,2,3,4,5,4,5,4,5,4,5,6,5,6,5,6,13,12,5,6,5,6,5,12,5,12,5,4,5,
918,0,1,2,3,4,5,6,5,6,5,12,5,6,5,12,5,12,5,12,5,6,5,12,5,6,5,12,19,12,19,
919,0,1,2,3,4,11,12,5,6,5,4,5,4,5,6,5,6,5,6,5,6,5,6,5,6,5,4,5,12,5,
920,0,1,2,3,4,5,6,13,12,5,6,13,12,5,6,5,12,5,12,5,4,5,12,5,12,5,12,5,12,5,
921,0,1,2,3,4,5,12,5,12,5,4,5,12,11,12,11,12,5,12,5,6,5,12,5,6,5,12,5,12,5,
922,0,1,2,3,4,5,12,19,12,5,4,5,6,5,12,5,12,5,12,5,6,5,12,5,6,5,12,5,4,5,
923,0,1,2,3,4,5,6,5,12,5,12,5,12,5,4,5,6,5,4,5,4,5,4,5,4,3,4,5,6,5,
924,0,1,2,3,4,5,12,5,6,5,12,5,6,5,6,5,4,5,6,5,4,5,4,5,12,5,6,5,4,5,
925,0,1,2,3,4,5,6,5,4,5,12,5,6,5,6,5,4,5,6,5,4,5,4,5,6,5,4,11,12,5,
926,0,1,2,3,4,5,6,5,4,5,4,5,6,5,4,5,12,5,12,13,12,5,12,5,4,5,4,5,6,5,
927,0,1,2,3,4,5,6,5,12,5,6,5,6,5,12,5,6,5,6,5,6,5,6,5,12,5,12,13,12,5,
928,0,1,2,3,4,5,6,5,6,5,4,5,6,5,6,5,12,5,4,5,6,5,6,5,12,11,12,5,6,5,
929,0,1,2,3,2,3,4,5,6,5,6,5,4,5,6,5,6,5,4,5,12,5,12,5,6,5,4,5,4,5,
930,0,1,2,1,2,3,4,5,6,5,12,5,6,5,6,5,4,5,4,5,6,5,4,5,4,5,12,5,12,5,
931,0,1,2,3,4,5,4,5,12,5,4,5,4,5,4,3,4,5,4,5,6,5,6,5,6,5,4,5,4,5,
932,0,1,2,3,4,5,6,5,6,5,6,5,4,5,6,5,6,5,6,5,12,5,6,5,4,5,12,5,4,5,
933,0,1,0,7,8,9,10,11,12,5,12,5,12,5,12,5,6,5,12,5,4,5,6,5,6,5,6,5,12,5,
934,0,1,2,1,2,3,4,5,6,5,12,5,6,5,4,5,6,5,6,5,4,5,6,5,4,5,6,5,4,5,
935,0,1,2,3,4,5,6,5,4,5,12,5,4,5,4,5,6,5,4,5,6,5,4,5,12,5,6,5,6,5,
936,0,1,2,3,4,5,4,5,12,5,6,5,6,5,6,5,6,5,12,5,6,5,4,5,4,5,6,5,4,5,
937,0,1,2,3,4,5,4,5,6,5,12,5,6,5,6,5,12,5,6,5,4,5,12,5,12,5,6,5,12,5,
938,0,1,2,3,4,5,6,5,6,5,6,5,6,5,6,5,6,5,12,5,6,5,6,5,6,5,4,5,4,5,
939,0,1,2,3,4,5,12,5,4,5,6,5,6,5,4,5,4,5,12,5,12,5,4,5,4,5,6,5,12,5,
940,0,1,2,3,4,11,12,5,6,5,4,11,12,5,12,5,4,5,4,5,6,5,6,5,6,5,6,5,12,5,
941,0,1,2,3,4,5,6,5,6,5,12,5,4,5,4,5,6,13,12,5,12,5,12,5,6,5,6,5,12,5,
942,0,1,2,3,4,5,4,11,12,5,12,5,12,5,12,5,4,5,6,5,6,5,6,5,6,5,12,5,6,5,
943,0,1,2,3,4,5,6,5,6,5,12,5,6,5,12,5,12,5,4,5,6,5,4,5,6,5,4,5,4,5,
944,0,1,2,3,4,5,4,5,6,5,12,5,4,5,12,5,4,5,6,5,6,13,12,5,4,5,6,13,12,19,
945,0,1,2,3,2,3,4,5,6,5,6,5,4,5,6,5,4,5,4,5,6,5,4,5,6,5,12,5,12,5,
946,0,1,2,3,4,5,4,5,4,5,12,5,6,5,12,5,12,13,12,5,4,3,4,5,4,5,12,5,4,5,
947,0,1,2,3,4,5,6,5,6,5,12,5,6,5,6,5,4,5,4,5,4,5,12,5,4,5,4,5,4,5,
948,0,1,2,3,4,3,4,5,6,5,4,5,12,5,6,5,4,5,4,5,4,5,4,5,6,5,6,5,12,5,
949,0,1,2,3,4,5,6,5,12,5,6,5,4,5,4,5,6,5,6,5,12,5,6,5,12,5,12,5,6,5,
950,0,1,2,9,10,11,12,5,4,5,4,5,6,5,12,11,12,5,4,5,12,5,12,5,12,5,12,5,6,5,
951,0,1,2,3,4,5,4,5,12,5,6,5,12,5,12,5,6,5,6,5,4,5,4,5,12,13,6,5,6,5,
952,0,1,2,3,4,5,12,5,4,5,12,5,6,5,4,5,12,5,12,5,6,5,12,5,6,5,6,5,6,5,
953,0,1,2,3,4,5,12,5,4,5,4,5,12,5,12,5,4,5,12,5,12,5,4,5,4,5,4,5,6,5,
954,0,1,2,3,4,5,12,5,4,5,12,5,12,5,4,5,4,5,12,5,4,11,12,5,6,5,6,5,4,5,
955,0,1,2,3,4,5,4,5,6,5,4,5,12,5,6,5,12,5,12,5,12,5,12,5,12,5,6,5,4,5,
956,0,1,2,3,4,5,12,5,4,5,6,5,12,5,6,5,6,5,6,5,12,5,12,5,6,5,6,5,6,5,
957,0,1,2,3,4,5,12,5,6,5,4,5,4,5,4,5,4,5,4,5,4,5,12,5,12,5,6,5,4,5,
958,0,1,2,3,4,5,6,5,4,5,4,5,12,5,4,5,12,5,12,5,12,5,6,5,6,5,6,5,4,5,
959,0,1,2,3,4,5,4,5,6,5,6,5,6,5,4,5,6,5,12,5,6,5,12,5,6,5,12,13,12,5,
960,0,1,2,3,4,5,4,11,12,13,12,5,4,5,12,5,6,5,4,5,6,5,12,5,6,5,12,5,4,5,
961,0,1,2,3,4,5,6,5,12,5,4,5,4,3,4,5,6,5,6,5,12,5,12,5,6,5,12,5,6,5,
962,0,1,2,3,4,5,12,5,4,5,4,5,6,5,4,5,12,5,12,5,6,5,12,5,6,5,6,5,4,5,
963,0,7,0,1,2,1,2,3,4,5,4,5,12,5,12,5,4,5,4,5,4,5,4,5,4,5,12,5,6,5,
964,0,1,2,3,4,3,4,5,4,5,12,5,6,5,4,5,6,5,6,5,6,13,12,5,4,5,6,5,4,5,
965,0,1,2,3,4,5,6,5,6,5,6,5,4,5,12,5,4,5,12,5,12,11,12,5,4,5,4,5,4,5,
966,0,1,2,3,4,5,4,5,6,5,4,5,12,5,6,5,4,5,4,3,4,5,6,5,12,5,4,5,4,5,
967,0,1,2,3,4,5,4,5,6,5,4,5,6,5,6,5,12,5,6,5,4,3,4,5,12,5,4,5,4,5,
968,0,1,2,3,4,5,4,5,12,5,6,5,6,5,4,5,4,5,4,11,12,5,12,5,4,5,12,5,12,5,
969,0,1,8,9,10,11,12,5,12,5,12,5,4,5,6,5,4,3,4,5,4,5,4,11,12,5,6,5,12,5,
970,0,1,2,3,4,5,12,5,6,5,4,5,4,5,12,5,4,5,12,5,12,5,12,5,12,5,12,5,4,5,
971,0,1,2,3,4,5,12,5,12,5,12,11,12,5,12,5,12,5,12,5,6,5,12,5,6,5,4,5,12,5,
972,0,1,2,3,4,5,6,5,6,5,4,5,4,5,4,5,12,5,6,5,12,5,6,5,12,5,4,5,4,5,
973,0,1,2,3,4,5,6,13,12,5,4,5,12,5,4,5,12,5,6,5,6,5,12,5,6,5,4,5,6,5,
974,0,7,14,15,16,23,30,37,44,45,46,45,38,45,46,45,44,45,46,45,44,45,44,45,38,45,38,45,44,45,
975,0,1,2,3,4,5,12,5,4,5,6,5,6,5,4,5,12,5,12,5,6,5,6,5,12,5,12,5,6,5,
976,0,1,2,3,4,5,4,5,4,5,4,5,12,5,12,5,6,5,12,5,4,5,4,5,12,5,4,5,12,19,
977,0,1,2,3,4,5,12,5,12,5,4,5,12,5,4,5,4,5,4,5,4,3,4,5,6,5,6,5,6,5,
978,0,1,2,3,4,5,12,5,6,5,6,5,6,5,4,5,6,5,12,5,12,5,12,5,6,5,6,5,12,5,
979,0,1,2,3,4,5,4,5,6,5,12,13,12,5,4,5,4,5,4,5,12,5,4,5,4,5,4,5,6,5,
980,0,1,2,3,4,5,4,5,4,5,12,5,12,5,4,11,12,5,6,5,12,5,4,5,4,5,12,5,12,5,
981,0,1,2,3,4,5,6,5,4,5,12,5,4,5,12,5,6,5,12,5,12,5,4,5,6,5,4,5,12,5,
982,0,1,2,3,4,5,4,5,12,5,6,5,6,5,4,5,6,5,12,5,12,5,4,5,12,5,6,5,12,5,
983,0,1,2,3,4,5,4,5,12,5,12,5,6,5,6,5,6,13,12,5,4,5,6,5,6,5,6,5,4,5,
984,0,1,8,7,8,9,8,9,10,11,12,5,12,5,12,5,6,5,12,5,4,5,6,5,12,5,6,5,12,5,
985,0,1,2,3,4,5,6,5,12,5,12,5,12,5,4,5,12,5,12,5,12,5,4,5,12,5,12,5,12,5,
986,0,1,2,3,4,5,12,5,4,11,12,5,6,5,12,11,12,5,12,5,12,5,4,11,12,5,12,5,12,5,
987,0,1,2,1,2,3,4,5,4,5,4,5,4,5,6,5,4,5,4,5,4,5,6,5,12,5,12,5,4,5,
988,0,1,2,3,4,5,12,5,4,5,12,5,6,5,12,5,4,5,6,5,6,5,6,5,6,5,12,5,12,5,
989,0,1,2,3,4,5,12,5,12,5,12,5,12,5,4,5,6,5,6,5,12,5,12,5,6,5,12,5,12,5,
990,0,1,2,3,4,5,6,5,12,13,12,5,6,5,12,5,4,5,4,5,4,5,4,5,4,5,4,5,12,5,
991,0,1,2,3,10,11,4,5,4,5,4,5,4,5,6,5,4,5,6,5,4,5,4,5,4,5,4,5,12,5,
992,0,1,2,3,4,5,6,5,12,5,6,13,12,5,6,5,4,5,12,5,6,5,4,5,12,5,12,11,12,5,
993,0,1,2,3,2,3,4,5,12,5,6,13,12,5,12,19,12,5,4,5,12,5,12,11,12,5,4,5,6,5,
994,0,1,2,3,4,5,12,5,12,5,6,5,4,5,12,5,4,5,12,5,6,5,12,5,6,5,6,5,4,5,
995,0,1,2,3,4,5,6,5,4,5,4,5,6,5,12,11,12,11,12,5,4,5,6,13,12,5,12,5,4,5,
996,0,1,2,3,4,5,12,5,6,5,12,5,12,5,12,5,4,5,6,5,6,5,6,5,12,5,12,5,4,5,
997,0,1,2,3,4,5,4,5,12,5,6,13,12,5,12,5,6,5,4,5,4,5,12,5,4,5,12,5,12,5,
998,0,1,2,3,4,5,12,5,6,5,12,5,6,5,4,5,6,5,4,5,6,5,4,5,6,5,6,5,6,5,
999,0,1,2,3,4,5,4,5,4,5,6,13,12,5,12,5,6,5,6,5,12,5,6,5,6,5,4,5,12,5,
