0,0,
1,
2,
3,
4,
5,
6,
7,
8,
9,
10,
11,
12,
13,
14,
15,
16,
17,
18,
19,
20,
21,
22,
23,
24,
25,
26,
27,
28,
29,
30,
31,
32,
33,
34,
35,
36,
37,
38,
39,
40,
41,
42,
43,
44,
45,
46,
47,
48,
49,
50,
51,
52,
53,
54,
55,
56,
57,
58,
59,
60,
61,
62,
63,
64,
65,
66,
67,
68,
69,
70,
71,
72,
73,
74,
75,
76,
77,
78,
79,
80,
81,
82,
83,
84,
85,
86,
87,
88,
89,
90,
91,
92,
93,
94,
95,
96,
97,
98,
99,
100,
101,
102,
103,
104,
105,
106,
107,
108,
109,
110,
111,
112,
113,
114,
115,
116,
117,
118,
119,
120,
121,
122,
123,
124,
125,
126,
127,
128,
129,
130,
131,
132,
133,
134,
135,
136,
137,
138,
139,
140,
141,
142,
143,
144,
145,
146,
147,
148,
149,
150,
151,
152,
153,
154,
155,
156,
157,
158,
159,
160,
161,
162,
163,
164,
165,
166,
167,
168,
169,
170,
171,
172,
173,
174,
175,
176,
177,
178,
179,
180,
181,
182,
183,0,7,8,15,16,23,30,37,44,45,38,46,47,
184,0,7,8,15,16,23,30,37,44,45,38,46,47,
185,0,7,8,15,16,23,30,37,44,45,38,46,47,
186,0,7,8,15,16,23,30,37,44,45,38,46,47,
187,0,7,8,15,16,23,30,37,44,45,38,46,47,
188,0,7,8,15,16,23,30,37,44,45,38,46,47,
189,0,7,8,15,16,23,30,37,44,45,38,46,47,
190,0,7,8,15,16,23,30,37,44,45,38,46,47,
191,0,7,8,15,16,23,30,37,44,45,38,46,47,
192,0,7,8,15,16,23,30,37,44,45,38,46,47,
193,0,7,8,15,16,23,30,37,44,45,38,46,47,
194,0,7,8,15,16,23,30,37,44,45,38,46,47,
195,0,7,8,15,16,23,30,37,44,45,38,46,47,
196,0,7,8,15,16,23,30,37,44,45,38,46,47,
197,0,7,8,15,16,23,30,37,44,45,38,46,47,
198,0,7,8,15,16,23,30,37,44,45,38,46,47,
199,0,7,8,15,16,23,30,37,44,45,38,46,47,
200,0,7,8,15,16,23,30,37,44,45,38,46,47,
201,0,7,8,15,16,23,30,37,44,45,38,46,47,
202,0,7,8,15,16,23,30,37,44,45,38,46,47,
203,0,7,8,15,16,23,30,37,44,45,38,46,47,
204,0,7,8,15,16,23,30,37,44,45,38,46,47,
205,0,7,8,15,16,23,30,37,44,45,38,46,47,
206,0,7,8,15,16,23,30,37,44,45,38,46,47,
207,0,7,8,15,16,23,30,37,44,45,38,46,47,
208,0,7,8,15,16,23,30,37,44,45,38,46,47,
209,0,7,8,15,16,23,30,37,44,45,38,46,47,
210,0,7,8,15,16,23,30,37,44,45,38,46,47,
211,0,7,8,15,16,23,30,37,44,45,38,46,47,
212,0,7,8,15,16,23,30,37,44,45,38,46,47,
213,0,7,8,15,16,23,30,37,44,45,38,46,47,
214,0,7,8,15,16,23,30,37,44,45,38,46,47,
215,0,7,8,15,16,23,30,37,44,45,38,46,47,
216,0,7,8,15,16,23,30,37,44,45,38,46,47,
217,0,7,8,15,16,23,30,37,44,45,38,46,47,
218,0,7,8,15,16,23,30,37,44,45,38,46,47,
219,0,7,8,15,16,23,30,37,44,45,38,46,47,
220,0,7,8,15,16,23,30,37,44,45,38,46,47,
221,0,7,8,15,16,23,30,37,44,45,38,46,47,
222,0,7,8,15,16,23,30,37,44,45,38,46,47,
223,0,7,8,15,16,23,30,37,44,45,38,46,47,
224,0,7,8,15,16,23,30,37,44,45,38,46,47,
225,0,7,8,15,16,23,30,37,44,45,38,46,47,
226,0,7,8,15,16,23,30,37,44,45,38,46,47,
227,0,7,8,15,16,23,30,37,44,45,38,46,47,
228,0,7,8,15,16,23,30,37,44,45,38,46,47,
229,0,7,8,15,16,23,30,37,44,45,38,46,47,
230,0,7,8,15,16,23,30,37,44,45,38,46,47,
231,0,7,8,15,16,23,30,37,44,45,38,46,47,
232,0,7,8,15,16,23,30,37,44,45,38,46,47,
233,0,7,8,15,16,23,30,37,44,45,38,46,47,
234,0,7,8,15,16,23,30,37,44,45,38,46,47,
235,0,7,8,15,16,23,30,37,44,45,38,46,47,
236,0,7,8,15,16,23,30,37,44,45,38,46,47,
237,0,7,8,15,16,23,30,37,44,45,38,46,47,
238,0,7,8,15,16,23,30,37,44,45,38,46,47,
239,0,7,8,15,16,23,30,37,44,45,38,46,47,
240,0,7,8,15,16,23,30,37,44,45,38,46,47,
241,0,7,8,15,16,23,30,37,44,45,38,46,47,
242,0,7,8,15,16,23,30,37,44,45,38,46,47,
243,0,7,8,15,16,23,30,37,44,45,38,46,47,
244,0,7,8,15,16,23,30,37,44,45,38,46,47,
245,0,7,8,15,16,23,30,37,44,45,38,46,47,
246,0,7,8,15,16,23,30,37,44,45,38,46,47,
247,0,7,8,15,16,23,30,37,44,45,38,46,47,
248,0,7,8,15,16,23,30,37,44,45,38,46,47,
249,0,7,8,15,16,23,30,37,44,45,38,46,47,
250,0,7,8,15,16,23,30,37,44,45,38,46,47,
251,0,7,8,15,16,23,30,37,44,45,38,46,47,
252,0,7,8,15,16,23,30,37,44,45,38,46,47,
253,0,7,8,15,16,23,30,37,44,45,38,46,47,
254,0,7,8,15,16,23,30,37,44,45,38,46,47,
255,0,7,8,15,16,23,30,37,44,45,38,46,47,
256,0,7,8,15,16,23,30,37,44,45,38,46,47,
257,0,7,8,15,16,23,30,37,44,45,38,46,47,
258,0,7,8,15,16,23,30,37,44,45,38,46,47,
259,0,7,8,15,16,23,30,37,44,45,38,46,47,
260,0,7,8,15,16,23,30,37,44,45,38,46,47,
261,0,7,8,15,16,23,30,37,44,45,38,46,47,
262,0,7,8,15,16,23,30,37,44,45,38,46,47,
263,0,7,8,15,16,23,30,37,44,45,38,46,47,
264,0,7,8,15,16,23,30,37,44,45,38,46,47,
265,0,7,8,15,16,23,30,37,44,45,38,46,47,
266,0,7,8,15,16,23,30,37,44,45,38,46,47,
267,0,7,8,15,16,23,30,37,44,45,38,46,47,
268,0,7,8,15,16,23,30,37,44,45,38,46,47,
269,0,7,8,15,16,23,30,37,44,45,38,46,47,
270,0,7,8,15,16,23,30,37,44,45,38,46,47,
271,0,7,8,15,16,23,30,37,44,45,38,46,47,
272,0,7,8,15,16,23,30,37,44,45,38,46,47,
273,0,7,8,15,16,23,30,37,44,45,38,46,47,
274,0,7,8,15,16,23,30,37,44,45,38,46,47,
275,0,7,8,15,16,23,30,37,44,45,38,46,47,
276,0,7,8,15,16,23,30,37,44,45,38,46,47,
277,0,7,8,15,16,23,30,37,44,45,38,46,47,
278,0,7,8,15,16,23,30,37,44,45,38,46,47,
279,0,7,8,15,16,23,30,37,44,45,38,46,47,
280,0,7,8,15,16,23,30,37,44,45,38,46,47,
281,0,7,8,15,16,23,30,37,44,45,38,46,47,
282,0,7,8,15,16,23,30,37,44,45,38,46,47,
283,0,7,8,15,16,23,30,37,44,45,38,46,47,
284,0,7,8,15,16,23,30,37,44,45,38,46,47,
285,0,7,8,15,16,23,30,37,44,45,38,46,47,
286,0,7,8,15,16,23,30,37,44,45,38,46,47,
287,0,7,8,15,16,23,30,37,44,45,38,46,47,
288,0,7,8,15,16,23,30,37,44,45,38,46,47,
289,0,7,8,15,16,23,30,37,44,45,38,46,47,
290,0,7,8,15,16,23,30,37,44,45,38,46,47,
291,0,7,8,15,16,23,30,37,44,45,38,46,47,
292,0,7,8,15,16,23,30,37,44,45,38,46,47,
293,0,7,8,15,16,23,30,37,44,45,38,46,47,
294,0,7,8,15,16,23,30,37,44,45,38,46,47,
295,0,7,8,15,16,23,30,37,44,45,38,46,47,
296,0,7,8,15,16,23,30,37,44,45,38,46,47,
297,0,7,8,15,16,23,30,37,44,45,38,46,47,
298,0,7,8,15,16,23,30,37,44,45,38,46,47,
299,0,7,8,15,16,23,30,37,44,45,38,46,47,
300,0,7,8,15,16,23,30,37,44,45,38,46,47,
301,0,7,8,15,16,23,30,37,44,45,38,46,47,
302,0,7,8,15,16,23,30,37,44,45,38,46,47,
303,0,7,8,15,16,23,30,37,44,45,38,46,47,
304,0,7,8,15,16,23,30,37,44,45,38,46,47,
305,0,7,8,15,16,23,30,37,44,45,38,46,47,
306,0,7,8,15,16,23,30,37,44,45,38,46,47,
307,0,7,8,15,16,23,30,37,44,45,38,46,47,
308,0,7,8,15,16,23,30,37,44,45,38,46,47,
309,0,7,8,15,16,23,30,37,44,45,38,46,47,
310,0,7,8,15,16,23,30,37,44,45,38,46,47,
311,0,7,8,15,16,23,30,37,44,45,38,46,47,
312,0,7,8,15,16,23,30,37,44,45,38,46,47,
313,0,7,8,15,16,23,30,37,44,45,38,46,47,
314,0,7,8,15,16,23,30,37,44,45,38,46,47,
315,0,7,8,15,16,23,30,37,44,45,38,46,47,
316,0,7,8,15,16,23,30,37,44,45,38,46,47,
317,0,7,8,15,16,23,30,37,44,45,38,46,47,
318,0,7,8,15,16,23,30,37,44,45,38,46,47,
319,0,7,8,15,16,23,30,37,44,45,38,46,47,
320,0,7,8,15,16,23,30,37,44,45,38,46,47,
321,0,7,8,15,16,23,30,37,44,45,38,46,47,
322,0,7,8,15,16,23,30,37,44,45,38,46,47,
323,0,7,8,15,16,23,30,37,44,45,38,46,47,
324,0,7,8,15,16,23,30,37,44,45,38,46,47,
325,0,7,8,15,16,23,30,37,44,45,38,46,47,
326,0,7,8,15,16,23,30,37,44,45,38,46,47,
327,0,7,8,15,16,23,30,37,44,45,38,46,47,
328,0,7,8,15,16,23,30,37,44,45,38,46,47,
329,0,7,8,15,16,23,30,37,44,45,38,46,47,
330,0,7,8,15,16,23,30,37,44,45,38,46,47,
331,0,7,8,15,16,23,30,37,44,45,38,46,47,
332,0,7,8,15,16,23,30,37,44,45,38,46,47,
333,0,7,8,15,16,23,30,37,44,45,38,46,47,
334,0,7,8,15,16,23,30,37,44,45,38,46,47,
335,0,7,8,15,16,23,30,37,44,45,38,46,47,
336,0,7,8,15,16,23,30,37,44,45,38,46,47,
337,0,7,8,15,16,23,30,37,44,45,38,46,47,
338,0,7,8,15,16,23,30,37,44,45,38,46,47,
339,0,7,8,15,16,23,30,37,44,45,38,46,47,
340,0,7,8,15,16,23,30,37,44,45,38,46,47,
341,0,7,8,15,16,23,30,37,44,45,38,46,47,
342,0,7,8,15,16,23,30,37,44,45,38,46,47,
343,0,7,8,15,16,23,30,37,44,45,38,46,47,
344,0,7,8,15,16,23,30,37,44,45,38,46,47,
345,0,7,8,15,16,23,30,37,44,45,38,46,47,
346,0,7,8,15,16,23,30,37,44,45,38,46,47,
347,0,7,8,15,16,23,30,37,44,45,38,46,47,
348,0,7,8,15,16,23,30,37,44,45,38,46,47,
349,0,7,8,15,16,23,30,37,44,45,38,46,47,
350,0,7,8,15,16,23,30,37,44,45,38,46,47,
351,0,7,8,15,16,23,30,37,44,45,38,46,47,
352,0,7,8,15,16,23,30,37,44,45,38,46,47,
353,0,7,8,15,16,23,30,37,44,45,38,46,47,
354,0,7,8,15,16,23,30,37,44,45,38,46,47,
355,0,7,8,15,16,23,30,37,44,45,38,46,47,
356,0,7,8,15,16,23,30,37,44,45,38,46,47,
357,0,7,8,15,16,23,30,37,44,45,38,46,47,
358,0,7,8,15,16,23,30,37,44,45,38,46,47,
359,0,7,8,15,16,23,30,37,44,45,38,46,47,
360,0,7,8,15,16,23,30,37,44,45,38,46,47,
361,0,7,8,15,16,23,30,37,44,45,38,46,47,
362,0,7,8,15,16,23,30,37,44,45,38,46,47,
363,0,7,8,15,16,23,30,37,44,45,38,46,47,
364,0,7,8,15,16,23,30,37,44,45,38,46,47,
365,0,7,8,15,16,23,30,37,44,45,38,46,47,
366,0,7,8,15,16,23,30,37,44,45,38,46,47,
367,0,7,8,15,16,23,30,37,44,45,38,46,47,
368,0,7,8,15,16,23,30,37,44,45,38,46,47,
369,0,7,8,15,16,23,30,37,44,45,38,46,47,
370,0,7,8,15,16,23,30,37,44,45,38,46,47,
371,0,7,8,15,16,23,30,37,44,45,38,46,47,
372,0,7,8,15,16,23,30,37,44,45,38,46,47,
373,0,7,8,15,16,23,30,37,44,45,38,46,47,
374,0,7,8,15,16,23,30,37,44,45,38,46,47,
375,0,7,8,15,16,23,30,37,44,45,38,46,47,
376,0,7,8,15,16,23,30,37,44,45,38,46,47,
377,0,7,8,15,16,23,30,37,44,45,38,46,47,
378,0,7,8,15,16,23,30,37,44,45,38,46,47,
379,0,7,8,15,16,23,30,37,44,45,38,46,47,
380,0,7,8,15,16,23,30,37,44,45,38,46,47,
381,0,7,8,15,16,23,30,37,44,45,38,46,47,
382,0,7,8,15,16,23,30,37,44,45,38,46,47,
383,0,7,8,15,16,23,30,37,44,45,38,46,47,
384,0,7,8,15,16,23,30,37,44,45,38,46,47,
385,0,7,8,15,16,23,30,37,44,45,38,46,47,
386,0,7,8,15,16,23,30,37,44,45,38,46,47,
387,0,7,8,15,16,23,30,37,44,45,38,46,47,
388,0,7,8,15,16,23,30,37,44,45,38,46,47,
389,0,7,8,15,16,23,30,37,44,45,38,46,47,
390,0,7,8,15,16,23,30,37,44,45,38,46,47,
391,0,7,8,15,16,23,30,37,44,45,38,46,47,
392,0,7,8,15,16,23,30,37,44,45,38,46,47,
393,0,7,8,15,16,23,30,37,44,45,38,46,47,
394,0,7,8,15,16,23,30,37,44,45,38,46,47,
395,0,7,8,15,16,23,30,37,44,45,38,46,47,
396,0,7,8,15,16,23,30,37,44,45,38,46,47,
397,0,7,8,15,16,23,30,37,44,45,38,46,47,
398,0,7,8,15,16,23,30,37,44,45,38,46,47,
399,0,7,8,15,16,23,30,37,44,45,38,46,47,
400,0,7,8,15,16,23,30,37,44,45,38,46,47,
401,0,7,8,15,16,23,30,37,44,45,38,46,47,
402,0,7,8,15,16,23,30,37,44,45,38,46,47,
403,0,7,8,15,16,23,30,37,44,45,38,46,47,
404,0,7,8,15,16,23,30,37,44,45,38,46,47,
405,0,7,8,15,16,23,30,37,44,45,38,46,47,
406,0,7,8,15,16,23,30,37,44,45,38,46,47,
407,0,7,8,15,16,23,30,37,44,45,38,46,47,
408,0,7,8,15,16,23,30,37,44,45,38,46,47,
409,0,7,8,15,16,23,30,37,44,45,38,46,47,
410,0,7,8,15,16,23,30,37,44,45,38,46,47,
411,0,7,8,15,16,23,30,37,44,45,38,46,47,
412,0,7,8,15,16,23,30,37,44,45,38,46,47,
413,0,7,8,15,16,23,30,37,44,45,38,46,47,
414,0,7,8,15,16,23,30,37,44,45,38,46,47,
415,0,7,8,15,16,23,30,37,44,45,38,46,47,
416,0,7,8,15,16,23,30,37,44,45,38,46,47,
417,0,7,8,15,16,23,30,37,44,45,38,46,47,
418,0,7,8,15,16,23,30,37,44,45,38,46,47,
419,0,7,8,15,16,23,30,37,44,45,38,46,47,
420,0,7,8,15,16,23,30,37,44,45,38,46,47,
421,0,7,8,15,16,23,30,37,44,45,38,46,47,
422,0,7,8,9,16,23,24,31,30,38,45,46,39,47,44,
423,0,7,8,9,16,23,24,31,30,38,45,46,39,47,44,
424,0,7,8,9,16,23,24,31,30,38,45,46,39,47,44,
425,0,7,8,9,16,23,24,31,30,38,45,46,39,47,44,
426,0,7,8,9,16,23,24,31,30,38,45,46,39,47,44,
427,0,7,8,9,16,23,24,31,30,38,45,46,39,47,44,
428,0,7,8,9,16,23,24,31,30,38,45,46,39,47,44,
429,0,7,8,9,16,23,24,31,30,38,45,46,39,47,44,
430,0,7,8,9,16,23,24,31,30,38,45,46,39,47,44,
431,0,7,8,9,16,23,24,31,30,38,45,46,39,47,44,
432,0,7,8,9,16,23,24,31,30,38,45,46,39,47,44,
433,0,7,8,9,16,23,24,31,30,38,45,46,39,47,44,
434,0,7,8,9,16,23,24,31,30,38,45,46,39,47,44,
435,0,7,8,9,16,23,24,31,30,38,45,46,39,47,44,
436,0,7,8,9,16,23,24,31,30,38,45,46,39,47,44,
437,0,7,8,9,16,23,24,31,30,38,45,46,39,47,44,
438,0,7,8,9,16,23,24,31,30,38,45,46,39,47,44,
439,0,7,8,9,16,23,24,31,30,38,45,46,39,47,44,
440,0,7,8,9,16,23,24,31,30,38,45,46,39,47,44,
441,0,7,8,9,16,23,24,31,30,38,45,46,39,47,44,
442,0,7,8,9,16,23,24,31,30,38,45,46,39,47,44,
443,0,7,8,9,16,23,24,31,30,38,45,46,39,47,44,
444,0,7,8,9,16,23,24,31,30,38,45,46,39,47,44,
445,0,7,8,9,16,23,24,31,30,38,45,46,39,47,44,
446,0,7,8,9,16,23,24,31,30,38,45,46,39,47,44,
447,0,7,8,9,16,23,24,31,30,38,45,46,39,47,44,
448,0,7,8,9,16,23,24,31,30,38,45,46,39,47,44,
449,0,7,8,9,16,23,24,31,30,38,45,46,39,47,44,
450,0,7,8,9,16,23,24,31,30,38,45,46,39,47,44,
451,0,7,8,9,16,23,24,31,30,38,45,46,39,47,44,
452,0,7,8,9,16,23,24,31,30,38,45,46,39,47,44,
453,0,7,8,9,16,23,24,31,30,38,45,46,39,47,44,
454,0,7,8,9,16,23,24,31,30,38,45,46,39,47,44,
455,0,7,8,9,16,23,24,31,30,38,45,46,39,47,44,
456,0,7,8,9,16,23,24,31,30,38,45,46,39,47,44,
457,0,7,8,9,16,23,24,31,30,38,45,46,39,47,44,
458,0,7,8,9,16,23,24,31,30,38,45,46,39,47,44,
459,0,7,8,9,16,23,24,31,30,38,45,46,39,47,44,
460,0,7,8,9,16,23,24,31,30,38,45,46,39,47,44,
461,0,7,8,9,16,23,24,31,30,38,45,46,39,47,44,
462,0,7,8,9,16,23,24,31,30,38,45,46,39,47,44,
463,0,7,8,9,16,23,24,31,30,38,45,46,39,47,44,
464,0,7,8,9,16,23,24,31,30,38,45,46,39,47,44,
465,0,7,8,9,16,23,24,31,30,38,45,46,39,47,44,
466,0,7,8,9,16,23,24,31,30,38,45,46,39,47,44,
467,0,7,8,9,16,23,24,31,30,38,45,46,39,47,44,
468,0,7,8,9,16,23,24,31,30,38,45,46,39,47,44,
469,0,7,8,9,16,23,24,31,30,38,45,46,39,47,44,
470,0,7,8,9,16,23,24,31,30,38,45,46,39,47,44,
471,0,7,8,9,16,23,24,31,30,38,45,46,39,47,44,
472,0,7,8,9,16,23,24,31,30,38,45,46,39,47,44,
473,0,7,8,9,16,23,24,31,30,38,45,46,39,47,44,
474,0,7,8,9,16,23,24,31,30,38,45,46,39,47,44,
475,0,7,8,9,16,23,24,31,30,38,45,46,39,47,44,
476,0,7,8,9,16,23,24,31,30,38,45,46,39,47,44,
477,0,7,8,9,16,23,24,31,30,38,45,46,39,47,44,
478,0,7,8,9,16,23,24,31,30,38,45,46,39,47,44,
479,0,7,8,9,16,23,24,31,30,38,45,46,39,47,44,
480,0,7,8,9,16,23,24,31,30,38,45,46,39,47,44,
481,0,7,8,9,16,23,24,31,30,38,45,46,39,47,44,
482,0,7,8,9,16,23,24,31,30,38,45,46,39,47,44,
483,0,7,8,9,16,23,24,31,30,38,45,46,39,47,44,
484,0,7,8,9,16,23,24,31,30,38,45,46,39,47,44,
485,0,7,8,9,16,23,24,31,30,38,45,46,39,47,44,
486,0,7,8,9,16,23,24,31,30,38,45,46,39,47,44,
487,0,7,8,9,16,23,24,31,30,38,45,46,39,47,44,
488,0,7,8,9,16,23,24,31,30,38,45,46,39,47,44,
489,0,7,8,9,16,23,24,31,30,38,45,46,39,47,44,
490,0,7,8,9,16,23,24,31,30,38,45,46,39,47,44,
491,0,7,8,9,16,23,24,31,30,38,45,46,39,47,44,
492,0,7,8,9,16,23,24,31,30,38,45,46,39,47,44,
493,0,7,8,9,16,23,24,31,30,38,45,46,39,47,44,
494,0,7,8,9,16,23,24,31,30,38,45,46,39,47,44,
495,0,7,8,9,16,23,24,31,30,38,45,46,39,47,44,
496,0,7,8,9,16,23,24,31,30,38,45,46,39,47,44,
497,0,7,8,9,16,23,24,31,30,38,45,46,39,47,44,
498,0,7,8,9,16,23,24,31,30,38,45,46,39,47,44,
499,0,7,8,9,16,23,24,31,30,38,45,46,39,47,44,
500,0,7,8,9,16,23,24,31,30,38,45,46,39,47,44,
501,0,7,8,9,16,23,24,31,30,38,45,46,39,47,44,
502,0,7,8,9,16,23,24,31,30,38,45,46,39,47,44,
503,0,7,8,9,16,23,24,31,30,38,45,46,39,47,44,
504,0,7,8,9,16,23,24,31,30,38,45,46,39,47,44,
505,0,7,8,9,16,23,24,31,30,38,45,46,39,47,44,
506,0,7,8,9,16,23,24,31,30,38,45,46,39,47,44,
507,0,7,8,9,16,23,24,31,30,38,45,46,39,47,44,
508,0,7,8,9,16,23,24,31,30,38,45,46,39,47,44,
509,0,7,8,9,16,23,24,31,30,38,45,46,39,47,44,
510,0,7,8,9,16,23,24,31,30,38,45,46,39,47,44,
511,0,7,8,9,16,23,24,31,30,38,45,46,39,47,44,
512,0,7,8,9,16,23,24,31,30,38,45,46,39,47,44,
513,0,7,8,9,16,23,24,31,30,38,45,46,39,47,44,
514,0,7,8,9,16,23,24,31,30,38,45,46,39,47,44,
515,0,7,8,9,16,23,24,31,30,38,45,46,39,47,44,
516,0,7,8,9,16,23,24,31,30,38,45,46,39,47,44,
517,0,7,8,9,16,23,24,31,30,38,45,46,39,47,44,
518,0,7,8,9,16,23,24,31,30,38,45,46,39,47,44,
519,0,7,8,9,16,23,24,31,30,38,45,46,39,47,44,
520,0,7,8,9,16,23,24,31,30,38,45,46,39,47,44,
521,0,7,8,9,16,23,24,31,30,38,45,46,39,47,44,
522,0,7,8,9,16,23,24,31,30,38,45,46,39,47,44,
523,0,7,8,9,16,23,24,31,30,38,45,46,39,47,44,
524,0,7,8,9,16,23,24,31,30,38,45,46,39,47,44,
525,0,7,8,9,16,23,24,31,30,38,45,46,39,47,44,
526,0,7,8,9,16,23,24,31,30,38,45,46,39,47,44,
527,0,7,8,9,16,23,24,31,30,38,45,46,39,47,44,
528,0,7,8,9,16,23,24,31,30,38,45,46,39,47,44,
529,0,7,8,9,16,23,24,31,30,38,45,46,39,47,44,
530,0,7,8,9,16,23,24,31,30,38,45,46,39,47,44,
531,0,7,8,9,16,23,24,31,30,38,45,46,39,47,44,
532,0,7,8,9,16,23,24,31,30,38,45,46,39,47,44,
533,0,7,8,9,16,23,24,31,30,38,45,46,39,47,44,
534,0,7,8,9,16,23,24,31,30,38,45,46,39,47,44,
535,0,7,8,9,16,23,24,31,30,38,45,46,39,47,44,
536,0,7,8,9,16,23,24,31,30,38,45,46,39,47,44,
537,0,7,8,9,16,23,24,31,30,38,45,46,39,47,44,
538,0,7,8,9,16,23,24,31,30,38,45,46,39,47,44,
539,0,7,8,9,16,23,24,31,30,38,45,46,39,47,44,
540,0,7,8,9,16,23,24,31,30,38,45,46,39,47,44,
541,0,7,8,9,16,23,24,31,30,38,45,46,39,47,44,
542,0,7,8,9,16,23,24,31,30,38,45,46,39,47,44,
543,0,7,8,9,16,23,24,31,30,38,45,46,39,47,44,
544,0,7,8,9,16,23,24,31,30,38,45,46,39,47,44,
545,0,7,8,9,16,23,24,31,30,38,45,46,39,47,44,
546,0,7,8,9,16,23,24,31,30,38,45,46,39,47,44,
547,0,7,8,9,16,23,24,31,30,38,45,46,39,47,44,
548,0,7,8,9,16,23,24,31,30,38,45,46,39,47,44,
549,0,7,8,9,16,23,24,31,30,38,45,46,39,47,44,
550,0,7,8,9,16,23,24,31,30,38,45,46,39,47,44,
551,0,7,8,9,16,23,24,31,30,38,45,46,39,47,44,
552,0,7,8,9,16,23,24,31,30,38,45,46,39,47,44,
553,0,7,8,9,16,23,24,31,30,38,45,46,39,47,44,
554,0,7,8,9,16,23,24,31,30,38,45,46,39,47,44,
555,0,7,8,9,16,23,24,31,30,38,45,46,39,47,44,
556,0,7,8,9,16,23,24,31,30,38,45,46,39,47,44,
557,0,7,8,9,16,23,24,31,30,38,45,46,39,47,44,
558,0,7,8,9,16,23,24,31,30,38,45,46,39,47,44,
559,0,7,8,9,16,23,24,31,30,38,45,46,39,47,44,
560,0,7,8,9,16,23,24,31,30,38,45,46,39,47,44,
561,0,7,8,9,16,23,24,31,30,38,45,46,39,47,44,
562,0,7,8,9,16,23,24,31,30,38,45,46,39,47,44,
563,0,7,8,9,16,23,24,31,30,38,45,46,39,47,44,
564,0,7,8,9,16,23,24,31,30,38,45,46,39,47,44,
565,0,7,8,9,16,23,24,31,30,38,45,46,39,47,44,
566,0,7,8,9,16,23,24,31,30,38,45,46,39,47,44,
567,0,7,8,9,16,23,24,31,30,38,45,46,39,47,44,
568,0,7,8,9,16,23,24,31,30,38,45,46,39,47,44,
569,0,7,8,9,16,23,24,31,30,38,45,46,39,47,44,
570,0,7,8,9,16,23,24,31,30,38,45,46,39,47,44,
571,0,7,8,9,16,23,24,31,30,38,45,46,39,47,44,
572,0,7,8,9,16,23,24,31,30,38,45,46,39,47,44,
573,0,7,8,9,16,23,24,31,30,38,45,46,39,47,44,
574,0,7,8,9,16,23,24,31,30,38,45,46,39,47,44,
575,0,7,8,9,16,23,24,31,30,38,45,46,39,47,44,
576,0,7,8,9,16,23,24,31,30,38,45,46,39,47,44,
577,0,7,8,9,16,23,24,31,30,38,45,46,39,47,44,
578,0,7,8,9,16,23,24,31,30,38,45,46,39,47,44,
579,0,7,8,9,16,23,24,31,30,38,45,46,39,47,44,
580,0,7,8,9,16,23,24,31,30,38,45,46,39,47,44,
581,0,7,8,9,16,23,24,31,30,38,45,46,39,47,44,
582,0,7,8,9,16,23,24,31,30,38,45,46,39,47,44,
583,0,7,8,9,16,23,24,31,30,38,45,46,39,47,44,
584,0,7,8,9,16,23,24,31,30,38,45,46,39,47,44,
585,0,7,8,9,16,23,24,31,30,38,45,46,39,47,44,
586,0,7,8,9,16,23,24,31,30,38,45,46,39,47,44,
587,0,7,8,9,16,23,24,31,30,38,45,46,39,47,44,
588,0,7,8,9,16,23,24,31,30,38,45,46,39,47,44,
589,0,7,8,9,16,23,24,31,30,38,45,46,39,47,44,
590,0,7,8,9,16,23,24,31,30,38,45,46,39,47,44,
591,0,7,8,9,16,23,24,31,30,38,45,46,39,47,44,
592,0,7,8,9,16,23,24,31,30,38,45,46,39,47,44,
593,0,7,8,9,16,23,24,31,30,38,45,46,39,47,44,
594,0,7,8,9,16,23,24,31,30,38,45,46,39,47,44,
595,0,7,8,9,16,23,24,31,30,38,45,46,39,47,44,
596,0,7,8,9,16,23,24,31,30,38,45,46,39,47,44,
597,0,7,8,9,16,23,24,31,30,38,45,46,39,47,44,
598,0,7,8,9,16,23,24,31,30,38,45,46,39,47,44,
599,0,7,8,9,16,23,24,31,30,38,45,46,39,47,44,
600,0,7,8,9,16,23,24,31,30,38,45,46,39,47,44,
601,0,7,8,9,16,23,24,31,30,38,45,46,39,47,44,
602,0,7,8,9,16,23,24,31,30,38,45,46,39,47,44,
603,0,7,8,9,16,23,24,31,30,38,45,46,39,47,44,
604,0,7,8,9,16,23,24,31,30,38,45,46,39,47,44,
605,0,7,14,15,16,23,30,37,44,43,45,46,47,
606,0,7,14,15,16,23,30,37,44,43,45,46,47,
607,0,7,14,15,16,23,30,37,44,43,45,46,47,
608,0,7,14,15,16,23,30,37,44,43,45,46,47,
609,0,7,14,15,16,23,30,37,44,43,45,46,47,
610,0,7,14,15,16,23,30,37,44,43,45,46,47,
611,0,7,14,15,16,23,30,37,44,43,45,46,47,
612,0,7,14,15,16,23,30,37,44,43,45,46,47,
613,0,7,14,15,16,23,30,37,44,43,45,46,47,
614,0,7,14,15,16,23,30,37,44,43,45,46,47,
615,0,7,14,15,16,23,30,37,44,43,45,46,47,
616,0,7,14,15,16,23,30,37,44,43,45,46,47,
617,0,7,14,15,16,23,30,37,44,43,45,46,47,
618,0,7,14,15,16,23,30,37,44,43,45,46,47,
619,0,7,14,15,16,23,30,37,44,43,45,46,47,
620,0,7,14,15,16,23,30,37,44,43,45,46,47,
621,0,7,14,15,16,23,30,37,44,43,45,46,47,
622,0,7,14,15,16,23,30,37,44,43,45,46,47,
623,0,7,14,15,16,23,30,37,44,43,45,46,47,
624,0,7,14,15,16,23,30,37,44,43,45,46,47,
625,0,7,14,15,16,23,30,37,44,43,45,46,47,
626,0,7,14,15,16,23,30,37,44,43,45,46,47,
627,0,7,14,15,16,23,30,37,44,43,45,46,47,
628,0,7,14,15,16,23,30,37,44,43,45,46,47,
629,0,7,14,15,16,23,30,37,44,43,45,46,47,
630,0,7,14,15,16,23,30,37,44,43,45,46,47,
631,0,7,14,15,16,23,30,37,44,43,45,46,47,
632,0,7,14,15,16,23,30,37,44,43,45,46,47,
633,0,7,14,15,16,23,30,37,44,43,45,46,47,
634,0,7,14,15,16,23,30,37,44,43,45,46,47,
635,0,7,14,15,16,23,30,37,44,43,45,46,47,
636,0,7,14,15,16,23,30,37,44,43,45,46,47,
637,0,7,14,15,16,23,30,37,44,43,45,46,47,
638,0,7,14,15,16,23,30,37,44,43,45,46,47,
639,0,7,14,15,16,23,30,37,44,43,45,46,47,
640,0,7,14,15,16,23,30,37,44,43,45,46,47,
641,0,7,14,15,16,23,30,37,44,43,45,46,47,
642,0,7,14,15,16,23,30,37,44,43,45,46,47,
643,0,7,14,15,16,23,30,37,44,43,45,46,47,
644,0,7,14,15,16,23,30,37,44,43,45,46,47,
645,0,7,14,15,16,23,30,37,44,43,45,46,47,
646,0,7,14,15,16,23,30,37,44,43,45,46,47,
647,0,7,14,15,16,23,30,37,44,43,45,46,47,
648,0,7,14,15,16,23,30,37,44,43,45,46,47,
649,0,7,14,15,16,23,30,37,44,43,45,46,47,
650,0,7,14,15,16,23,30,37,44,43,45,46,47,
651,0,7,14,15,16,23,30,37,44,43,45,46,47,
652,0,7,14,15,16,23,30,37,44,43,45,46,47,
653,0,7,14,15,16,23,30,37,44,43,45,46,47,
654,0,7,14,15,16,23,30,37,44,43,45,46,47,
655,0,7,14,15,16,23,30,37,44,43,45,46,47,
656,0,7,14,15,16,23,30,37,44,43,45,46,47,
657,0,7,14,15,16,23,30,37,44,43,45,46,47,
658,0,7,14,15,16,23,30,37,44,43,45,46,47,
659,0,7,14,15,16,23,30,37,44,43,45,46,47,
660,0,7,14,15,16,23,30,37,44,43,45,46,47,
661,0,7,14,15,16,23,30,37,44,43,45,46,47,
662,0,7,14,15,16,23,30,37,44,43,45,46,47,
663,0,7,14,15,16,23,30,37,44,43,45,46,47,
664,0,7,14,15,16,23,30,37,44,43,45,46,47,
665,0,7,14,15,16,23,30,37,44,43,45,46,47,
666,0,7,14,15,16,23,30,37,44,43,45,46,47,
667,0,7,14,15,16,23,30,37,44,43,45,46,47,
668,0,7,14,15,16,23,30,37,44,43,45,46,47,
669,0,7,14,15,16,23,30,37,44,43,45,46,47,
670,0,7,14,15,16,23,30,37,44,43,45,46,47,
671,0,7,14,15,16,23,30,37,44,43,45,46,47,
672,0,7,14,15,16,23,30,37,44,43,45,46,47,
673,0,7,14,15,16,23,30,37,44,43,45,46,47,
674,0,7,14,15,16,23,30,37,44,43,45,46,47,
675,0,7,14,15,16,23,30,37,44,43,45,46,47,
676,0,7,14,15,16,23,30,37,44,43,45,46,47,
677,0,7,14,15,16,23,30,37,44,43,45,46,47,
678,0,7,14,15,16,23,30,37,44,43,45,46,47,
679,0,7,14,15,16,23,30,37,44,43,45,46,47,
680,0,7,14,15,16,23,30,37,44,43,45,46,47,
681,0,7,14,15,16,23,30,37,44,43,45,46,47,
682,0,7,14,15,16,23,30,37,44,43,45,46,47,
683,0,7,14,15,16,23,30,37,44,43,45,46,47,
684,0,7,14,15,16,23,30,37,44,43,45,46,47,
685,0,7,14,15,16,23,30,37,44,43,45,46,47,
686,0,7,14,15,16,23,30,37,44,43,45,46,47,
687,0,7,14,15,16,23,30,37,44,43,45,46,47,
688,0,7,14,15,16,23,30,37,44,43,45,46,47,
689,0,7,14,15,16,23,30,37,44,43,45,46,47,
690,0,7,14,15,16,23,30,37,44,43,45,46,47,
691,0,7,14,15,16,23,30,37,44,43,45,46,47,
692,0,7,14,15,16,23,30,37,44,43,45,46,47,
693,0,7,14,15,16,23,30,37,44,43,45,46,47,
694,0,7,14,15,16,23,30,37,44,43,45,46,47,
695,0,7,14,15,16,23,30,37,44,43,45,46,47,
696,0,7,14,15,16,23,30,37,44,43,45,46,47,
697,0,7,14,15,16,23,30,37,44,43,45,46,47,
698,0,7,14,15,16,23,30,37,44,43,45,46,47,
699,0,7,14,15,16,23,30,37,44,43,45,46,47,
700,0,7,14,15,16,23,30,37,44,43,45,46,47,
701,0,7,14,15,16,23,30,37,44,43,45,46,47,
702,0,7,14,15,16,23,30,37,44,43,45,46,47,
703,0,7,14,15,16,23,30,37,44,43,45,46,47,
704,0,7,14,15,16,23,30,37,44,43,45,46,47,
705,0,7,14,15,16,23,30,37,44,43,45,46,47,
706,0,7,14,15,16,23,30,37,44,43,45,46,47,
707,0,7,14,15,16,23,30,37,44,43,45,46,47,
708,0,7,14,15,16,23,30,37,44,43,45,46,47,
709,0,7,14,15,16,23,30,37,44,43,45,46,47,
710,0,7,14,15,16,23,30,37,44,43,45,46,47,
711,0,7,14,15,16,23,30,37,44,43,45,46,47,
712,0,7,14,15,16,23,30,37,44,43,45,46,47,
713,0,7,14,15,16,23,30,37,44,43,45,46,47,
714,0,7,14,15,16,23,30,37,44,43,45,46,47,
715,0,7,14,15,16,23,30,37,44,43,45,46,47,
716,0,7,14,15,16,23,30,37,44,43,45,46,47,
717,0,7,14,15,16,23,30,37,44,43,45,46,47,
718,0,7,14,15,16,23,30,37,44,43,45,46,47,
719,0,7,14,15,16,23,30,37,44,43,45,46,47,
720,0,7,14,15,16,23,30,37,44,43,45,46,47,
721,0,7,14,15,16,23,30,37,44,43,45,46,47,
722,0,7,14,15,16,23,30,37,44,43,45,46,47,
723,0,7,14,15,16,23,30,37,44,43,45,46,47,
724,0,7,14,15,16,23,30,37,44,43,45,46,47,
725,0,7,14,15,16,23,30,37,44,43,45,46,47,
726,0,7,14,15,16,23,30,37,44,43,45,46,47,
727,0,7,14,15,16,23,30,37,44,43,45,46,47,
728,0,7,14,15,16,23,30,37,44,43,45,46,47,
729,0,7,14,15,16,23,30,37,44,43,45,46,47,
730,0,7,14,15,16,23,30,37,44,43,45,46,47,
731,0,7,14,15,16,23,30,37,44,43,45,46,47,
732,0,7,14,15,16,23,30,37,44,43,45,46,47,
733,0,7,14,15,16,23,30,37,44,43,45,46,47,
734,0,7,14,15,16,23,30,37,44,43,45,46,47,
735,0,7,14,15,16,23,30,37,44,43,45,46,47,
736,0,7,14,15,16,23,30,37,44,43,45,46,47,
737,0,7,14,15,16,23,30,37,44,43,45,46,47,
738,0,7,14,15,16,23,30,37,44,43,45,46,47,
739,0,7,14,15,16,23,30,37,44,43,45,46,47,
740,0,7,14,15,16,23,30,37,44,43,45,46,47,
741,0,7,14,15,16,23,30,37,44,43,45,46,47,
742,0,7,14,15,16,23,30,37,44,43,45,46,47,
743,0,7,14,15,16,23,30,37,44,43,45,46,47,
744,0,7,14,15,16,23,30,37,44,43,45,46,47,
745,0,7,14,15,16,23,30,37,44,43,45,46,47,
746,0,7,14,15,16,23,30,37,44,43,45,46,47,
747,0,7,14,15,16,23,30,37,44,43,45,46,47,
748,0,7,14,15,16,23,30,37,44,43,45,46,47,
749,0,7,14,15,16,23,30,37,44,43,45,46,47,
750,0,7,14,15,16,23,30,37,44,43,45,46,47,
751,0,7,14,15,16,23,30,37,44,43,45,46,47,
752,0,7,14,15,16,23,30,37,44,43,45,46,47,
753,0,7,14,15,16,23,30,37,44,43,45,46,47,
754,0,7,14,15,16,23,30,37,44,43,45,46,47,
755,0,7,14,15,16,23,30,37,44,43,45,46,47,
756,0,7,14,15,16,23,30,37,44,43,45,46,47,
757,0,7,14,15,16,23,30,37,44,43,45,46,47,
758,0,7,14,15,16,23,30,37,44,43,45,46,47,
759,0,7,14,15,16,23,30,37,44,43,45,46,47,
760,0,7,14,15,16,23,30,37,44,43,45,46,47,
761,0,7,14,15,16,23,30,37,44,43,45,46,47,
762,0,7,14,15,16,23,30,37,44,43,45,46,47,
763,0,7,14,15,16,23,30,37,44,43,45,46,47,
764,0,7,14,15,16,23,30,37,44,43,45,46,47,
765,0,7,14,15,16,23,30,37,44,43,45,46,47,
766,0,7,14,15,16,23,30,37,44,43,45,46,47,
767,0,7,14,15,16,23,30,37,44,43,45,46,47,
768,0,7,14,15,16,23,30,37,44,43,45,46,47,
769,0,7,14,15,16,23,30,37,44,43,45,46,47,
770,0,7,14,15,16,23,30,37,44,43,45,46,47,
771,0,7,14,15,16,23,30,37,44,43,45,46,47,
772,0,7,14,15,16,23,30,37,44,43,45,46,47,
773,0,7,14,15,16,23,30,37,44,43,45,46,47,
774,0,7,14,15,16,23,30,37,44,43,45,46,47,
775,0,7,14,15,16,23,30,37,44,43,45,46,47,
776,0,7,14,15,16,23,30,37,44,43,45,46,47,
777,0,7,14,15,16,23,30,37,44,43,45,46,47,
778,0,7,14,15,16,23,30,37,44,43,45,46,47,
779,0,7,14,15,16,23,30,37,44,43,45,46,47,
780,0,7,14,15,16,23,30,37,44,43,45,46,47,
781,0,7,14,15,16,23,30,37,44,43,45,46,47,
782,0,7,14,15,16,23,30,37,44,43,45,46,47,
783,0,7,14,15,16,23,30,37,44,43,45,46,47,
784,0,7,14,15,16,23,30,37,44,43,45,46,47,
785,0,7,14,15,16,23,30,37,44,43,45,46,47,
786,0,7,14,15,16,23,30,37,44,43,45,46,47,
787,0,7,14,15,16,23,30,37,44,43,45,46,47,
788,0,7,14,15,16,23,30,37,44,43,45,46,47,
789,0,7,14,15,16,23,30,37,44,43,45,46,47,
790,0,7,14,15,16,23,30,37,44,43,45,46,47,
791,0,7,14,15,16,23,30,37,44,43,45,46,47,
792,0,7,14,15,16,23,30,37,44,43,45,46,47,
793,0,7,14,15,16,23,30,37,44,43,45,46,47,
794,0,7,14,15,16,23,30,37,44,43,45,46,47,
795,0,7,14,15,16,23,30,37,44,43,45,46,47,
796,0,7,14,15,16,23,30,37,44,43,45,46,47,
797,0,7,14,15,16,23,30,37,44,43,45,46,47,
798,0,7,14,15,16,23,30,37,44,43,45,46,47,
799,0,7,14,15,16,23,30,37,44,43,45,46,47,
800,0,7,14,15,16,23,30,37,44,43,45,46,47,
801,0,7,14,15,16,23,30,37,44,43,45,46,47,
802,0,7,14,15,16,23,30,37,44,43,45,46,47,
803,0,7,14,15,16,23,30,37,44,43,45,46,47,
804,0,7,14,15,16,23,30,37,44,43,45,46,47,
805,0,7,14,15,16,23,30,37,44,43,45,46,47,
806,0,7,14,15,16,23,30,37,44,43,45,46,47,
807,0,7,14,15,16,23,30,37,44,43,45,46,47,
808,0,7,14,15,16,23,30,37,44,43,45,46,47,
809,0,7,14,15,16,23,30,37,44,43,45,46,47,
810,0,7,14,15,16,23,30,37,44,43,45,46,47,
811,0,7,14,15,16,23,30,37,44,43,45,46,47,
812,0,7,14,15,16,23,30,37,44,43,45,46,47,
813,0,7,14,15,16,23,30,37,44,43,45,46,47,
814,0,7,14,15,16,23,30,37,44,43,45,46,47,
815,0,7,14,15,16,23,30,37,44,43,45,46,47,
816,0,7,14,15,16,23,30,37,44,43,45,46,47,
817,0,7,14,15,16,23,30,37,44,43,45,46,47,
818,0,7,14,15,16,23,30,37,44,43,45,46,47,
819,0,7,14,15,16,23,30,37,44,43,45,46,47,
820,0,7,14,15,16,23,30,37,44,43,45,46,47,
821,0,7,14,15,16,23,30,37,44,43,45,46,47,
822,0,7,14,15,16,23,30,37,44,43,45,46,47,
823,0,7,14,15,16,23,30,37,44,43,45,46,47,
824,0,7,14,15,16,23,30,37,44,43,45,46,47,
825,0,7,14,15,16,23,30,37,44,43,45,46,47,
826,0,7,14,15,16,23,30,37,44,43,45,46,47,
827,0,7,14,15,16,23,30,37,44,43,45,46,47,
828,0,7,14,15,16,23,30,37,44,43,45,46,47,
829,0,7,14,15,16,23,30,37,44,43,45,46,47,
830,0,7,14,15,16,23,30,37,44,43,45,46,47,
831,0,7,14,15,16,23,30,37,44,43,45,46,47,
832,0,7,14,15,16,23,30,37,44,43,45,46,47,
833,0,7,14,15,16,23,30,37,44,43,45,46,47,
834,0,7,14,15,16,23,30,37,44,43,45,46,47,
835,0,7,14,15,16,23,30,37,44,43,45,46,47,
836,0,7,14,15,16,23,30,37,44,43,45,46,47,
837,0,7,14,15,16,23,30,37,44,43,45,46,47,
838,0,7,14,15,16,23,30,37,44,43,45,46,47,
839,0,7,14,15,16,23,30,37,44,43,45,46,47,
840,0,7,14,15,16,23,30,37,44,43,45,46,47,
841,0,7,14,15,16,23,30,37,44,43,45,46,47,
842,0,7,14,15,16,23,30,37,44,43,45,46,47,
843,0,7,14,15,16,23,30,37,44,43,45,46,47,
844,0,7,14,15,16,23,30,37,44,43,45,46,47,
845,0,7,14,15,16,23,30,37,44,43,45,46,47,
846,0,7,14,15,16,23,30,37,44,43,45,46,47,
847,0,7,14,15,16,23,30,37,44,43,45,46,47,
848,0,7,14,15,16,23,30,37,44,43,45,46,47,
849,0,7,14,15,16,23,30,37,44,43,45,46,47,
850,0,7,14,15,16,23,30,37,44,43,45,46,47,
851,0,7,14,15,16,23,30,37,44,43,45,46,47,
852,0,7,14,15,16,23,30,37,44,43,45,46,47,
853,0,7,14,15,16,23,30,37,44,43,45,46,47,
854,0,7,14,15,16,23,30,37,44,43,45,46,47,
855,0,7,14,15,16,23,30,37,44,43,45,46,47,
856,0,7,14,15,16,23,30,37,44,43,45,46,47,
857,0,7,14,15,16,23,30,37,44,43,45,46,47,
858,0,7,14,15,16,23,30,37,44,43,45,46,47,
859,0,7,14,15,16,23,30,37,44,43,45,46,47,
860,0,7,14,15,16,23,30,37,44,43,45,46,47,
861,0,7,14,15,16,23,30,37,44,43,45,46,47,
862,0,7,14,15,16,23,30,37,44,43,45,46,47,
863,0,7,14,15,16,23,30,37,44,43,45,46,47,
864,0,7,14,15,16,23,30,37,44,43,45,46,47,
865,0,7,14,15,16,23,30,37,44,43,45,46,47,
866,0,7,14,15,16,23,30,37,44,43,45,46,47,
867,0,7,14,15,16,23,30,37,44,43,45,46,47,
868,0,7,14,15,16,23,30,37,44,43,45,46,47,
869,0,7,14,15,16,23,30,37,44,43,45,46,47,
870,0,7,14,15,16,23,30,37,44,43,45,46,47,
871,0,7,14,15,16,23,30,37,44,43,45,46,47,
872,0,7,14,15,16,23,30,37,44,43,45,46,47,
873,0,7,14,15,16,23,30,37,44,43,45,46,47,
874,0,7,14,15,16,23,30,37,44,43,45,46,47,
875,0,7,14,15,16,23,30,37,44,43,45,46,47,
876,0,7,14,15,16,23,30,37,44,43,45,46,47,
877,0,7,14,15,16,23,30,37,44,43,45,46,47,
878,0,7,14,15,16,23,30,37,44,43,45,46,47,
879,0,7,14,15,16,23,30,37,44,43,45,46,47,
880,0,7,14,15,16,23,30,37,44,43,45,46,47,
881,0,7,14,15,16,23,30,37,44,43,45,46,47,
882,0,7,14,15,16,23,30,37,44,43,45,46,47,
883,0,7,14,15,16,23,30,37,44,43,45,46,47,
884,0,7,14,15,16,23,30,37,44,43,45,46,47,
885,0,7,14,15,16,23,30,37,44,43,45,46,47,
886,0,7,14,15,16,23,30,37,44,43,45,46,47,
887,0,7,14,15,16,23,30,37,44,43,45,46,47,
888,0,7,14,15,16,23,30,37,44,43,45,46,47,
889,0,7,14,15,16,23,30,37,44,43,45,46,47,
890,0,7,14,15,16,23,30,37,44,43,45,46,47,
891,0,7,14,15,16,23,30,37,44,43,45,46,47,
892,0,7,14,15,16,23,30,37,44,43,45,46,47,
893,0,7,14,15,16,23,30,37,44,43,45,46,47,
894,0,7,14,15,16,23,30,37,44,43,45,46,47,
895,0,7,14,15,16,23,30,37,44,43,45,46,47,
896,0,7,14,15,16,23,30,37,44,43,45,46,47,
897,0,7,14,15,16,23,30,37,44,43,45,46,47,
898,0,7,14,15,16,23,30,37,44,43,45,46,47,
899,0,7,14,15,16,23,30,37,44,43,45,46,47,
900,0,7,14,15,16,23,30,37,44,43,45,46,47,
901,0,7,14,15,16,23,30,37,44,43,45,46,47,
902,0,7,14,15,16,23,30,37,44,43,45,46,47,
903,0,7,14,15,16,23,30,37,44,43,45,46,47,
904,0,7,14,15,16,23,30,37,44,43,45,46,47,
905,0,7,14,15,16,23,30,37,44,43,45,46,47,
906,0,7,14,15,16,23,30,37,44,43,45,46,47,
907,0,7,14,15,16,23,30,37,44,43,45,46,47,
908,0,7,14,15,16,23,30,37,44,43,45,46,47,
909,0,7,14,15,16,23,30,37,44,45,46,38,39,47,
910,0,7,14,15,16,23,30,37,44,45,46,38,39,47,
911,0,7,14,15,16,23,30,37,44,45,46,38,39,47,
912,0,7,14,15,16,23,30,37,44,45,46,38,39,47,
913,0,7,14,15,16,23,30,37,44,45,46,38,39,47,
914,0,7,14,15,16,23,30,37,44,45,46,38,39,47,
915,0,7,14,15,16,23,30,37,44,45,46,38,39,47,
916,0,7,14,15,16,23,30,37,44,45,46,38,39,47,
917,0,7,14,15,16,23,30,37,44,45,46,38,39,47,
918,0,7,14,15,16,23,30,37,44,45,46,38,39,47,
919,0,7,14,15,16,23,30,37,44,45,46,38,39,47,
920,0,7,14,15,16,23,30,37,44,45,46,38,39,47,
921,0,7,14,15,16,23,30,37,44,45,46,38,39,47,
922,0,7,14,15,16,23,30,37,44,45,46,38,39,47,
923,0,7,14,15,16,23,30,37,44,45,46,38,39,47,
924,0,7,14,15,16,23,30,37,44,45,46,38,39,47,
925,0,7,14,15,16,23,30,37,44,45,46,38,39,47,
926,0,7,14,15,16,23,30,37,44,45,46,38,39,47,
927,0,7,14,15,16,23,30,37,44,45,46,38,39,47,
928,0,7,14,15,16,23,30,37,44,45,46,38,39,47,
929,0,7,14,15,16,23,30,37,44,45,46,38,39,47,
930,0,7,14,15,16,23,30,37,44,45,46,38,39,47,
931,0,7,14,15,16,23,30,37,44,45,46,38,39,47,
932,0,7,14,15,16,23,30,37,44,45,46,38,39,47,
933,0,7,14,15,16,23,30,37,44,45,46,38,39,47,
934,0,7,14,15,16,23,30,37,44,45,46,38,39,47,
935,0,7,14,15,16,23,30,37,44,45,46,38,39,47,
936,0,7,14,15,16,23,30,37,44,45,46,38,39,47,
937,0,7,14,15,16,23,30,37,44,45,46,38,39,47,
938,0,7,8,9,16,23,30,37,44,45,46,47,40,38,39,
939,0,7,8,9,16,23,30,37,44,45,46,47,40,38,39,
940,0,7,8,9,16,23,30,37,44,45,46,47,40,38,39,
941,0,7,8,9,16,23,30,37,44,45,46,47,40,38,39,
942,0,7,8,9,16,23,30,37,44,45,46,47,40,38,39,
943,0,7,8,9,16,23,30,37,44,45,46,47,40,38,39,
944,0,7,8,9,16,23,30,37,44,45,46,47,40,38,39,
945,0,7,8,9,16,23,30,37,44,45,46,47,40,38,39,
946,0,7,8,9,16,23,30,37,44,45,46,47,40,38,39,
947,0,7,8,9,16,23,30,37,44,45,46,47,40,38,39,
948,0,7,8,9,16,23,30,37,44,45,46,47,40,38,39,
949,0,7,8,9,16,23,30,37,44,45,46,47,40,38,39,
950,0,7,14,15,16,17,18,25,32,39,46,47,45,
951,0,7,14,15,16,17,18,25,32,39,46,47,45,
952,0,7,14,15,16,17,18,25,32,39,46,47,45,
953,0,7,14,15,16,17,18,25,32,39,46,47,45,
954,0,7,14,15,16,17,18,25,32,39,46,47,45,
955,0,7,14,15,16,17,18,25,32,39,46,47,45,
956,0,7,14,15,16,17,18,25,32,39,46,47,45,
957,0,7,14,15,16,17,18,25,32,39,46,47,45,
958,0,7,14,15,16,17,18,25,32,39,46,47,45,
959,0,7,14,15,16,17,18,25,32,39,46,47,45,
960,0,7,14,15,16,17,18,25,32,39,46,47,45,
961,0,7,14,15,16,17,18,25,32,39,46,47,45,
962,0,7,14,15,16,17,18,25,32,39,46,47,45,
963,0,7,14,15,16,17,18,25,32,39,46,47,45,
964,0,7,14,15,16,17,18,25,32,39,46,47,45,
965,0,7,14,15,16,17,18,25,32,39,46,47,45,
966,0,7,14,15,16,17,18,25,32,39,46,47,45,
967,0,7,14,15,16,17,18,25,32,39,46,47,45,
968,0,7,14,15,16,17,18,25,32,39,46,47,45,
969,0,7,14,15,16,17,18,25,32,39,46,47,45,
970,0,7,14,15,16,17,18,25,32,39,46,47,45,
971,0,7,14,15,16,17,18,25,32,39,46,47,45,
972,0,7,14,15,16,17,18,25,32,39,46,47,45,
973,0,7,14,15,16,17,18,25,32,39,46,47,45,
974,0,7,14,15,16,17,18,25,32,39,46,47,45,
975,0,7,14,15,16,17,18,25,32,39,46,47,45,
976,0,7,14,15,16,17,18,25,32,39,46,47,45,
977,0,7,14,15,16,17,18,25,32,39,46,47,45,
978,0,7,14,15,16,17,18,25,32,39,46,47,45,
979,0,7,14,15,16,17,18,25,32,39,46,47,45,
980,0,7,14,15,16,17,18,25,32,39,46,47,45,
981,0,7,14,15,16,17,18,25,32,39,46,47,45,
982,0,7,14,15,16,17,18,25,32,39,46,47,45,
983,0,7,14,15,16,17,18,25,32,39,46,47,45,
984,0,7,14,15,16,17,18,25,32,39,46,47,45,
985,0,7,14,15,16,17,18,25,32,39,46,47,45,
986,0,7,14,15,16,17,18,25,32,39,46,47,45,
987,0,7,14,15,16,17,18,25,32,39,46,47,45,
988,0,7,14,15,16,17,18,25,32,39,46,47,45,
989,0,7,14,15,16,17,18,25,32,39,46,47,45,
990,0,7,14,15,16,17,18,25,32,39,46,47,45,
991,0,7,14,15,16,17,18,25,32,39,46,47,45,
992,0,7,14,15,16,17,18,25,32,39,46,47,45,
993,0,7,14,15,16,17,18,25,32,39,46,47,45,
994,0,7,14,15,16,17,18,25,32,39,46,47,45,
995,0,7,14,15,16,17,18,25,32,39,46,47,45,
996,0,7,14,15,16,17,18,25,32,39,46,47,45,
997,0,7,14,15,16,17,18,25,32,39,46,47,45,
998,0,7,14,15,16,17,18,25,32,39,46,47,45,
999,0,7,14,15,16,17,18,25,32,39,46,47,45,
0,
1,
2,
3,
4,
5,
6,
7,
8,
9,
10,
11,
12,
13,
14,
