0,0,1,2,9,16,17,24,17,18,17,16,16,23,16,15,14,7,14,21,14,21,14,7,8,1,8,9,16,16,16,
1,0,7,0,7,0,7,14,7,0,1,8,9,8,1,0,7,14,21,28,21,22,23,16,23,24,17,16,23,16,17,
2,0,1,0,1,2,3,10,11,4,11,18,25,24,23,16,23,24,25,18,19,18,25,18,11,4,3,4,5,12,13,
3,0,1,2,3,2,1,0,1,8,15,16,9,8,15,14,15,16,16,9,8,9,16,23,30,37,36,29,22,29,36,
4,0,1,8,1,0,1,2,9,8,7,8,15,16,15,8,15,16,15,8,15,16,15,16,15,16,23,16,15,16,23,
5,0,7,8,1,2,1,2,9,10,11,18,25,26,33,32,33,32,33,34,33,32,39,40,39,40,41,40,47,48,
6,0,7,14,15,16,9,2,1,8,7,8,15,16,17,24,25,18,18,18,11,4,11,12,5,12,5,4,11,18,19,
7,0,7,14,15,16,15,8,7,8,15,16,23,30,37,44,37,44,43,42,43,36,29,36,37,38,31,30,31,30,37,
8,0,7,14,21,28,35,28,21,14,15,8,15,16,16,17,16,16,23,24,31,32,39,40,41,34,41,48,
9,0,7,8,15,8,7,8,15,16,17,16,16,16,17,16,15,16,17,16,15,16,15,16,16,23,22,21,28,35,36,
10,0,7,14,7,0,1,0,1,0,7,14,15,8,9,16,23,16,9,8,15,16,16,16,17,16,16,23,16,15,16,
11,0,7,14,7,0,7,8,15,8,9,16,9,10,11,18,17,16,17,16,16,9,16,15,22,21,28,35,28,21,14,
12,0,1,2,9,16,9,8,15,16,23,16,9,16,16,15,14,15,8,15,14,7,0,7,0,1,8,9,16,9,8,
13,0,7,14,21,14,15,14,21,28,35,28,35,28,29,36,35,28,29,36,36,43,42,35,28,29,36,37,36,36,36,
14,0,7,0,7,14,7,0,1,2,1,8,7,0,1,2,1,0,1,2,3,4,5,12,5,4,11,12,11,18,19,
15,0,7,14,7,14,21,28,29,36,36,43,42,43,36,29,36,29,30,29,30,23,16,15,22,29,22,21,28,29,30,
16,0,7,14,15,16,16,17,16,23,16,16,16,15,8,15,16,23,30,29,36,37,36,37,30,31,24,17,16,15,14,
17,0,7,8,15,16,16,15,16,23,24,17,10,10,11,18,18,11,18,25,26,27,20,19,26,33,26,27,26,33,26,
18,0,7,0,1,8,15,16,15,16,16,9,2,3,4,5,12,13,12,11,12,11,18,18,18,11,18,18,19,12,11,
19,0,1,8,15,8,1,8,7,14,7,14,21,28,29,22,21,14,15,16,16,9,16,16,16,16,15,16,16,9,10,
20,0,1,8,15,14,21,28,29,30,31,30,23,16,9,16,17,16,17,24,31,32,25,18,18,19,26,33,40,47,48,
21,0,1,0,7,0,1,0,7,8,9,16,9,16,16,16,23,16,16,17,10,10,9,16,9,16,9,2,9,8,15,
22,0,1,8,7,8,1,0,7,8,15,14,7,0,7,0,7,14,15,16,16,16,9,10,9,16,9,16,16,15,16,
23,0,1,2,9,2,3,2,9,8,15,16,16,16,16,16,9,16,23,16,17,18,18,18,18,18,25,18,19,18,19,
24,0,7,14,15,14,7,8,1,8,1,2,9,10,11,4,3,2,1,0,1,0,7,8,15,16,16,9,10,10,9,
25,0,1,2,9,10,17,16,16,23,16,16,15,22,29,30,31,30,37,38,39,38,37,37,37,36,35,28,21,22,23,
26,0,7,8,9,8,1,2,9,10,3,2,1,8,15,8,15,8,15,16,17,24,17,16,16,23,16,17,16,23,16,
27,0,7,8,7,14,15,14,7,0,1,2,3,10,17,16,16,16,16,9,8,15,16,17,16,16,9,16,17,10,10,
28,0,7,8,1,8,15,16,15,22,29,30,29,36,37,44,45,38,45,38,37,38,31,24,31,30,37,30,37,38,37,
29,0,1,8,1,8,15,22,15,8,1,0,1,2,1,0,7,14,21,14,21,14,7,0,1,0,7,0,1,2,3,
30,0,1,8,9,16,16,23,16,16,23,24,17,24,17,10,3,4,5,12,13,20,19,26,33,32,33,32,31,38,31,
31,0,7,0,1,8,15,16,9,10,9,2,9,16,16,23,16,23,30,23,16,16,16,15,16,23,22,23,22,23,16,
32,0,7,14,15,8,7,0,7,8,15,16,9,16,16,16,16,17,24,17,24,17,10,10,17,16,17,16,16,15,16,
33,0,7,14,15,14,15,8,7,0,7,8,15,16,9,10,17,18,11,12,11,10,17,16,17,16,16,16,23,22,23,
34,0,1,2,1,8,9,16,16,23,30,23,30,31,30,31,32,39,32,33,40,47,46,45,38,37,44,43,42,43,42,
35,0,7,14,21,22,15,8,9,16,17,16,23,16,23,30,23,24,31,38,39,32,39,38,39,38,37,37,36,37,37,
36,0,7,8,7,0,7,8,15,16,17,18,25,18,19,20,13,20,13,12,11,10,3,10,17,18,11,10,3,10,3,
37,0,1,2,1,8,15,14,21,28,21,28,29,22,15,22,15,16,23,16,16,17,16,16,23,16,23,16,16,16,17,
38,0,1,8,7,0,7,0,7,8,15,16,16,15,8,15,16,15,22,15,16,17,24,17,16,16,16,9,16,16,17,
39,0,7,8,15,16,9,10,9,16,9,8,15,22,29,30,31,32,25,32,39,40,33,26,33,40,47,46,39,40,41,
40,0,7,14,21,22,29,36,29,30,23,22,23,30,29,30,23,16,16,16,16,15,14,7,8,15,8,1,2,9,16,
41,0,7,0,7,14,7,14,7,14,21,28,35,42,42,43,36,37,38,37,37,30,37,36,37,36,29,30,37,36,37,
42,0,1,8,1,0,7,8,7,8,1,0,1,0,1,8,15,16,16,16,17,16,17,16,17,16,17,16,15,16,15,
43,0,7,0,7,14,21,22,15,16,17,16,15,8,15,14,7,8,15,16,17,24,23,22,15,16,16,15,14,21,22,
44,0,1,2,1,8,15,16,9,8,7,0,1,2,3,10,9,16,15,14,15,8,15,16,16,15,22,29,36,37,36,
45,0,7,14,21,28,35,42,43,44,37,30,23,24,25,24,23,22,15,16,16,15,8,1,8,9,10,3,4,11,10,
46,0,7,0,7,8,15,8,15,16,23,16,9,2,1,0,7,14,7,0,1,2,3,4,11,4,3,4,3,2,1,
47,0,7,8,9,16,15,16,16,17,24,23,24,23,30,29,30,23,22,15,16,16,17,10,3,2,9,2,9,16,17,
48,0,7,8,15,14,21,28,35,28,35,42,35,42,35,42,43,42,43,42,43,44,45,44,43,44,45,38,37,30,37,
49,0,1,8,1,0,7,14,15,8,9,10,11,12,13,20,13,12,5,6,5,12,13,20,19,26,33,32,39,32,31,
50,0,1,0,1,2,9,16,9,2,3,2,9,16,16,9,16,17,10,3,2,9,8,1,0,7,0,1,2,3,4,
51,0,1,8,9,2,9,10,11,10,9,16,17,16,9,16,17,16,9,16,16,17,16,23,22,29,22,29,28,29,30,
52,0,7,0,1,8,9,16,23,16,17,10,3,4,3,2,9,8,15,16,23,24,25,18,11,10,9,8,9,16,17,
53,0,7,8,9,16,16,9,16,23,24,25,18,11,10,10,17,10,11,10,10,3,4,5,12,11,10,9,8,15,14,
54,0,1,8,15,16,23,24,23,22,23,16,16,23,16,15,16,23,16,16,17,10,9,16,16,16,15,16,17,16,9,
55,0,1,8,9,2,3,2,3,10,11,10,11,10,11,10,10,9,10,3,4,11,4,11,10,10,9,8,15,16,9,
56,0,1,8,9,16,16,9,10,9,10,3,10,17,16,9,16,15,16,9,16,16,16,15,16,15,14,7,14,15,16,
57,0,7,8,15,8,15,16,16,23,24,23,16,16,23,16,16,23,16,23,16,23,16,15,16,16,9,8,15,14,15,
58,0,7,8,1,2,3,4,11,12,13,20,19,18,25,18,11,10,9,16,16,16,17,24,25,18,11,10,3,10,3,
59,0,7,0,1,0,1,0,1,2,3,2,3,10,9,16,16,16,16,16,15,14,15,16,17,16,23,24,23,16,17,
60,0,7,8,9,2,3,10,9,16,15,8,15,16,16,16,23,24,23,16,15,22,23,16,9,16,23,16,15,14,21,
61,0,1,8,9,16,16,16,17,24,25,24,23,16,16,9,16,23,30,37,37,44,43,42,43,36,37,30,29,28,35,
62,0,1,8,7,8,15,16,9,8,1,8,15,16,17,16,23,16,17,10,10,10,10,10,9,10,11,4,3,4,5,
63,0,1,8,15,16,16,23,24,23,30,31,30,23,16,15,8,1,0,7,0,7,0,7,14,15,14,7,14,15,16,
64,0,7,8,7,14,7,0,1,2,9,16,16,23,16,9,16,17,18,11,12,5,6,13,6,13,20,13,20,19,18,
65,0,1,0,1,2,9,16,23,22,23,16,17,10,10,11,10,9,8,7,14,21,14,21,28,35,36,37,38,37,36,
66,0,7,14,15,16,16,17,10,11,12,19,18,11,10,3,10,17,18,11,18,25,26,19,12,5,12,19,18,11,10,
67,0,7,8,9,8,1,0,7,0,1,0,1,8,9,8,9,16,17,10,9,16,17,16,15,16,9,8,1,2,3,
68,0,1,0,1,0,1,8,7,8,9,2,3,2,3,2,9,16,9,2,3,2,1,8,7,14,7,8,1,0,1,
69,0,7,14,15,16,16,15,14,7,8,15,14,21,22,21,14,7,8,9,2,3,4,5,12,11,12,5,12,5,6,
70,0,1,0,1,0,7,14,15,8,1,0,7,8,9,8,9,16,23,16,17,10,10,11,4,11,12,19,12,11,10,
71,0,7,14,15,8,15,14,21,28,29,28,35,28,29,30,23,22,21,22,23,24,31,24,23,24,23,16,16,16,17,
72,0,7,8,7,8,7,14,15,16,16,17,18,19,18,25,18,19,26,19,12,19,20,19,12,11,10,11,12,11,10,
73,0,7,0,7,8,9,10,9,8,7,8,9,2,1,2,1,2,1,8,15,8,7,0,7,14,21,14,21,14,15,
74,0,7,14,15,14,15,16,16,23,16,15,8,15,22,15,16,23,22,15,22,29,36,29,22,23,30,37,44,45,46,
75,0,7,8,15,14,15,16,23,24,23,24,25,24,23,22,23,24,23,16,17,24,23,16,16,9,8,9,10,10,11,
76,0,7,0,1,8,9,8,15,22,23,22,23,22,23,24,23,22,23,16,9,16,16,23,16,17,16,17,18,11,10,
77,0,1,2,9,16,15,14,15,16,16,9,8,9,10,10,17,16,16,9,16,23,22,23,16,16,23,16,23,22,29,
78,0,7,14,7,8,7,14,7,14,7,14,15,16,16,9,8,9,8,9,16,16,23,16,17,16,23,22,23,22,23,
79,0,1,2,3,4,11,10,10,17,16,17,16,17,18,11,10,17,16,16,9,16,16,23,24,31,32,25,18,25,18,
80,0,7,0,1,0,7,8,7,14,15,22,29,30,37,44,45,44,43,44,37,38,37,30,37,44,45,38,45,44,43,
81,0,7,0,1,8,1,2,3,4,3,2,1,0,1,8,9,16,16,17,24,25,18,19,12,13,12,5,4,11,10,
82,0,1,8,1,0,7,14,21,14,21,28,29,22,15,22,15,22,23,16,16,15,16,16,23,16,23,16,23,16,16,
83,0,1,8,7,0,1,2,9,2,3,10,10,10,3,4,11,18,25,24,23,30,37,44,45,38,45,46,39,38,37,
84,0,1,8,9,16,16,9,16,23,16,16,16,15,16,17,16,23,24,23,30,37,37,38,37,44,37,36,29,36,37,
85,0,1,8,15,22,23,16,17,18,25,18,11,12,5,6,5,4,5,4,3,10,9,2,3,2,1,0,1,2,9,
86,0,7,0,7,14,21,14,21,14,21,22,29,36,37,37,44,43,36,43,44,43,36,29,30,23,16,15,14,15,14,
87,0,7,0,1,0,7,14,7,8,9,16,16,15,14,7,14,15,22,23,16,23,16,23,24,23,22,29,28,35,36,
88,0,1,8,9,10,10,11,10,17,18,25,32,31,30,29,28,21,14,15,22,23,24,17,24,31,30,37,38,39,46,
89,0,1,2,9,16,23,24,25,18,11,10,10,11,10,3,4,11,10,3,10,10,3,2,3,4,11,12,11,18,25,
90,0,1,0,7,8,1,0,7,8,9,10,9,10,11,12,19,12,11,10,9,16,16,23,16,16,9,10,17,16,9,
91,0,1,2,3,2,9,16,16,16,17,18,11,18,17,18,19,26,33,40,33,32,25,18,11,10,11,10,3,2,3,
92,0,7,14,7,8,15,14,21,22,23,16,16,15,14,21,28,35,42,35,42,35,28,21,22,15,16,15,14,15,16,
93,0,1,0,1,2,9,16,9,2,9,16,16,15,8,9,16,16,17,18,17,10,3,2,9,16,23,24,23,16,15,
94,0,7,0,7,14,7,8,9,16,17,10,9,10,17,16,17,16,15,8,9,10,3,4,3,10,17,16,16,16,16,
95,0,7,14,15,14,15,16,23,16,16,17,18,11,10,17,10,17,16,23,30,31,30,29,30,23,16,23,22,23,30,
96,0,1,0,1,2,3,2,9,2,3,2,3,2,3,4,3,10,17,16,15,16,23,24,23,16,17,16,23,16,9,
97,0,7,14,7,14,7,0,7,8,9,16,15,14,15,16,23,16,9,10,10,3,2,9,16,17,10,11,10,11,10,
98,0,1,2,1,8,7,8,7,14,21,28,21,28,21,28,21,22,23,30,37,36,29,30,37,36,43,36,29,30,31,
99,0,7,0,7,8,1,0,1,8,9,8,15,14,7,14,7,8,1,2,3,10,11,4,11,18,11,10,10,17,24,
100,0,7,14,7,8,1,8,15,8,9,10,10,17,16,9,10,17,16,23,24,23,22,29,30,37,36,37,30,31,38,
101,0,7,14,7,8,9,16,15,16,9,2,1,2,9,16,16,15,14,15,16,15,8,7,0,1,8,9,8,1,0,
102,0,1,0,1,2,3,4,11,10,11,18,19,12,11,10,17,18,11,18,11,10,10,10,11,18,11,10,3,2,1,
103,0,1,2,3,2,9,16,17,16,9,2,3,2,9,16,16,17,16,16,16,15,14,15,14,21,28,35,42,43,44,
104,0,1,0,7,8,9,8,7,14,21,22,29,28,35,42,35,42,43,36,37,44,43,36,37,38,37,44,45,38,37,
105,0,7,8,15,14,21,22,21,14,15,14,21,14,7,14,15,16,15,14,7,0,1,8,9,16,9,8,9,16,23,
106,0,1,0,1,0,7,14,21,14,15,16,16,23,24,23,22,21,22,23,16,17,16,15,16,9,16,17,16,15,16,
107,0,1,0,7,8,9,16,17,10,10,9,10,10,17,24,31,30,31,24,23,16,9,8,15,14,7,14,7,0,7,
108,0,1,2,1,0,1,2,3,4,11,10,3,2,9,8,1,2,3,2,3,2,9,8,9,10,3,10,9,16,17,
109,0,7,0,7,8,1,2,9,16,9,2,9,16,16,15,14,21,28,35,36,29,22,29,28,29,30,37,30,23,22,
110,0,1,8,9,10,17,24,31,30,29,28,21,28,35,42,35,42,35,42,42,35,28,29,30,37,38,45,44,37,44,
111,0,7,0,7,14,7,8,7,14,7,8,9,16,16,17,10,9,16,15,16,17,16,16,16,16,15,16,16,15,8,
112,0,7,14,15,16,23,16,16,23,16,23,30,23,16,15,16,9,10,17,16,16,16,15,16,17,18,11,10,11,4,
113,0,1,8,7,14,15,22,23,16,16,16,16,15,8,15,16,9,2,1,2,3,2,1,8,7,8,15,16,9,16,
114,0,1,0,1,2,3,2,3,4,11,10,10,10,3,10,9,2,3,2,1,8,9,8,7,0,1,8,7,0,1,
115,0,1,2,9,16,23,24,31,24,31,24,23,24,17,24,23,16,17,18,11,4,3,10,11,4,11,10,17,16,16,
116,0,7,8,7,14,21,14,15,16,16,17,16,16,15,14,21,14,21,22,23,16,16,16,9,8,9,16,16,16,9,
117,0,7,14,21,28,35,42,35,36,37,38,39,46,45,38,31,30,23,16,9,16,15,14,21,14,7,8,9,10,17,
118,0,1,8,9,16,16,16,16,23,22,29,28,29,30,23,22,15,16,9,16,16,15,16,17,18,11,11,18,17,24,
119,0,7,8,15,16,17,16,9,2,9,16,16,17,16,17,24,23,22,23,22,23,16,23,30,31,30,37,44,43,36,
120,0,1,8,9,16,9,10,17,10,11,11,12,11,18,25,18,11,4,5,4,11,12,5,12,13,6,13,12,11,18,
121,0,1,0,7,0,7,0,1,0,7,8,9,10,3,4,3,4,11,12,5,6,5,12,13,12,11,12,19,26,33,
122,0,7,8,1,2,9,10,11,11,11,10,11,11,18,17,16,16,15,22,21,14,15,16,23,16,17,16,9,16,23,
123,0,7,14,15,8,9,2,3,10,11,12,11,4,11,10,9,8,9,2,9,16,16,9,2,9,10,9,16,15,16,
124,0,7,0,1,0,1,8,15,16,15,16,17,16,17,16,23,16,15,16,23,24,23,30,37,44,37,44,37,44,43,
125,0,1,2,3,4,11,18,19,12,13,12,13,12,19,12,5,6,5,12,5,6,5,12,13,20,13,20,13,20,13,
126,0,7,0,1,8,9,16,23,16,23,16,17,16,16,17,24,25,18,17,16,9,16,9,16,15,22,23,16,16,16,
127,0,1,2,9,16,17,16,15,16,15,16,15,22,15,8,7,0,1,8,9,10,11,11,4,11,10,11,10,11,10,
128,0,7,14,7,14,15,16,17,18,11,10,17,16,17,16,9,16,15,16,16,9,16,16,17,16,15,16,9,8,7,
129,0,1,0,1,0,1,0,1,8,7,0,1,0,7,0,1,2,3,2,9,8,9,16,9,16,16,16,15,14,7,
130,0,7,14,7,14,15,16,15,16,16,23,16,16,9,10,10,17,18,25,26,33,32,31,38,45,44,37,36,43,42,
131,0,7,14,21,22,23,16,17,16,17,16,23,16,23,16,16,23,24,23,24,23,24,31,30,29,30,37,30,37,44,
132,0,7,8,7,8,9,8,9,2,3,2,1,8,7,14,15,16,16,9,16,23,16,16,17,16,17,10,17,18,17,
133,0,7,8,9,16,16,17,16,15,22,23,22,23,30,23,16,16,16,9,10,11,18,11,10,10,11,18,11,10,10,
134,0,7,8,9,16,9,2,1,0,1,2,9,10,9,16,15,16,16,17,10,11,10,10,17,10,3,10,9,2,3,
135,0,7,8,9,16,15,16,15,16,17,10,10,9,16,16,23,30,23,30,37,44,37,30,37,36,43,36,43,36,29,
136,0,7,14,21,22,29,30,37,36,37,44,45,38,39,40,41,48,
137,0,1,8,15,22,29,28,21,14,15,16,23,22,15,16,16,16,16,23,22,21,14,7,0,7,8,9,2,3,2,
138,0,1,2,3,4,11,12,5,6,13,6,5,6,5,6,5,6,5,6,13,12,5,12,5,4,5,12,13,12,19,
139,0,1,2,3,4,11,10,17,24,17,16,9,10,3,4,3,4,5,4,5,6,13,12,5,4,5,6,13,6,5,
140,0,1,2,9,16,16,15,16,17,16,23,22,23,16,17,16,17,16,17,16,17,18,11,12,11,18,17,18,19,20,
141,0,7,0,7,8,9,16,16,15,8,7,8,9,8,1,0,7,0,1,0,7,0,7,14,15,14,7,14,15,14,
142,0,1,2,9,16,17,24,23,16,16,23,16,17,16,23,22,29,30,30,29,30,37,30,37,36,37,44,45,44,43,
143,0,7,14,21,22,15,16,16,16,9,2,1,0,7,14,15,14,21,14,21,28,29,28,35,36,37,44,43,42,43,
144,0,1,2,1,8,9,16,15,16,17,24,23,24,23,30,30,30,37,36,43,36,43,44,37,44,37,36,35,42,42,
145,0,1,8,15,16,15,16,16,23,30,31,30,31,38,39,38,31,30,23,16,16,17,16,15,22,23,16,17,18,25,
146,0,1,8,15,22,15,8,15,16,15,14,7,14,7,14,15,16,9,16,23,16,15,16,17,10,3,2,1,0,7,
147,0,7,0,7,14,21,28,35,36,29,30,30,30,30,31,38,39,46,47,40,47,48,
148,0,7,0,1,0,1,2,9,16,9,16,17,18,11,10,9,16,16,23,16,17,16,17,10,11,10,10,3,2,9,
149,0,1,0,7,0,7,14,7,0,7,14,15,16,9,2,3,10,9,10,10,9,8,9,16,23,24,17,18,11,10,
150,0,7,0,7,8,9,10,9,10,3,10,17,18,11,18,11,10,9,16,16,9,10,11,10,11,18,11,18,11,12,
151,0,7,8,9,8,1,0,7,14,15,14,15,16,15,16,15,8,1,2,3,2,3,4,11,10,10,9,16,15,16,
152,0,1,0,1,0,7,14,7,0,1,0,7,8,9,2,1,2,9,2,9,8,9,16,16,15,14,15,16,23,22,
153,0,7,14,7,8,1,0,7,14,7,0,7,14,7,0,1,8,15,16,15,14,15,14,21,28,29,28,29,30,29,
154,0,1,2,3,2,1,0,7,8,9,16,9,16,17,10,3,10,9,10,11,10,17,18,11,4,5,12,11,12,11,
155,0,7,8,9,16,16,16,16,15,22,23,22,21,22,21,28,29,30,31,32,39,46,45,44,37,38,45,44,45,38,
156,0,1,8,7,14,21,28,35,42,35,28,21,14,15,14,7,0,1,2,9,16,15,22,23,30,30,31,30,37,36,
157,0,7,14,15,14,21,22,15,8,1,0,7,14,15,16,15,16,17,24,23,22,29,22,29,30,30,23,16,16,17,
158,0,1,2,1,8,9,16,17,16,17,18,11,4,5,12,5,6,13,20,27,20,19,18,17,16,17,16,16,16,16,
159,0,1,8,15,14,7,8,9,10,10,3,10,17,16,23,30,30,37,30,37,44,37,30,37,30,30,31,32,39,32,
160,0,1,8,9,16,16,17,10,3,4,3,2,1,0,7,0,7,0,1,2,9,16,9,8,7,14,21,14,7,14,
161,0,1,0,7,0,1,0,7,8,15,22,23,22,23,16,15,16,9,16,23,24,23,30,29,28,29,36,29,22,23,
162,0,7,0,1,0,7,8,7,14,21,22,23,16,16,17,10,10,10,17,24,17,16,16,9,16,16,9,16,16,17,
163,0,1,0,7,8,9,16,15,22,23,16,16,16,15,8,7,14,7,8,15,16,9,16,23,16,15,22,23,16,16,
164,0,7,14,15,22,29,36,37,30,31,24,23,16,15,16,15,16,17,24,17,24,23,16,9,2,3,2,3,4,5,
165,0,1,2,1,8,9,10,3,4,5,4,3,10,17,16,15,14,7,14,15,16,23,24,23,16,16,17,16,16,9,
166,0,7,0,7,14,21,28,35,28,35,42,43,36,29,28,29,28,35,42,35,42,35,42,43,44,37,38,45,44,43,
167,0,1,8,9,2,1,2,3,2,1,8,7,8,7,8,9,16,16,23,24,17,16,16,23,16,15,16,17,16,17,
168,0,7,8,1,0,7,14,21,28,29,30,30,29,30,31,24,17,18,25,24,23,30,30,30,23,30,31,38,31,32,
169,0,7,0,1,8,15,16,23,30,29,36,37,30,29,36,29,22,15,22,29,30,30,37,30,37,30,29,30,23,16,
170,0,7,8,9,8,9,16,23,16,15,14,21,14,7,0,1,0,7,14,15,16,16,16,9,16,16,23,30,30,30,
171,0,1,0,7,0,1,0,7,8,9,10,9,10,10,17,18,19,12,11,10,3,2,9,16,9,16,16,23,16,9,
172,0,7,14,7,8,9,16,16,23,16,9,16,23,22,15,16,16,23,30,37,30,31,32,39,46,45,38,45,46,47,
173,0,1,2,9,2,1,2,1,0,1,8,15,16,17,16,23,16,17,16,16,9,2,3,4,11,10,10,10,10,10,
174,0,7,14,15,14,15,16,9,16,23,16,15,16,23,16,16,23,24,23,16,16,15,22,15,14,15,16,9,8,1,
175,0,1,0,1,8,1,2,9,2,1,8,9,16,17,24,23,16,23,30,23,22,21,28,29,30,37,44,37,38,39,
176,0,7,0,1,0,7,0,1,2,9,16,16,9,10,11,4,5,6,5,12,19,12,19,20,19,12,13,12,11,18,
177,0,7,8,15,16,16,16,9,16,9,10,3,4,3,10,10,17,18,19,12,11,12,19,12,11,18,17,10,10,3,
178,0,1,8,7,14,7,0,7,8,7,14,7,0,7,0,7,14,21,28,29,30,23,30,30,29,28,29,30,37,30,
179,0,7,8,9,16,9,16,16,16,16,16,23,30,30,31,38,45,38,45,44,43,44,43,44,45,38,31,30,37,44,
180,0,7,14,21,14,15,16,16,17,10,17,24,23,24,31,32,31,24,31,30,30,23,16,16,15,16,15,14,7,14,
181,0,1,2,1,8,9,16,17,10,17,16,23,30,23,16,16,23,30,30,37,30,37,30,31,30,23,24,23,24,23,
182,0,1,2,1,0,7,0,1,0,1,2,1,2,1,8,9,8,15,8,9,2,9,2,3,10,10,10,17,24,25,
183,0,1,8,9,8,9,16,23,16,23,24,23,16,15,14,21,28,35,28,21,22,23,24,25,18,11,10,10,17,10,
184,0,1,8,7,0,7,8,9,2,9,8,9,8,15,8,9,16,16,9,2,1,0,1,0,7,14,21,22,21,28,
185,0,1,0,1,2,3,10,9,2,9,2,1,2,1,8,1,2,3,4,3,10,3,10,10,10,10,3,10,17,18,
186,0,1,0,7,0,1,2,3,2,3,4,5,4,11,10,9,10,11,10,9,2,3,2,1,0,1,2,3,4,5,
187,0,1,8,9,16,16,15,16,17,16,23,16,23,16,17,16,23,16,9,2,9,16,16,9,16,15,14,7,0,1,
188,0,1,8,1,0,1,2,3,2,1,2,9,16,16,15,16,16,17,16,16,9,2,3,4,3,4,11,10,9,16,
189,0,7,0,1,0,7,8,15,16,15,22,21,14,7,14,7,14,15,16,23,22,23,24,23,24,25,32,39,46,45,
190,0,1,0,1,8,7,8,9,8,9,8,9,10,3,10,10,10,9,8,9,16,16,9,10,9,16,16,16,17,16,
191,0,7,14,7,8,7,8,1,8,9,8,9,16,16,16,16,17,10,3,4,11,10,9,8,9,16,23,16,9,2,
192,0,7,8,9,16,15,16,16,17,16,16,9,10,3,2,9,16,23,16,17,16,16,17,24,23,16,23,22,23,30,
193,0,7,8,15,16,15,22,23,24,25,24,31,30,29,28,21,14,21,14,15,16,15,16,16,16,9,10,3,4,11,
194,0,7,8,15,16,23,16,23,30,31,30,23,16,17,18,11,18,19,18,11,10,17,16,16,16,9,2,9,16,23,
195,0,7,0,7,14,7,14,7,8,7,8,7,8,7,14,15,14,7,8,15,16,16,9,16,17,10,10,11,10,9,
196,0,1,2,9,2,9,16,17,24,23,16,17,18,11,4,3,10,11,4,3,2,1,8,1,0,7,0,7,8,9,
197,0,1,8,7,8,9,10,10,10,10,11,10,10,17,16,16,9,16,23,16,9,10,10,10,3,10,9,16,9,16,
198,0,1,2,1,8,9,16,23,24,23,16,17,16,9,8,9,16,9,2,9,16,23,30,30,29,22,23,30,30,37,
199,0,1,8,9,2,3,10,10,9,2,3,10,11,10,9,8,1,8,1,0,1,0,7,0,1,0,7,0,1,0,
200,0,7,0,1,2,3,10,3,10,9,16,16,9,8,7,14,21,14,15,16,17,16,23,24,23,16,9,16,16,16,
201,0,1,8,9,16,15,22,23,16,9,16,15,8,9,16,17,18,17,16,17,24,25,24,23,22,23,22,29,30,30,
202,0,7,14,21,14,7,14,21,22,23,24,25,26,27,26,33,40,47,48,
203,0,7,14,15,8,15,16,23,16,23,22,21,14,15,16,15,8,9,2,1,0,1,8,9,2,1,2,9,16,23,
204,0,7,14,7,14,21,22,23,16,9,8,1,2,9,10,10,3,2,3,4,5,4,11,10,3,4,3,4,3,4,
205,0,7,8,7,14,15,14,15,22,15,16,16,16,9,2,3,2,9,8,7,0,1,2,3,2,9,16,17,16,15,
206,0,1,2,9,8,15,8,9,8,9,2,1,2,1,0,1,8,7,8,9,2,3,2,9,16,23,24,31,32,39,
207,0,1,0,1,2,1,0,7,0,7,14,7,8,7,8,7,0,1,8,1,8,15,16,9,8,1,2,9,10,17,
208,0,1,2,1,8,15,16,9,10,10,10,11,10,10,10,10,10,10,3,2,9,2,9,8,9,16,23,16,9,10,
209,0,7,14,7,0,7,0,1,0,7,14,7,8,1,0,1,0,7,8,9,8,9,16,23,16,17,16,23,24,17,
210,0,1,0,7,0,7,0,7,8,7,14,21,14,15,8,1,2,1,8,9,10,10,3,2,1,0,7,8,15,16,
211,0,7,0,7,0,7,8,1,0,1,8,7,14,15,22,23,16,16,16,23,24,23,16,16,16,17,16,16,9,2,
212,0,1,2,9,2,3,4,11,10,9,8,9,2,1,2,3,4,3,10,10,3,2,9,16,15,22,23,24,23,22,
213,0,7,14,15,22,29,22,29,30,29,30,30,30,37,36,29,36,35,42,35,42,35,36,29,36,37,30,30,31,24,
214,0,7,0,7,0,7,14,7,8,7,14,21,22,23,24,23,22,21,22,29,30,23,16,16,17,16,17,16,9,16,
215,0,7,0,1,8,9,8,9,10,10,10,9,10,11,12,5,4,5,6,13,6,5,4,11,18,25,24,31,30,29,
216,0,7,14,7,8,7,14,15,14,7,14,21,14,7,14,7,8,1,2,1,2,3,4,11,18,11,10,11,12,19,
217,0,7,8,1,8,9,8,9,10,10,3,10,11,4,3,4,3,10,10,17,10,10,10,17,16,23,24,17,24,17,
218,0,7,0,7,8,9,16,17,18,17,16,9,16,16,15,14,15,16,23,16,16,9,8,9,16,9,16,23,16,17,
219,0,7,8,7,14,7,8,9,2,3,4,5,6,5,12,19,12,11,10,3,10,11,4,5,6,13,6,13,6,5,
220,0,1,0,1,2,3,10,10,10,3,10,10,17,18,25,32,39,46,45,38,45,38,45,46,45,38,37,44,45,38,
221,0,7,0,7,8,9,8,9,16,17,16,17,18,11,10,10,11,10,3,4,11,10,3,4,11,10,9,16,16,16,
222,0,1,0,1,2,9,16,17,16,16,16,16,17,24,23,16,16,15,16,9,8,1,8,1,2,1,8,7,14,15,
223,0,7,14,21,28,29,28,21,22,23,16,16,9,8,15,16,9,16,16,17,24,23,16,23,16,9,10,17,18,25,
224,0,7,14,15,8,9,8,15,16,9,2,9,16,17,18,25,32,33,40,41,40,41,34,27,20,27,26,27,26,33,
225,0,7,0,7,14,21,14,21,22,23,16,9,16,15,16,16,15,16,17,10,9,2,9,16,9,16,16,15,14,7,
226,0,7,14,21,14,15,8,1,2,3,4,3,2,1,8,9,16,15,16,23,16,17,16,17,24,23,22,23,16,16,
227,0,7,8,7,14,7,0,1,8,15,16,17,16,9,2,9,16,15,16,23,16,16,17,24,31,30,30,29,30,30,
228,0,1,2,3,2,9,2,3,4,5,4,3,2,9,16,23,30,37,36,35,42,43,44,43,36,29,30,37,36,35,
229,0,1,2,9,16,15,8,9,16,17,16,16,17,16,15,8,9,16,15,16,16,17,16,15,8,1,0,7,8,9,
230,0,7,0,7,14,15,22,23,24,23,22,23,16,9,2,3,2,9,10,11,18,11,10,10,11,10,9,16,23,24,
231,0,7,14,21,22,23,16,15,16,15,8,9,8,9,8,9,8,9,16,23,24,23,24,17,16,15,8,9,16,23,
232,0,1,0,7,14,7,0,7,8,9,16,16,16,9,16,16,16,16,16,16,17,16,16,9,8,7,14,15,16,9,
233,0,7,0,1,2,9,2,9,16,9,16,16,17,10,10,9,16,16,15,16,16,9,16,23,22,23,30,37,30,29,
234,0,7,0,7,8,9,2,3,10,10,9,16,15,22,29,28,35,28,35,28,29,30,23,16,16,9,16,9,8,7,
235,0,1,2,1,2,9,16,17,16,16,17,18,11,10,3,10,3,4,11,10,11,10,3,10,9,16,23,30,30,30,
236,0,7,14,7,0,7,0,1,2,1,2,3,10,17,10,3,4,3,2,3,2,1,8,7,0,7,0,1,8,15,
237,0,7,0,1,0,7,14,21,28,29,36,35,28,29,36,37,30,37,36,37,30,30,37,30,23,16,17,16,17,16,
238,0,7,0,7,14,21,14,15,8,9,16,17,18,25,18,17,16,15,16,17,18,25,24,23,16,17,16,16,15,16,
239,0,7,14,21,22,21,28,35,36,43,42,35,42,43,44,43,44,43,42,43,36,37,30,23,30,30,37,44,37,30,
240,0,7,14,21,14,7,0,1,0,1,8,7,8,15,14,21,22,23,30,30,29,30,30,30,37,38,31,38,39,46,
241,0,1,2,1,0,7,0,7,8,9,10,3,2,9,16,16,17,16,15,16,23,16,23,16,16,23,16,9,16,9,
242,0,7,8,9,16,9,2,1,0,7,14,15,14,21,14,7,14,15,16,23,24,23,30,30,23,16,23,30,29,22,
243,0,7,0,7,14,15,16,9,8,15,14,7,0,1,2,3,10,11,18,19,12,19,12,11,4,5,12,11,18,11,
244,0,1,0,1,8,1,2,3,4,11,10,11,12,11,10,11,12,11,18,11,4,11,12,11,4,3,10,10,9,8,
245,0,1,0,1,0,7,8,9,8,9,10,3,2,9,10,17,24,17,24,25,32,25,32,39,46,47,48,
246,0,1,0,7,14,15,16,23,16,16,17,16,23,30,30,37,36,37,30,30,31,30,30,37,38,45,46,47,46,45,
247,0,7,14,21,14,15,16,17,10,9,16,17,24,23,22,23,22,15,22,23,22,29,36,35,42,35,28,29,30,37,
248,0,7,8,1,8,15,22,29,30,30,23,16,15,8,9,16,17,16,9,16,17,16,15,8,7,8,1,2,9,2,
249,0,1,0,7,14,15,8,9,2,3,2,3,2,9,8,1,2,3,4,3,10,9,16,16,9,16,9,16,16,23,
250,0,7,0,7,14,21,28,35,28,35,36,37,38,37,30,29,22,23,16,15,22,23,30,23,22,23,22,23,16,17,
251,0,7,8,9,8,7,0,1,0,1,8,9,16,16,16,17,16,16,17,18,19,12,11,10,11,10,3,10,10,9,
252,0,1,2,1,0,7,0,1,8,9,2,9,16,9,16,15,22,15,16,9,16,9,16,15,16,9,16,15,22,23,
253,0,7,0,7,0,1,0,7,0,7,0,7,0,1,0,1,0,7,0,7,0,1,8,1,2,1,0,1,2,9,
254,0,1,0,1,8,1,2,1,2,9,2,1,2,1,0,7,14,21,22,23,16,16,16,17,16,15,16,23,24,17,
255,0,7,8,7,14,21,22,23,16,17,16,16,16,9,16,17,24,23,16,16,9,8,9,16,17,10,9,2,1,8,
256,0,7,0,7,0,7,0,7,14,21,22,21,22,21,22,29,22,23,16,9,16,17,10,3,4,11,18,11,10,3,
257,0,1,2,1,2,3,2,1,0,7,0,7,8,7,0,1,0,7,14,7,14,7,0,1,2,3,10,3,2,1,
258,0,1,8,7,8,9,8,15,22,29,30,37,44,43,42,43,44,43,42,35,28,29,30,30,31,30,30,29,30,29,
259,0,7,14,21,14,7,14,7,14,7,14,7,0,7,0,1,2,1,2,3,10,9,16,17,18,11,12,19,26,33,
260,0,1,2,3,4,5,6,13,12,11,4,3,4,5,4,3,4,3,2,1,0,1,2,1,0,7,8,9,10,17,
261,0,7,14,15,8,1,2,9,10,10,17,10,11,10,11,12,5,12,13,20,13,12,11,10,17,16,23,16,15,22,
262,0,7,8,9,2,1,0,7,14,21,22,23,22,21,14,15,8,15,8,15,22,23,30,30,30,31,30,29,36,37,
263,0,7,14,15,16,15,16,9,16,9,16,17,16,9,8,15,8,9,16,16,15,16,16,17,18,11,18,11,4,3,
264,0,7,8,15,16,17,16,23,16,17,24,23,30,37,30,29,36,43,42,43,44,43,36,29,30,30,30,31,30,37,
265,0,7,14,15,16,17,16,9,16,9,16,17,16,16,16,16,16,9,16,17,10,10,10,10,3,4,3,10,10,17,
266,0,7,0,1,8,15,8,9,10,3,2,9,10,9,10,9,10,9,8,9,10,10,10,10,3,4,5,4,11,10,
267,0,7,14,7,0,1,2,9,16,23,22,23,16,15,16,17,16,9,16,17,24,23,30,37,38,45,38,37,44,45,
268,0,7,0,1,8,9,8,15,16,23,24,17,10,10,11,4,5,12,19,26,33,40,41,40,47,48,
269,0,7,8,9,2,1,0,7,0,7,8,9,2,1,0,1,2,3,10,10,11,10,10,10,17,16,9,8,7,8,
270,0,1,8,9,16,16,17,16,9,16,17,16,16,16,16,15,14,7,8,9,2,1,2,1,8,1,8,7,14,21,
271,0,7,8,15,22,23,16,9,16,15,22,23,24,23,16,15,16,9,2,9,8,9,10,10,17,18,17,18,17,10,
272,0,7,8,9,16,16,9,10,3,2,3,4,3,4,11,10,11,4,11,10,9,2,3,10,10,9,16,16,15,16,
273,0,7,0,1,8,1,0,1,2,3,10,9,16,17,16,15,16,9,16,16,23,16,17,10,17,16,16,17,16,16,
274,0,1,8,7,0,1,8,1,0,7,14,21,28,29,28,35,36,37,30,30,37,38,45,44,45,46,47,40,47,46,
275,0,1,0,1,2,3,10,3,2,9,2,9,16,9,2,1,0,7,0,1,0,7,14,7,14,15,14,21,22,29,
276,0,7,14,15,16,17,16,17,10,9,16,17,16,23,30,37,30,37,30,30,30,30,31,32,33,40,33,40,39,46,
277,0,1,2,9,8,9,16,15,16,23,22,21,22,29,28,29,36,37,36,37,38,45,44,45,44,37,38,31,30,23,
278,0,1,0,7,0,7,14,15,16,23,22,21,28,29,22,23,16,15,8,9,10,11,4,11,10,3,4,11,12,11,
279,0,7,0,1,0,7,0,7,14,15,16,23,24,23,30,23,22,23,24,31,24,23,30,30,30,31,38,39,46,45,
280,0,7,0,1,2,9,16,16,23,30,30,31,24,23,16,16,23,30,29,36,29,36,29,30,23,30,37,44,37,30,
281,0,7,14,7,8,7,8,9,16,23,30,29,36,43,44,37,30,29,22,15,22,23,16,9,10,3,10,9,16,16,
282,0,1,0,1,8,9,8,15,8,9,8,1,2,1,8,15,14,21,22,29,30,29,30,30,29,36,37,30,29,30,
283,0,7,0,1,2,3,2,9,16,23,30,23,30,37,30,31,30,23,22,21,28,35,36,43,42,35,28,21,28,35,
284,0,1,2,1,0,1,0,7,14,15,16,16,9,8,15,8,7,8,7,0,7,14,21,22,23,24,23,16,16,15,
285,0,7,0,1,8,15,16,23,30,37,30,30,30,29,30,37,30,23,30,30,29,22,15,16,15,8,1,0,1,0,
286,0,7,14,7,0,1,8,9,16,23,30,31,30,30,30,30,37,44,43,36,43,36,37,30,31,30,29,36,37,36,
287,0,7,14,15,14,7,14,15,22,21,14,15,16,17,10,10,11,10,9,16,16,9,16,9,16,9,16,16,17,24,
288,0,7,8,9,16,9,8,1,0,1,2,3,2,9,10,3,4,3,2,9,2,3,4,5,4,11,10,3,4,5,
289,0,1,8,7,8,7,0,7,14,21,28,29,36,37,36,37,38,45,44,37,30,31,30,30,30,37,30,30,23,30,
290,0,1,2,3,4,3,4,11,4,5,6,13,12,11,10,10,3,4,3,4,11,10,3,2,9,16,15,22,29,22,
291,0,7,8,9,16,17,16,16,16,9,10,11,18,25,32,25,18,11,10,17,16,23,30,31,24,23,30,31,30,30,
292,0,7,0,7,8,9,16,23,24,23,24,31,32,33,40,47,46,45,46,39,40,33,34,33,32,39,46,47,46,39,
293,0,7,8,9,16,9,10,9,16,16,17,18,25,32,31,38,45,44,43,36,35,28,29,22,23,30,30,29,36,35,
294,0,7,14,15,22,21,22,23,30,29,30,31,38,31,32,39,32,39,46,39,46,47,48,
295,0,7,8,9,16,9,10,10,10,11,18,11,10,11,12,11,4,11,10,11,10,10,10,3,2,1,8,7,8,9,
296,0,1,8,7,8,7,0,1,0,7,8,9,2,1,8,9,2,1,8,9,16,9,16,16,16,23,22,23,22,23,
297,0,7,8,9,16,17,18,11,12,11,18,19,20,13,6,5,6,5,6,13,20,27,34,41,40,47,40,47,48,
298,0,1,0,1,0,7,0,1,0,1,0,7,8,9,16,16,9,10,10,11,10,10,17,16,9,10,3,10,9,16,
299,0,7,8,7,8,7,8,9,16,15,14,15,22,15,16,17,16,15,16,17,24,23,30,31,38,45,44,37,44,37,
300,0,7,8,15,14,7,8,15,16,16,16,15,16,15,16,9,16,9,10,3,2,3,2,9,2,9,16,9,10,10,
301,0,1,0,7,14,15,16,9,8,9,10,10,11,18,19,12,5,6,5,4,5,12,19,26,33,34,27,20,19,12,
302,0,7,0,1,2,1,0,7,14,21,28,29,30,30,30,37,44,37,44,43,36,35,36,37,38,39,46,45,38,39,
303,0,7,14,15,16,9,16,17,18,19,20,13,6,13,12,11,10,11,10,17,10,9,2,1,0,1,2,9,2,1,
304,0,1,8,9,10,3,4,5,4,11,12,11,12,11,10,10,10,3,10,10,9,8,15,16,9,16,23,22,15,16,
305,0,1,8,9,16,9,16,9,2,3,10,9,16,9,10,9,8,9,16,9,16,16,16,16,23,16,23,16,23,24,
306,0,7,0,7,8,15,14,15,16,9,8,7,14,7,8,9,8,9,16,16,15,16,23,22,15,8,1,8,9,16,
307,0,7,8,1,2,1,8,1,0,7,14,21,14,7,0,7,8,9,2,1,8,7,14,7,0,7,0,1,8,15,
308,0,7,14,21,28,35,36,37,36,43,36,29,22,15,8,9,16,17,18,11,10,10,11,12,5,6,5,12,5,4,
309,0,1,0,1,2,9,8,9,2,9,16,17,10,10,9,16,15,16,23,30,29,30,37,30,37,30,29,28,29,30,
310,0,1,0,1,2,1,0,7,8,15,16,16,16,16,15,8,9,16,15,16,9,16,15,8,1,0,7,14,7,0,
311,0,7,0,7,0,1,8,9,8,15,8,9,16,16,9,16,16,16,9,10,10,11,10,17,24,23,30,37,30,37,
312,0,1,8,7,8,7,0,7,14,21,14,7,0,1,8,9,8,7,0,1,8,1,8,9,16,9,8,9,16,9,
313,0,7,0,7,0,7,0,1,8,7,8,7,14,7,14,15,14,21,28,35,28,35,28,29,30,30,23,24,25,32,
314,0,7,8,9,16,9,10,3,2,3,2,1,8,15,16,16,23,30,31,32,25,26,33,34,27,26,27,26,25,32,
315,0,1,0,7,14,7,14,15,16,16,9,16,15,14,7,8,1,0,1,0,1,0,1,8,9,8,9,16,15,8,
316,0,7,8,9,2,1,8,1,8,7,8,9,10,10,17,24,23,30,30,29,36,37,44,37,30,30,30,30,37,44,
317,0,7,8,9,10,3,4,5,4,11,18,11,10,10,10,3,4,3,2,3,10,11,10,11,4,5,6,5,4,5,
318,0,1,0,7,14,15,8,1,2,9,10,17,16,16,16,9,8,9,8,1,0,1,2,1,0,1,8,9,10,3,
319,0,7,8,9,10,17,16,9,16,23,16,17,10,17,16,9,2,1,2,9,10,17,24,23,24,23,24,23,22,23,
320,0,7,0,1,0,1,2,9,2,9,2,9,16,23,30,29,36,29,30,23,16,23,30,30,29,36,37,38,45,44,
321,0,1,8,9,2,9,2,1,2,3,4,5,12,5,4,3,4,5,6,5,12,11,12,19,18,17,16,23,16,9,
322,0,1,8,9,16,17,16,15,16,9,8,9,16,15,16,23,30,37,44,43,42,43,44,43,36,37,44,43,44,43,
323,0,7,8,9,16,9,2,9,2,9,16,9,16,17,10,10,9,10,10,10,9,8,9,10,10,10,17,10,3,4,
324,0,1,0,7,0,7,14,21,22,21,14,7,14,7,8,9,16,16,9,8,7,0,1,0,1,0,1,2,9,16,
325,0,7,14,15,16,16,17,18,19,20,19,20,27,34,27,20,13,20,27,26,27,26,33,40,33,40,41,40,47,46,
326,0,7,8,1,8,9,10,10,10,3,10,3,4,3,4,5,4,5,4,5,4,5,6,13,12,13,20,27,20,13,
327,0,1,2,1,8,9,16,16,23,16,9,16,9,8,1,0,1,2,3,4,11,10,17,16,16,23,22,21,14,7,
328,0,7,0,7,0,1,0,1,2,3,10,10,17,10,11,10,3,10,10,10,17,16,9,2,1,8,9,16,16,16,
329,0,7,8,15,16,9,8,7,8,1,0,1,0,7,0,1,0,1,8,7,0,1,8,9,16,16,16,15,22,29,
330,0,1,2,3,4,11,10,17,10,17,10,17,18,11,12,19,12,11,10,11,10,10,10,11,18,25,18,11,10,11,
331,0,7,14,21,22,23,22,15,14,15,16,9,10,17,24,23,30,23,22,15,14,21,22,21,22,21,14,15,22,15,
332,0,7,8,15,16,16,17,10,10,3,10,9,8,7,0,1,2,9,16,16,17,24,31,32,39,38,31,24,17,16,
333,0,7,14,21,28,29,30,29,30,37,38,45,38,45,46,47,46,39,46,45,44,37,36,35,36,37,30,37,30,30,
334,0,1,8,9,16,16,17,16,16,16,17,16,23,22,23,24,25,32,39,46,39,40,39,40,39,40,47,40,47,46,
335,0,1,8,9,8,15,16,9,10,11,10,17,16,16,17,16,16,16,15,8,7,14,21,28,21,22,21,14,15,16,
336,0,7,8,9,16,16,16,15,16,15,16,17,18,11,4,5,12,13,6,5,12,5,12,19,12,13,20,13,6,5,
337,0,1,8,15,14,15,22,23,24,31,30,31,30,29,30,31,24,25,32,39,46,45,38,45,46,45,46,45,38,45,
338,0,7,0,1,0,1,8,9,2,3,2,1,2,9,16,16,15,14,7,8,9,8,9,2,9,16,23,30,23,16,
339,0,7,0,7,14,21,14,21,22,23,22,23,30,37,36,37,44,37,30,37,30,29,30,30,30,31,30,37,30,29,
340,0,1,0,1,0,1,0,1,8,9,8,15,14,21,22,21,22,15,22,21,14,7,14,15,16,17,24,25,18,11,
341,0,7,14,15,16,15,16,23,24,23,24,25,32,31,32,31,24,23,30,31,38,45,44,37,30,29,22,23,30,31,
342,0,1,8,9,16,16,16,16,16,17,24,23,16,15,16,9,16,9,10,9,16,23,30,23,16,9,16,16,17,16,
343,0,1,8,15,14,7,0,7,14,15,16,15,14,21,22,29,36,37,38,39,40,41,40,33,26,25,26,33,26,27,
344,0,7,14,7,0,1,0,1,0,1,8,15,22,29,28,21,28,35,36,37,30,23,30,29,36,37,30,31,30,30,
345,0,7,8,9,8,9,10,10,17,16,16,15,16,15,14,15,16,17,16,23,30,31,32,25,32,31,38,39,40,33,
346,0,1,8,7,8,9,16,9,16,16,9,2,1,0,7,14,15,8,9,16,16,9,8,9,16,23,30,29,28,29,
347,0,7,0,7,0,1,8,15,14,21,22,23,30,23,30,29,30,29,30,30,23,24,23,30,31,32,39,40,47,48,
348,0,1,8,15,8,9,16,23,24,23,16,15,16,15,22,23,16,16,17,10,17,24,17,10,11,12,11,10,10,9,
349,0,7,0,1,8,9,10,3,4,11,10,11,10,10,9,2,1,8,7,0,7,0,1,0,1,2,1,2,1,8,
350,0,1,8,15,16,9,16,9,8,7,8,15,8,9,16,9,10,9,16,16,9,2,3,4,3,2,3,2,9,10,
351,0,1,2,9,10,10,17,16,16,15,16,16,23,24,23,30,37,38,45,44,43,42,42,43,44,43,44,37,30,30,
352,0,7,0,7,14,15,16,16,15,16,23,30,23,30,30,37,36,35,28,21,28,35,36,43,36,37,30,31,24,17,
353,0,7,14,15,16,16,16,15,16,15,14,7,14,7,0,1,8,9,16,17,16,9,16,23,16,23,16,16,15,16,
354,0,7,8,9,10,17,24,23,16,15,8,1,0,1,2,3,10,17,16,16,16,23,30,23,24,23,16,15,16,16,
355,0,7,14,15,16,23,16,9,8,9,2,1,2,9,16,16,16,16,9,2,3,4,3,4,11,10,9,2,1,2,
356,0,1,2,3,4,11,10,17,18,11,10,10,3,2,1,8,7,14,21,22,29,28,29,22,29,30,30,23,30,31,
357,0,1,0,7,0,1,2,1,2,9,16,17,18,19,12,11,10,10,10,9,10,9,10,11,10,9,16,15,16,16,
358,0,7,14,7,8,15,16,15,14,21,22,23,22,21,28,35,36,43,36,35,42,43,42,43,36,43,44,45,44,37,
359,0,1,2,3,4,5,4,5,4,3,10,11,10,17,10,10,9,2,1,2,3,4,3,4,11,10,10,10,3,10,
360,0,1,0,7,14,21,22,29,30,31,30,31,38,39,46,47,48,
361,0,7,0,1,0,1,0,7,8,9,10,9,2,3,4,5,4,11,10,11,4,5,6,13,20,19,12,11,10,11,
362,0,1,0,7,8,9,16,23,24,23,30,29,36,43,36,37,30,37,38,45,38,45,46,45,38,45,46,45,38,45,
363,0,1,0,7,0,1,8,9,10,11,4,5,6,13,20,19,12,5,6,5,12,11,10,10,17,24,31,24,23,16,
364,0,1,8,15,16,15,8,7,8,9,16,15,16,16,9,16,23,30,30,37,30,30,31,32,31,24,23,30,37,36,
365,0,1,8,7,0,1,2,1,2,1,0,1,0,1,8,9,16,15,14,7,8,9,2,1,0,1,0,7,8,15,
366,0,7,14,15,16,17,16,16,16,16,17,16,23,30,31,30,31,30,23,24,31,30,30,31,24,31,30,31,38,45,
367,0,1,0,1,2,9,2,1,0,1,8,9,16,16,16,17,24,23,16,15,22,21,14,15,22,23,16,16,15,16,
368,0,1,8,9,16,16,15,8,9,2,1,8,15,16,16,17,10,9,10,10,10,9,16,16,15,8,9,8,7,8,
369,0,7,8,1,2,9,10,10,9,16,17,24,25,32,39,46,47,40,47,46,45,44,37,44,45,44,43,44,43,44,
370,0,1,0,7,14,21,28,21,22,23,30,37,30,30,31,24,31,32,39,46,47,46,47,40,47,46,45,38,45,44,
371,0,7,8,9,8,7,8,9,8,9,2,3,2,9,16,17,16,17,18,11,10,10,11,10,11,10,17,16,16,17,
372,0,7,0,1,0,1,8,9,8,1,0,7,14,15,14,7,0,7,14,21,22,21,14,7,0,1,8,1,0,1,
373,0,7,8,9,10,9,16,16,17,10,17,16,23,30,30,31,38,37,30,37,30,23,16,9,16,9,16,16,17,16,
374,0,1,8,9,16,9,16,23,30,37,30,23,30,30,37,30,31,38,39,46,39,46,47,48,
375,0,7,14,7,8,15,16,16,9,16,9,16,23,30,31,24,23,30,37,30,30,29,30,37,30,37,44,43,36,37,
376,0,1,2,1,2,3,2,3,2,9,16,23,16,15,16,9,10,3,4,3,2,1,2,1,2,9,16,16,16,15,
377,0,1,8,9,16,16,16,16,15,22,23,30,31,30,37,36,37,30,37,44,45,44,37,36,35,36,35,28,35,42,
378,0,7,8,7,8,15,16,16,9,16,17,10,10,9,16,16,16,9,16,17,24,25,32,33,26,27,26,33,40,33,
379,0,1,2,1,8,9,16,16,16,23,24,31,30,30,37,44,43,36,37,30,30,23,30,30,30,30,30,30,31,32,
380,0,1,2,3,4,3,4,3,2,9,2,9,10,10,10,10,11,10,9,2,1,0,1,8,9,8,9,8,9,8,
381,0,7,0,1,0,1,0,1,0,7,0,1,2,3,4,3,4,5,12,13,6,13,20,19,12,11,4,11,10,9,
382,0,7,8,7,14,15,16,17,18,25,32,39,40,47,40,47,46,39,46,39,46,45,44,37,30,31,24,25,24,23,
383,0,7,0,1,8,7,8,7,0,1,0,7,8,9,16,16,17,18,11,10,11,18,17,24,23,30,30,37,44,37,
384,0,7,8,9,16,17,16,23,30,30,23,24,23,16,23,16,15,14,21,14,7,14,15,16,15,16,16,16,16,16,
385,0,1,2,3,4,11,10,10,10,17,16,16,23,30,29,30,23,30,30,30,30,29,28,35,28,35,36,37,38,45,
386,0,7,0,1,2,9,16,9,8,9,16,23,22,29,36,43,44,45,38,45,46,45,44,37,30,23,16,23,30,31,
387,0,7,8,7,0,1,0,7,0,1,0,7,8,9,10,11,18,19,12,11,10,3,4,3,10,3,2,3,4,11,
388,0,1,2,3,2,1,0,1,0,7,14,21,14,21,22,23,22,29,30,23,24,23,24,31,30,23,30,31,30,23,
389,0,1,0,7,0,1,8,9,2,9,16,15,8,15,14,21,28,35,36,29,36,43,44,45,38,45,44,45,46,45,
390,0,1,2,9,16,16,17,18,11,10,10,10,3,2,1,2,9,16,15,8,9,10,10,9,8,7,0,1,8,7,
391,0,7,0,7,8,15,14,7,14,21,28,29,22,15,16,17,16,16,9,8,9,16,15,14,21,22,23,22,29,30,
392,0,7,0,1,0,1,0,7,14,15,16,16,23,30,23,24,17,18,19,12,11,4,11,10,10,9,10,11,12,11,
393,0,1,2,1,2,1,0,7,14,7,0,7,0,7,8,9,2,3,10,9,16,15,16,16,15,8,15,16,16,15,
394,0,1,2,1,8,15,16,16,23,30,31,38,31,38,31,30,23,22,23,30,31,24,31,32,33,34,33,32,39,46,
395,0,1,8,7,14,7,14,15,14,7,14,21,28,35,42,35,36,37,30,37,38,37,36,37,44,43,36,37,30,37,
396,0,1,0,1,2,9,2,9,8,9,2,1,0,7,0,7,14,21,22,29,28,21,22,23,30,37,30,30,30,30,
397,0,1,0,1,2,1,2,3,2,9,2,9,2,1,2,1,2,1,0,7,14,15,22,23,30,37,44,37,38,45,
398,0,7,8,9,16,17,16,23,22,29,30,30,23,30,30,30,31,24,23,30,30,37,30,37,30,29,36,37,38,31,
399,0,7,14,7,14,15,8,1,2,9,16,9,8,7,8,1,0,1,8,9,16,9,10,9,16,16,16,9,16,9,
400,0,1,0,7,0,7,8,15,16,17,24,23,24,23,30,23,22,21,14,21,14,21,14,15,16,16,9,16,15,16,
401,0,1,0,7,0,1,2,3,4,3,2,3,10,3,2,3,10,11,4,11,10,10,11,18,17,16,16,16,16,16,
402,0,7,14,7,14,7,8,7,0,7,14,21,14,15,16,9,16,23,30,30,31,30,30,37,36,37,36,43,44,45,
403,0,7,8,7,0,1,0,7,14,21,22,23,16,23,24,23,30,37,30,23,30,30,31,38,39,46,39,46,47,46,
404,0,1,2,3,4,11,12,11,10,17,16,9,8,9,2,3,10,17,24,23,22,21,14,21,28,35,42,43,42,43,
405,0,7,14,7,0,1,2,9,16,16,15,8,7,14,15,16,16,16,23,30,30,29,36,43,36,35,42,43,44,37,
406,0,1,0,1,2,9,8,15,22,15,16,9,16,16,9,16,23,30,37,38,39,46,45,44,37,30,37,44,45,44,
407,0,1,2,1,8,1,2,9,16,23,16,15,22,23,30,31,30,30,30,31,24,23,30,37,36,37,30,23,30,29,
408,0,7,8,7,0,7,14,21,28,35,36,43,44,43,36,35,36,37,30,31,32,39,46,47,48,
409,0,1,0,7,0,1,0,7,8,9,16,23,16,16,15,14,21,28,35,42,35,36,43,42,43,44,37,30,30,30,
410,0,7,14,15,16,16,17,24,23,30,37,30,31,38,39,38,45,38,31,30,23,30,23,16,16,9,16,17,10,10,
411,0,7,0,1,2,9,10,9,16,16,23,22,23,30,30,37,36,37,36,35,42,43,36,37,44,43,36,29,30,31,
412,0,7,14,21,14,15,8,7,8,9,10,9,10,10,10,3,2,9,8,9,16,9,16,17,24,31,30,37,36,35,
413,0,7,0,1,0,7,0,7,0,7,14,15,8,1,8,7,8,7,0,7,14,7,14,15,14,15,22,21,14,7,
414,0,7,0,7,14,15,16,9,16,16,17,18,11,12,19,12,11,4,3,2,3,4,11,12,11,12,19,20,19,20,
415,0,7,0,1,0,7,0,1,0,7,14,15,16,23,22,29,36,37,30,31,24,25,18,25,32,31,24,23,24,17,
416,0,1,0,7,14,7,0,1,0,1,0,1,2,9,16,17,10,9,16,15,16,16,17,16,17,16,15,16,16,15,
417,0,7,0,7,14,7,8,7,14,15,22,23,16,17,16,9,16,17,24,17,10,10,10,9,16,16,16,15,22,15,
418,0,1,0,7,8,9,16,23,30,31,30,31,30,23,22,23,30,31,30,23,24,23,30,30,23,22,23,24,23,30,
419,0,1,0,1,0,1,2,3,2,3,4,3,2,1,8,15,16,15,8,15,16,16,16,16,15,16,9,8,15,16,
420,0,1,0,7,0,7,8,15,16,9,8,9,16,16,16,23,30,30,31,38,45,38,37,36,37,44,43,42,35,28,
421,0,7,14,7,0,7,8,7,14,21,14,21,14,21,14,7,0,1,2,1,8,7,14,7,14,15,22,29,30,29,
422,0,1,0,1,0,1,8,1,8,9,2,1,2,1,2,9,10,11,18,11,10,10,17,24,17,24,23,22,23,16,
423,0,1,2,3,4,11,4,3,10,10,10,10,10,10,10,11,4,3,2,3,2,9,16,16,15,16,16,16,23,30,
424,0,7,14,21,14,7,0,1,0,7,14,15,16,16,23,22,15,22,15,8,15,16,23,24,31,24,17,16,23,16,
425,0,1,0,7,0,7,0,7,0,1,0,1,2,3,10,9,8,15,16,15,22,15,22,29,30,29,22,23,30,31,
426,0,1,8,9,16,16,9,2,9,16,16,16,16,9,10,9,10,10,17,24,23,30,23,30,23,22,21,14,7,0,
427,0,1,8,1,0,7,8,9,2,3,2,1,8,7,8,9,16,17,24,23,30,37,36,35,36,35,28,35,42,43,
428,0,1,2,1,2,3,4,11,10,11,4,3,4,3,10,10,9,10,10,9,16,15,16,16,16,23,22,29,30,31,
429,0,1,8,7,14,15,16,9,8,1,0,7,8,7,14,15,22,23,22,23,16,9,16,9,10,9,2,1,0,1,
430,0,7,8,9,16,17,16,17,10,17,10,17,18,11,4,5,12,19,12,11,10,9,2,3,10,10,10,10,9,2,
431,0,7,0,1,0,1,0,1,2,1,0,1,0,1,2,3,10,9,10,9,16,15,16,9,10,9,2,3,2,9,
432,0,7,14,7,8,15,14,7,14,7,14,21,22,29,36,29,36,37,38,37,36,29,36,35,28,29,30,30,29,30,
433,0,7,14,15,14,15,16,16,23,30,30,30,31,30,23,30,30,30,30,30,31,38,39,46,47,46,39,46,45,46,
434,0,7,0,1,2,1,8,15,8,9,8,15,16,15,16,17,18,25,32,39,32,31,30,30,30,37,30,37,30,23,
435,0,1,8,15,16,23,30,30,31,32,39,46,47,48,
436,0,7,0,7,14,7,8,1,2,1,0,7,14,7,14,21,28,29,30,31,24,25,32,31,30,23,16,9,10,9,
437,0,1,8,1,2,3,10,11,4,3,2,3,2,3,2,1,2,1,0,1,8,15,16,16,15,16,9,16,23,30,
438,0,1,8,9,10,11,4,11,10,10,3,4,5,6,5,12,11,4,3,10,17,16,15,14,7,8,9,8,7,8,
439,0,7,8,7,14,15,22,21,22,23,30,30,23,22,23,24,25,26,33,34,27,26,27,20,19,18,11,18,11,10,
440,0,7,14,7,14,7,8,1,8,7,0,7,8,7,0,7,14,15,16,17,16,17,16,15,8,15,16,15,16,16,
441,0,1,8,7,0,7,8,9,8,7,8,9,8,1,8,1,8,1,8,9,2,1,8,9,16,23,16,9,16,15,
442,0,1,2,3,10,11,4,3,2,9,2,1,0,1,2,9,10,10,17,16,23,30,30,29,36,37,30,23,30,37,
443,0,7,8,7,0,1,2,3,2,9,16,15,14,21,14,21,22,29,30,30,29,30,29,30,31,32,31,32,33,40,
444,0,1,8,1,2,9,16,16,17,10,9,16,16,17,10,10,3,10,9,10,11,10,3,10,11,4,3,2,3,2,
445,0,7,8,9,2,3,4,3,10,11,12,11,18,19,26,33,40,47,46,47,40,47,46,47,40,47,46,47,40,39,
446,0,1,0,7,0,1,2,1,8,9,16,9,8,1,2,9,10,9,16,23,16,23,16,17,16,16,9,16,15,16,
447,0,7,8,1,2,1,0,1,0,1,0,7,8,15,16,9,16,9,10,3,4,11,10,10,17,16,23,22,23,22,
448,0,7,8,9,16,17,16,23,24,23,30,37,30,30,37,30,23,30,30,31,24,25,24,17,18,25,32,31,32,39,
449,0,7,14,7,8,15,8,1,2,1,8,1,0,7,0,1,8,9,8,9,16,16,16,9,10,11,10,10,10,10,
450,0,1,2,1,0,1,8,9,10,9,2,3,2,1,0,1,8,9,16,15,16,9,16,16,15,16,16,15,22,21,
451,0,7,0,7,0,1,2,1,2,9,16,23,30,31,24,23,30,31,30,29,22,23,24,23,22,29,30,31,30,30,
452,0,7,14,15,14,15,8,15,8,9,2,9,2,9,16,15,8,9,16,16,23,30,31,30,31,38,45,38,45,46,
453,0,1,0,1,2,9,8,7,0,1,2,9,16,23,22,23,30,30,30,29,30,37,30,30,37,30,30,23,16,16,
454,0,7,14,21,28,35,36,35,36,37,44,37,30,31,30,30,37,30,29,30,29,30,31,32,39,40,41,48,
455,0,7,14,21,22,23,30,30,30,30,30,31,24,17,24,23,30,29,22,23,24,23,30,37,30,31,24,17,18,11,
456,0,1,2,3,10,17,16,16,15,16,23,16,15,16,17,24,23,22,21,14,15,14,21,14,21,14,15,16,15,8,
457,0,1,2,1,8,9,16,16,23,16,16,9,2,9,10,3,4,11,18,25,32,25,26,25,18,19,12,13,6,13,
458,0,1,2,3,10,10,9,16,9,8,9,16,15,16,16,9,10,10,3,2,3,2,1,0,7,0,1,8,1,0,
459,0,1,0,1,0,7,14,21,14,15,16,17,16,23,16,23,16,17,10,17,10,10,10,17,18,11,10,3,2,3,
460,0,1,0,1,2,1,8,15,22,15,14,7,14,21,22,15,22,23,30,31,30,30,31,38,31,38,45,44,37,44,
461,0,7,14,15,22,15,8,15,16,9,16,16,9,16,9,16,17,16,16,23,22,29,30,30,31,24,31,30,30,29,
462,0,7,14,7,8,15,16,23,24,17,24,31,24,23,30,30,30,37,36,37,38,37,44,45,44,43,42,43,44,37,
463,0,7,0,7,8,1,8,9,16,17,24,23,16,23,30,30,30,30,23,30,30,31,32,39,40,41,40,41,48,
464,0,7,14,21,28,29,30,23,30,29,30,29,30,30,29,30,31,38,45,38,31,32,33,32,31,30,31,30,29,22,
465,0,7,0,7,0,7,0,1,8,9,16,15,14,21,22,21,22,21,28,29,28,35,36,37,30,30,37,44,45,46,
466,0,1,8,9,16,17,18,25,32,39,38,39,32,39,46,47,40,33,26,19,12,11,4,3,10,17,16,23,30,37,
467,0,7,8,9,2,1,2,3,10,17,16,23,30,23,16,16,16,16,16,16,15,16,23,30,31,30,29,30,37,36,
468,0,1,8,9,16,16,23,30,37,30,30,31,24,17,16,16,9,16,17,16,23,16,23,30,23,24,25,26,33,26,
469,0,7,0,7,8,9,16,15,16,16,16,9,16,9,16,16,23,30,29,28,35,28,21,28,35,28,21,28,21,14,
470,0,7,0,7,8,1,2,3,2,9,2,1,0,7,0,7,0,7,0,1,0,1,8,15,16,23,24,23,16,9,
471,0,1,8,9,2,1,0,7,0,7,14,21,28,35,28,21,22,15,16,23,30,29,30,30,31,30,29,22,15,16,
472,0,1,8,7,0,7,14,15,16,15,8,1,0,7,0,1,0,7,0,1,8,9,16,23,16,17,16,17,10,9,
473,0,1,8,9,2,1,0,1,0,1,0,7,14,7,14,15,16,9,10,9,10,9,8,15,22,29,30,37,30,23,
474,0,1,0,7,0,1,8,7,14,21,22,23,24,31,30,37,36,37,30,23,16,16,15,22,21,28,21,28,29,22,
475,0,1,0,7,8,9,16,16,15,16,15,16,16,23,30,30,30,30,30,30,37,38,37,36,37,30,37,30,29,28,
476,0,1,2,9,10,9,16,16,16,23,22,23,22,15,8,9,10,10,10,9,10,10,17,18,11,10,17,24,17,16,
477,0,7,0,1,2,3,10,9,10,11,10,10,3,4,3,2,3,2,3,2,3,4,3,2,1,0,1,8,1,2,
478,0,7,14,21,22,23,22,29,30,30,30,29,30,23,30,31,38,37,30,37,44,45,44,43,44,43,42,43,42,35,
479,0,1,2,9,8,7,14,21,14,7,8,9,8,7,0,7,8,1,8,9,2,1,2,3,4,5,4,3,10,10,
480,0,1,2,1,8,9,10,10,3,4,5,12,19,20,27,34,33,40,47,48,
481,0,1,0,1,0,1,0,1,0,7,14,7,8,15,16,16,15,16,17,24,17,16,16,16,16,9,10,11,12,11,
482,0,1,2,3,2,9,16,23,16,16,15,14,15,22,29,28,35,36,43,44,45,38,31,32,39,46,45,44,43,36,
483,0,7,8,9,10,10,17,10,11,12,11,10,10,11,12,13,12,13,20,19,12,13,6,5,12,11,18,11,10,10,
484,0,1,2,9,8,9,16,16,15,8,15,16,23,24,17,16,15,16,15,22,23,22,21,28,29,22,21,22,23,22,
485,0,7,0,1,0,7,14,7,14,7,8,9,16,17,24,23,30,30,37,44,43,42,35,28,21,14,7,14,21,28,
486,0,1,8,15,16,23,24,31,30,30,29,22,29,30,37,36,29,30,37,30,23,30,23,30,31,32,39,40,47,48,
487,0,7,8,15,16,23,30,23,22,15,14,7,8,15,14,21,22,15,16,23,22,21,22,21,28,21,14,21,28,29,
488,0,7,8,15,22,29,30,30,37,44,37,38,37,30,29,36,37,44,45,46,39,40,33,40,47,40,33,40,39,46,
489,0,1,2,9,8,9,10,11,4,11,4,11,10,10,17,24,23,30,31,24,17,24,17,18,11,10,3,4,3,10,
490,0,7,8,9,8,15,14,21,22,23,22,23,22,23,30,29,30,23,30,30,29,30,29,30,30,29,30,30,23,16,
491,0,7,8,7,8,1,0,7,0,1,2,3,10,11,18,11,18,25,24,23,16,15,22,23,16,16,16,17,24,17,
492,0,1,0,7,0,1,2,9,16,23,30,37,30,29,36,35,28,29,30,30,31,30,29,30,37,36,43,36,37,30,
493,0,1,0,7,0,1,2,1,2,1,8,9,16,17,16,16,9,8,1,2,1,8,15,16,9,16,17,10,3,4,
494,0,1,8,1,0,7,8,9,2,1,8,9,2,3,2,9,16,16,16,16,15,16,23,30,37,44,45,38,31,38,
495,0,7,14,21,28,35,28,21,14,21,14,21,28,29,28,35,28,29,36,37,30,31,30,31,30,29,22,29,28,21,
496,0,1,8,15,22,21,22,29,30,23,22,21,14,15,22,23,16,17,18,11,4,5,12,11,10,10,10,3,4,3,
497,0,1,8,9,10,17,10,17,10,17,18,11,10,9,16,23,30,23,30,30,23,30,37,30,23,16,23,30,29,30,
498,0,1,0,1,0,7,0,7,8,7,14,7,0,1,8,7,14,15,16,23,30,37,30,31,30,30,31,38,45,46,
499,0,1,2,1,8,1,2,3,4,3,2,1,2,3,10,11,4,3,2,9,10,3,2,9,8,9,16,17,10,17,
500,0,1,0,1,8,9,2,3,4,3,10,11,12,5,12,5,4,11,10,10,9,16,17,16,23,30,31,38,45,44,
501,0,1,0,7,0,7,14,21,22,15,16,23,24,25,32,31,38,45,44,45,44,45,44,45,46,39,32,33,40,47,
502,0,7,14,7,14,15,16,23,30,23,30,23,30,30,30,29,30,37,44,45,46,39,46,45,46,45,44,45,38,45,
503,0,1,8,9,16,15,8,7,0,1,2,1,8,7,0,1,0,1,0,1,8,7,8,1,8,1,2,3,10,17,
504,0,7,8,9,16,23,30,30,37,30,29,28,35,36,37,36,35,28,35,36,29,30,23,16,23,24,25,32,33,26,
505,0,1,0,7,8,15,22,21,14,21,22,15,14,15,16,23,24,23,30,23,22,23,30,31,38,31,30,30,37,30,
506,0,7,0,1,0,1,2,3,2,1,2,9,2,3,2,3,4,11,18,11,4,11,4,5,6,13,20,19,18,19,
507,0,7,8,9,16,17,18,19,12,11,4,3,4,11,4,3,2,3,10,10,3,4,3,10,3,10,10,11,10,17,
508,0,7,0,7,14,15,16,23,30,37,30,30,31,32,25,24,17,16,23,30,31,38,39,38,37,30,30,29,28,35,
509,0,7,8,7,8,9,2,9,2,9,8,15,16,23,30,29,36,29,30,29,30,30,31,32,25,24,17,10,17,16,
510,0,1,0,7,14,7,0,1,2,9,16,15,8,7,8,15,22,15,8,7,0,7,0,7,0,7,8,1,0,1,
511,0,1,0,7,14,21,22,23,16,17,16,23,22,21,28,29,22,23,30,30,30,23,24,31,30,29,30,23,22,23,
512,0,7,14,15,8,1,2,9,10,3,2,9,16,23,30,23,30,37,36,43,42,43,44,45,44,37,30,31,38,31,
513,0,1,8,9,2,9,2,3,4,11,10,3,2,9,2,3,4,3,10,10,9,8,15,16,15,14,15,16,9,16,
514,0,7,0,1,0,7,8,15,22,21,14,7,0,1,8,7,14,15,16,17,18,25,32,25,32,25,32,33,32,39,
515,0,7,8,9,2,1,8,15,22,23,16,23,30,29,36,35,36,37,30,30,30,30,30,29,22,29,28,35,36,37,
516,0,7,14,21,14,15,16,23,22,23,30,37,30,29,30,30,30,30,30,30,29,22,15,16,9,10,11,18,19,20,
517,0,7,8,9,2,3,2,3,2,9,2,9,10,10,10,11,18,11,10,9,16,15,22,23,24,17,16,23,24,23,
518,0,1,8,9,10,17,18,11,10,17,16,23,22,23,30,30,29,30,31,24,31,30,29,36,43,42,43,44,45,44,
519,0,7,8,15,8,1,0,1,8,1,2,3,10,10,11,4,11,18,11,4,3,2,1,0,7,0,1,2,9,16,
520,0,1,2,3,2,9,16,23,24,23,30,23,30,29,22,23,30,23,30,23,16,23,30,30,29,30,30,31,38,39,
521,0,7,0,7,8,7,8,7,0,7,0,7,8,15,22,23,16,23,30,23,30,30,23,30,37,30,29,36,43,44,
522,0,1,8,9,10,17,18,25,32,39,38,45,38,45,46,47,40,39,40,33,40,47,40,41,40,39,38,39,40,39,
523,0,7,0,7,0,7,0,1,2,9,16,23,30,37,30,37,38,45,44,37,30,30,23,30,31,30,29,22,23,30,
524,0,1,8,1,8,9,2,9,16,23,30,31,38,37,30,31,32,31,30,29,36,37,38,37,30,37,30,29,30,23,
525,0,7,0,1,0,7,14,21,14,15,16,15,22,23,16,23,24,25,26,19,12,11,12,11,10,3,10,10,10,10,
526,0,1,8,15,16,23,30,29,36,37,44,43,44,45,44,37,36,37,44,37,36,37,36,43,36,37,30,29,30,30,
527,0,1,0,1,0,7,14,21,14,7,0,1,2,1,2,3,2,9,16,17,16,23,30,30,31,30,30,31,30,23,
528,0,7,0,7,0,7,14,21,28,21,22,23,24,23,30,31,32,39,40,47,48,
529,0,1,2,9,8,9,16,17,16,17,16,23,24,25,32,31,30,37,30,29,36,37,30,37,38,45,44,45,44,43,
530,0,1,0,7,0,1,8,1,8,1,8,1,0,7,14,21,14,15,16,15,16,15,16,23,24,25,32,39,32,31,
531,0,7,8,9,16,23,22,15,14,7,14,15,14,15,14,21,28,35,36,37,36,37,38,37,44,43,42,43,42,35,
532,0,7,0,1,2,1,2,1,2,9,16,15,22,21,14,21,14,15,16,23,22,23,30,30,23,24,31,24,23,16,
533,0,1,2,3,2,9,8,9,10,11,4,3,2,1,8,9,10,10,3,10,10,10,9,8,9,8,9,16,17,16,
534,0,7,0,1,2,9,16,9,16,9,2,9,2,1,8,15,16,23,30,31,30,30,30,30,29,30,31,38,37,44,
535,0,7,8,15,16,23,30,37,44,43,44,37,44,37,38,39,40,47,46,47,40,47,46,39,40,41,48,
536,0,7,0,1,8,15,16,17,24,23,24,31,24,25,32,31,24,17,18,19,18,11,18,11,10,10,9,16,23,30,
537,0,7,0,7,8,7,14,21,14,7,8,9,16,15,8,7,14,7,8,1,8,9,8,7,8,15,22,21,14,21,
538,0,1,2,1,0,7,8,7,8,9,2,1,8,9,16,23,30,23,30,31,38,45,44,43,44,45,44,37,38,39,
539,0,7,8,9,2,3,10,9,16,23,22,23,30,31,30,23,24,31,32,39,46,45,46,39,46,47,48,
540,0,7,14,21,28,29,36,43,44,45,46,47,48,
541,0,7,0,7,14,15,16,23,16,23,22,29,30,37,38,45,38,31,30,37,30,37,30,31,32,39,46,47,46,39,
542,0,7,8,9,16,23,30,23,30,30,30,37,44,45,46,47,48,
543,0,1,8,15,8,15,8,7,14,7,0,1,2,1,8,15,14,15,22,23,30,23,30,23,16,17,16,23,30,29,
544,0,1,2,1,2,9,2,3,10,10,3,4,11,4,3,10,10,17,16,15,16,23,22,23,16,23,30,30,29,30,
545,0,1,0,1,8,7,0,1,0,7,8,9,16,15,16,15,14,15,16,23,24,23,30,31,30,29,30,23,16,23,
546,0,1,0,7,14,7,14,21,22,23,24,17,10,10,10,3,10,3,4,11,10,9,8,7,8,7,8,9,2,1,
547,0,7,8,7,8,15,14,21,14,15,16,15,8,9,8,1,2,3,10,3,4,5,4,11,10,9,2,3,2,9,
548,0,1,8,15,16,17,24,17,16,15,16,9,10,17,18,11,10,10,17,16,15,22,15,16,17,24,25,32,39,38,
549,0,7,14,21,14,7,8,7,14,21,14,21,28,21,28,35,36,35,36,43,36,37,30,31,38,45,38,37,30,37,
550,0,7,0,1,2,3,10,9,2,9,8,15,16,15,8,15,16,23,30,30,29,30,30,23,22,15,14,7,0,1,
551,0,7,8,9,10,3,2,3,10,10,10,17,10,3,10,3,10,9,16,15,8,15,16,23,30,30,29,22,15,16,
552,0,1,0,1,2,3,4,3,10,10,10,11,10,10,9,2,1,0,7,14,15,16,23,24,17,16,23,22,23,22,
553,0,7,0,1,0,7,8,9,8,9,16,23,16,17,16,9,16,23,30,37,30,23,24,31,24,25,18,11,18,11,
554,0,1,2,3,2,9,8,9,8,7,8,9,8,9,16,23,24,25,26,25,24,25,32,39,46,39,40,41,48,
555,0,1,8,1,8,7,8,9,2,1,2,9,16,9,10,10,10,10,17,18,11,12,5,4,5,4,11,10,10,17,
556,0,1,8,1,8,9,16,23,16,17,16,15,16,15,8,9,16,23,30,23,16,9,16,23,22,23,30,30,37,30,
557,0,7,0,1,8,9,2,1,8,9,16,23,30,30,31,30,29,30,30,23,16,17,10,10,11,10,3,4,5,6,
558,0,7,8,7,14,21,22,15,16,23,30,30,37,30,30,30,37,36,37,36,29,30,31,24,17,16,23,22,23,30,
559,0,1,2,9,2,9,16,23,16,15,16,15,14,7,14,7,14,15,16,17,16,17,18,25,32,31,38,39,40,47,
560,0,1,2,3,10,9,2,9,16,23,24,23,30,30,23,22,29,30,37,36,37,30,30,29,30,31,30,31,30,31,
561,0,1,8,1,8,9,16,15,16,23,16,17,16,9,16,23,30,31,30,37,30,31,30,31,30,29,22,23,30,37,
562,0,7,14,15,16,23,16,15,22,29,30,23,22,21,28,29,30,23,22,21,28,21,22,15,16,9,8,7,8,9,
563,0,1,0,1,2,1,8,15,22,21,22,15,22,29,28,35,42,35,28,21,14,21,28,35,36,29,36,37,36,37,
564,0,1,2,1,2,9,10,9,16,15,16,17,18,11,10,10,17,24,25,32,39,40,47,46,47,40,47,48,
565,0,7,14,15,22,23,24,25,32,31,24,23,16,15,8,9,8,9,8,9,16,15,8,7,0,7,14,21,14,15,
566,0,7,8,9,16,23,16,23,16,9,8,9,16,17,16,9,2,9,2,1,2,9,8,9,16,23,22,21,14,7,
567,0,1,2,9,8,1,2,3,2,3,4,11,4,3,10,17,10,9,8,9,10,10,9,16,23,16,23,16,23,24,
568,0,1,2,1,8,9,2,3,4,5,12,13,12,11,10,3,2,9,16,23,24,31,38,45,46,39,38,45,44,45,
569,0,1,8,9,8,9,16,23,30,30,30,30,23,22,21,14,21,14,21,28,35,28,21,28,29,22,23,30,23,22,
570,0,7,0,7,8,9,16,23,30,37,36,37,36,29,22,15,14,7,14,7,8,1,0,7,0,1,2,1,2,3,
571,0,7,8,15,16,23,30,23,30,31,30,23,24,17,16,23,30,30,31,32,31,38,31,24,25,32,25,18,11,10,
572,0,1,2,1,2,9,2,9,16,9,2,9,8,9,10,3,4,3,4,11,10,10,3,4,5,6,13,20,27,34,
573,0,7,0,1,2,1,2,3,10,3,2,1,2,1,8,7,0,7,8,9,8,7,14,7,8,9,16,23,30,23,
574,0,7,14,7,0,1,2,9,16,23,30,30,23,30,23,30,37,44,45,44,43,36,43,44,45,38,39,40,47,48,
575,0,7,14,7,0,7,14,7,14,15,16,9,10,10,10,3,4,5,12,5,12,5,4,11,10,10,11,18,11,4,
576,0,1,8,7,14,21,28,35,36,37,44,43,42,35,42,43,36,37,36,37,38,45,46,39,32,31,24,31,38,45,
577,0,1,2,9,16,9,2,1,8,9,2,9,16,23,30,30,30,30,37,36,37,44,43,42,43,42,43,44,37,44,
578,0,1,8,7,14,7,8,9,8,7,14,15,22,29,30,37,36,35,42,35,42,42,35,42,35,28,21,14,15,16,
579,0,7,14,7,8,1,8,9,16,17,18,11,12,11,10,11,12,11,10,9,16,23,30,30,37,30,29,30,23,30,
580,0,1,8,1,0,1,8,9,8,7,8,9,16,17,24,17,24,17,16,9,8,9,16,17,18,17,16,17,16,17,
581,0,7,0,1,0,1,0,1,8,15,8,9,16,17,16,23,22,23,22,15,16,23,30,37,38,45,46,45,44,43,
582,0,7,14,21,28,21,14,15,8,9,8,9,16,23,22,23,24,25,32,33,26,25,24,23,24,17,10,10,11,18,
583,0,1,0,1,8,9,10,17,10,17,16,9,10,10,9,16,15,16,9,16,23,16,17,18,19,20,19,26,19,12,
584,0,1,8,9,16,9,16,23,16,23,30,31,30,30,30,31,24,23,30,23,16,23,30,30,37,44,37,38,37,36,
585,0,7,0,1,8,9,8,9,2,9,16,23,30,29,28,21,28,21,22,23,24,25,32,39,46,39,40,47,40,39,
586,0,1,8,15,8,7,14,15,14,21,28,35,42,35,36,43,42,43,36,37,30,23,22,23,30,31,30,30,31,38,
587,0,7,14,15,22,21,22,15,8,7,14,7,0,1,8,9,16,23,30,30,29,30,31,24,23,30,37,30,37,30,
588,0,7,14,21,28,35,42,35,28,35,42,43,44,43,42,42,43,44,45,44,43,36,37,30,29,36,37,36,43,42,
589,0,7,14,7,8,15,22,29,22,15,16,17,16,23,30,37,36,29,36,37,30,37,30,23,30,30,23,16,17,10,
590,0,1,2,1,0,7,0,1,8,15,16,23,22,23,24,25,32,39,32,31,30,30,29,22,21,28,21,14,15,14,
591,0,1,8,15,8,7,8,7,8,1,2,1,2,9,10,10,11,18,19,18,11,10,9,10,9,8,1,2,9,16,
592,0,7,0,1,8,9,16,23,30,23,16,9,10,3,2,3,10,17,16,17,18,11,18,19,20,27,34,33,26,27,
593,0,1,0,7,14,15,16,23,30,30,29,30,29,36,35,36,29,28,35,42,35,36,37,44,43,42,35,28,21,14,
594,0,7,8,9,2,3,2,1,2,1,8,15,16,23,24,23,30,29,22,29,36,29,22,23,30,29,36,37,44,45,
595,0,7,14,7,0,7,14,15,8,9,8,15,16,9,16,15,16,23,16,9,16,17,16,15,16,15,16,23,30,30,
596,0,7,8,9,10,10,9,8,9,2,9,10,9,10,10,10,9,10,17,18,25,18,11,10,10,17,18,11,18,11,
597,0,1,2,3,2,1,8,15,16,9,16,23,24,31,38,45,38,45,38,45,46,47,48,
598,0,7,0,1,8,1,0,1,8,15,16,15,14,21,28,21,14,15,16,17,24,25,24,23,30,37,30,29,22,21,
599,0,7,8,7,14,15,16,23,16,23,22,29,30,30,29,28,21,22,21,22,23,30,30,30,37,44,43,42,43,42,
600,0,7,8,9,8,9,16,15,16,15,16,23,30,37,30,31,30,30,23,30,23,16,17,16,9,16,9,16,23,30,
601,0,1,8,7,14,7,8,9,16,23,30,30,23,30,30,37,44,45,46,47,40,39,46,45,38,31,32,25,26,19,
602,0,7,0,7,8,9,2,9,2,1,2,9,16,23,16,23,16,23,30,31,32,25,18,11,18,11,4,11,18,19,
603,0,7,14,7,0,7,14,7,0,7,8,7,14,15,16,17,16,9,8,9,16,23,16,23,22,15,22,21,14,15,
604,0,7,8,9,2,9,10,11,4,11,10,11,18,25,26,27,20,27,26,25,32,31,38,39,46,45,38,37,36,29,
605,0,7,14,15,22,23,24,31,32,25,26,19,26,25,32,25,32,25,32,33,40,47,40,47,48,
606,0,1,2,9,8,1,8,9,8,9,16,9,2,1,8,9,2,9,10,3,10,10,9,2,1,8,9,10,10,17,
607,0,7,0,1,2,3,10,11,4,5,4,5,4,11,10,9,16,23,22,29,28,29,30,30,30,31,30,31,38,45,
608,0,1,0,1,2,1,0,1,0,1,8,9,16,17,18,11,10,10,11,10,10,17,24,17,18,19,12,13,6,5,
609,0,7,8,9,2,9,16,15,14,7,8,7,14,15,8,1,8,15,8,9,10,9,10,9,10,9,2,9,10,3,
610,0,1,0,7,8,15,8,1,2,1,2,3,4,3,2,1,0,1,8,1,2,1,8,1,8,7,0,1,2,3,
611,0,1,0,7,0,1,8,9,16,23,16,23,22,23,24,23,30,30,37,30,23,24,23,30,37,30,30,31,38,31,
612,0,1,0,1,2,9,8,9,8,9,16,17,24,31,32,33,40,47,48,
613,0,7,0,1,0,1,8,9,2,3,2,3,10,10,17,18,11,10,10,10,10,10,11,12,11,12,11,12,5,4,
614,0,7,14,7,0,1,2,3,2,9,16,23,24,25,32,39,46,45,46,45,44,45,38,37,38,45,46,39,46,39,
615,0,1,8,9,16,9,16,9,16,17,18,11,18,17,16,9,10,17,18,11,12,11,4,3,10,11,4,5,6,5,
616,0,7,14,7,0,7,0,7,0,7,14,15,16,23,16,17,16,23,30,29,28,21,14,7,8,9,16,17,18,25,
617,0,7,0,7,8,9,16,15,16,23,22,23,16,15,16,9,10,10,17,24,17,16,23,16,23,30,30,29,36,43,
618,0,7,0,1,8,9,10,17,18,25,26,25,32,39,46,39,46,47,48,
619,0,7,0,7,14,15,16,23,16,9,10,10,3,10,9,16,23,16,23,24,23,24,23,30,29,22,21,28,21,22,
620,0,7,14,15,16,23,30,29,30,23,16,15,14,21,14,15,14,15,14,15,16,23,16,23,30,31,24,31,38,39,
621,0,7,0,7,14,21,22,15,16,15,8,9,10,10,11,18,17,24,17,10,11,4,11,12,19,20,19,18,11,10,
622,0,7,14,21,28,35,28,35,28,29,36,37,30,29,30,23,16,9,10,10,10,3,2,3,2,3,10,11,4,3,
623,0,7,8,9,16,23,30,31,30,30,30,23,16,15,22,23,30,23,24,23,30,30,30,30,37,38,31,30,37,36,
624,0,1,0,7,0,1,0,7,0,7,14,7,8,1,0,7,8,7,0,7,8,7,0,7,0,1,8,1,0,1,
625,0,1,2,1,0,1,0,1,8,15,16,9,8,1,2,9,16,9,16,23,30,23,16,9,2,9,16,9,8,9,
626,0,7,14,7,8,9,8,1,8,9,16,23,30,37,36,37,44,43,44,37,30,23,16,9,8,9,10,11,18,11,
627,0,1,0,7,0,7,8,1,0,7,8,9,16,23,24,17,10,9,8,9,16,23,30,37,36,35,42,35,42,43,
628,0,7,8,9,8,1,0,7,14,15,16,9,2,9,16,15,14,21,22,23,30,31,30,29,22,15,16,17,18,11,
629,0,7,14,21,22,23,30,37,30,37,38,31,24,31,24,23,22,21,28,29,30,30,23,30,37,38,45,44,37,36,
630,0,7,0,7,14,7,8,7,14,7,8,9,16,17,24,23,30,30,29,36,37,36,37,36,37,36,35,36,29,30,
631,0,7,0,1,0,1,0,7,14,21,28,21,14,15,22,29,22,15,16,17,18,11,18,19,26,33,40,47,46,47,
632,0,7,8,7,0,1,2,1,8,9,8,1,0,7,0,7,0,7,8,9,16,9,16,23,30,37,36,35,36,37,
633,0,7,0,1,0,1,8,1,8,7,8,15,8,9,8,15,8,9,8,9,16,17,16,23,22,15,14,15,22,15,
634,0,7,8,1,2,9,16,23,30,31,30,31,30,23,30,30,29,22,29,30,37,30,30,37,30,37,44,45,44,45,
635,0,7,8,9,16,9,10,17,16,23,30,30,29,30,37,30,29,30,31,38,31,38,39,40,33,40,33,40,47,48,
636,0,1,8,1,2,1,2,9,16,23,22,23,30,31,30,37,30,30,37,30,23,24,23,30,31,24,23,30,30,29,
637,0,7,14,7,14,7,14,21,22,21,22,29,36,29,30,30,37,44,45,46,47,40,33,40,41,34,27,26,27,26,
638,0,7,14,21,28,29,22,23,24,25,32,25,26,33,26,33,32,31,38,45,46,47,46,39,32,33,34,41,40,47,
639,0,7,8,7,8,7,14,21,14,15,14,15,14,21,28,21,14,7,14,15,14,7,14,15,8,1,8,9,16,23,
640,0,1,2,1,8,7,14,7,14,21,22,23,30,30,30,37,38,45,46,45,38,45,44,45,38,31,30,31,32,39,
641,0,1,8,9,16,15,16,23,22,21,22,23,30,23,30,31,38,45,38,39,46,47,48,
642,0,1,0,1,0,7,8,7,8,9,16,23,22,29,30,30,23,16,9,10,17,10,11,10,3,2,1,2,3,2,
643,0,1,0,7,0,7,8,9,2,9,16,15,16,23,24,25,32,39,40,47,40,33,26,33,40,33,40,39,32,25,
644,0,1,0,1,8,9,10,10,10,17,16,17,10,3,10,11,10,9,10,9,2,1,8,9,10,11,18,25,24,25,
645,0,7,0,7,0,1,8,9,2,3,4,5,12,19,26,27,20,19,12,11,18,11,10,3,4,3,2,1,2,1,
646,0,1,8,7,0,1,2,9,16,23,30,29,28,29,36,43,36,29,30,29,28,29,22,15,16,23,24,25,24,25,
647,0,1,0,1,0,1,0,1,2,9,10,11,10,10,17,16,15,16,9,2,9,16,17,16,17,18,17,18,11,12,
648,0,7,8,7,14,15,16,15,14,7,14,15,16,9,10,10,10,9,16,9,2,9,2,9,16,9,16,9,8,7,
649,0,7,8,15,16,15,16,23,16,15,14,7,14,21,22,15,14,15,22,29,30,31,30,30,37,30,31,30,29,30,
650,0,7,8,7,8,9,8,9,10,11,10,17,10,10,10,9,10,17,24,25,24,23,16,23,30,29,30,37,36,43,
651,0,7,8,9,16,15,16,9,2,9,16,23,24,17,24,23,30,23,22,23,24,17,24,25,26,33,32,39,46,39,
652,0,7,8,9,16,9,8,9,10,3,10,3,4,3,2,1,2,1,8,9,16,9,8,15,16,17,18,11,10,10,
653,0,7,14,15,16,23,22,23,22,15,8,7,0,7,0,7,14,21,14,21,22,23,16,9,8,1,2,9,16,15,
654,0,7,0,7,8,1,8,1,0,7,0,7,8,9,16,15,16,9,16,15,22,29,30,30,29,36,43,42,35,28,
655,0,7,14,15,22,21,14,21,28,35,28,29,28,35,36,37,44,43,36,29,36,35,28,35,42,43,42,35,28,29,
656,0,7,14,15,16,17,16,23,22,15,16,23,22,23,30,23,16,17,16,23,16,23,22,29,30,30,30,30,37,30,
657,0,7,14,21,22,23,30,37,30,23,22,15,22,29,30,31,38,31,32,39,46,47,48,
658,0,7,14,21,28,35,28,29,30,30,37,36,37,30,31,32,33,40,33,40,47,40,47,40,39,46,45,38,31,30,
659,0,1,0,7,0,1,2,3,2,1,2,3,10,10,17,16,9,8,9,16,23,30,23,30,37,36,35,28,35,28,
660,0,1,0,1,0,1,0,1,2,3,2,1,8,1,8,7,14,7,0,7,14,7,8,9,16,9,2,1,8,15,
661,0,7,8,9,16,15,16,17,16,23,24,31,32,39,46,39,40,41,34,33,40,33,34,41,34,41,34,41,34,41,
662,0,7,14,15,8,1,8,9,16,23,30,37,38,39,46,47,48,
663,0,7,0,1,2,9,2,9,16,23,22,23,30,23,30,37,36,37,30,29,30,31,32,25,24,31,30,30,31,24,
664,0,1,2,1,8,7,8,1,8,9,16,23,24,23,24,23,30,29,28,35,36,37,38,45,44,43,42,35,42,43,
665,0,7,0,7,0,1,8,9,10,17,18,17,24,23,30,37,30,23,24,31,38,45,46,39,32,39,46,45,38,45,
666,0,7,0,1,2,3,2,9,16,15,14,15,8,9,16,23,16,15,16,9,16,23,24,31,38,39,46,47,46,39,
667,0,1,8,9,2,9,16,23,22,23,24,23,24,17,16,9,10,10,10,3,4,3,2,3,2,9,16,23,16,15,
668,0,7,14,21,22,23,30,30,30,30,29,36,29,28,29,36,35,42,35,28,21,22,21,14,7,14,21,22,21,14,
669,0,7,0,7,14,7,8,1,8,9,2,3,2,1,0,1,8,1,8,7,8,15,16,23,16,23,22,23,30,29,
670,0,7,8,9,16,23,30,30,30,37,36,37,44,43,44,43,44,43,42,43,42,35,42,42,43,42,43,36,37,30,
671,0,7,8,15,22,15,14,7,0,1,8,1,8,1,2,3,10,10,10,3,2,1,8,15,22,29,30,30,30,30,
672,0,7,14,7,0,1,8,9,16,17,16,9,16,23,22,23,30,37,38,45,46,45,46,45,44,45,44,43,36,37,
673,0,1,0,7,0,1,8,9,10,3,2,3,2,1,0,1,2,9,16,17,16,9,16,23,16,23,24,31,30,23,
674,0,1,0,1,0,7,0,1,2,3,4,5,12,13,6,13,20,19,12,11,4,3,4,3,10,17,18,17,16,9,
675,0,1,0,1,8,9,2,1,8,1,0,7,0,7,8,9,10,9,2,1,2,1,8,9,2,1,8,15,8,15,
676,0,7,8,9,16,23,22,23,16,23,30,30,23,24,23,16,23,30,23,22,23,16,9,2,9,16,9,2,1,8,
677,0,1,2,3,2,3,10,10,9,16,15,8,9,16,9,8,9,16,23,16,23,22,21,14,21,14,15,16,23,30,
678,0,1,2,3,2,9,8,1,0,1,0,7,8,9,8,7,14,15,8,9,8,7,0,1,8,1,2,9,16,9,
679,0,1,0,7,8,7,0,7,14,7,8,1,8,1,0,1,0,7,8,7,14,7,8,9,16,17,16,23,22,23,
680,0,1,0,7,8,9,16,23,22,23,22,23,24,23,22,23,30,23,16,23,24,23,22,29,30,29,22,23,16,9,
681,0,7,14,15,22,23,30,29,22,23,30,30,23,22,21,14,15,8,9,16,23,22,21,28,21,14,7,0,1,0,
682,0,1,2,9,16,9,16,9,16,15,8,15,8,9,16,15,8,9,16,23,24,23,30,29,30,30,37,30,29,30,
683,0,7,0,1,8,15,14,7,8,9,10,3,4,11,10,17,16,23,30,30,30,37,44,43,36,37,30,29,28,35,
684,0,1,2,1,2,1,8,9,16,17,16,23,22,23,30,30,29,30,30,23,22,29,22,23,22,23,30,30,30,30,
685,0,1,0,1,8,9,16,23,24,31,30,30,30,30,30,31,38,31,38,45,38,45,38,45,46,45,44,37,38,31,
686,0,7,0,1,2,1,0,7,8,9,16,9,10,11,10,11,18,11,10,10,3,4,11,18,11,4,3,2,1,0,
687,0,1,8,9,2,1,2,9,10,9,16,23,22,23,30,37,44,43,44,37,30,31,24,25,32,39,38,45,38,45,
688,0,7,14,15,16,23,30,30,37,38,37,30,30,31,24,17,16,9,16,15,16,23,24,23,30,23,30,31,32,25,
689,0,1,2,3,4,3,10,9,2,3,10,3,10,3,4,11,10,3,4,3,4,3,2,1,8,9,8,9,2,9,
690,0,1,8,7,14,21,14,15,16,23,16,23,30,37,44,37,30,29,28,21,28,35,28,29,30,30,23,16,23,30,
691,0,7,0,1,8,1,0,1,0,7,14,15,14,7,14,7,0,1,0,1,8,1,2,1,0,7,14,7,14,7,
692,0,7,0,7,8,9,16,15,22,23,30,37,30,29,30,31,24,25,32,39,40,41,34,27,26,33,34,27,26,33,
693,0,7,14,21,22,15,8,9,16,17,16,23,30,29,30,30,29,30,31,24,23,30,29,30,29,30,37,30,29,30,
694,0,7,14,21,22,21,22,21,28,35,42,43,36,35,28,21,28,29,30,23,30,37,36,37,30,23,24,23,30,37,
695,0,7,14,7,14,21,28,21,22,15,16,23,24,17,18,11,12,11,4,11,10,17,16,17,16,9,16,17,16,15,
696,0,1,2,9,8,9,16,23,30,30,30,30,30,31,38,37,38,39,46,39,32,31,38,45,38,45,46,39,46,47,
697,0,7,8,15,16,23,22,21,22,29,22,15,8,7,8,9,10,11,10,10,10,3,10,10,17,16,23,30,30,23,
698,0,1,2,3,2,1,0,1,0,7,14,21,28,35,36,29,30,29,30,29,30,31,32,31,30,29,22,21,22,23,
699,0,7,8,15,16,15,8,9,16,9,10,9,10,9,8,9,10,10,3,10,10,17,18,17,18,25,32,39,38,45,
700,0,1,8,9,2,3,4,5,4,11,10,11,12,11,10,3,4,11,12,13,20,27,20,13,6,5,6,13,12,11,
701,0,1,2,9,10,17,16,9,10,11,10,17,10,9,8,15,16,23,30,29,30,31,30,29,30,31,32,39,40,41,
702,0,1,2,3,10,10,17,18,25,24,31,38,39,38,45,46,45,44,37,30,37,30,30,29,30,37,44,45,38,37,
703,0,1,8,15,16,17,24,23,30,30,30,23,30,29,28,35,28,35,36,35,42,43,42,35,28,29,22,21,14,21,
704,0,1,2,1,2,9,10,17,16,15,22,21,28,29,30,37,36,37,36,29,30,23,22,21,22,23,24,23,24,25,
705,0,1,8,9,2,1,2,1,0,7,8,15,16,9,16,17,18,11,4,3,10,9,16,15,16,23,24,17,16,9,
706,0,1,0,1,0,7,14,21,22,23,16,23,24,23,30,29,22,15,16,23,16,15,22,15,14,7,8,7,14,21,
707,0,7,8,1,0,1,0,7,8,1,0,1,0,1,0,1,2,1,2,9,10,11,4,5,6,5,6,5,6,13,
708,0,7,14,15,22,29,22,23,30,37,44,37,30,30,30,37,38,45,44,45,44,37,36,37,36,37,30,30,31,24,
709,0,1,8,7,14,15,22,21,14,7,0,1,2,3,4,3,4,3,2,1,8,9,10,10,9,16,9,8,1,8,
710,0,1,0,7,0,7,14,21,28,29,36,37,36,37,30,37,38,39,38,45,38,39,32,31,30,30,30,37,44,43,
711,0,1,0,7,0,1,2,3,10,3,2,1,2,3,2,9,16,23,24,23,16,23,22,29,36,37,44,37,30,23,
712,0,1,8,9,10,11,10,10,3,10,11,12,11,18,17,10,10,9,8,15,8,1,0,7,14,15,14,15,16,17,
713,0,1,0,1,2,9,16,23,30,29,30,37,36,37,38,37,30,29,36,37,30,29,28,21,22,15,16,23,22,23,
714,0,1,0,1,2,3,10,3,10,10,9,10,10,17,16,23,16,9,8,7,0,1,2,1,0,7,0,7,0,7,
715,0,7,8,15,16,15,16,15,8,7,8,1,0,7,0,7,8,7,0,1,0,1,8,9,16,17,16,15,14,21,
716,0,7,0,7,8,15,16,23,30,37,30,37,30,29,30,29,30,23,22,29,28,21,28,29,30,29,28,29,28,29,
717,0,1,2,9,16,9,16,15,16,23,22,29,30,31,24,23,16,15,16,9,10,17,16,23,30,23,30,37,44,45,
718,0,7,0,1,8,9,8,9,2,9,2,3,2,3,4,11,10,17,16,9,16,17,24,17,16,23,22,21,22,15,
719,0,1,8,7,8,1,0,7,0,7,0,1,0,1,8,9,10,10,9,16,23,30,30,37,44,37,30,31,24,31,
720,0,1,0,1,8,1,0,1,0,7,8,1,0,1,8,9,16,15,16,23,16,9,16,9,16,23,30,37,30,30,
721,0,1,2,9,16,17,24,17,24,25,32,31,32,39,40,33,26,25,32,31,24,17,16,23,30,23,22,21,14,15,
722,0,1,0,7,8,1,8,9,10,9,2,3,4,11,4,3,2,3,4,11,4,5,6,5,6,5,12,19,20,19,
723,0,7,14,7,0,1,8,9,16,17,18,25,24,31,38,31,30,23,24,23,30,30,30,31,24,25,32,25,32,31,
724,0,1,0,1,0,1,0,7,0,1,2,3,10,17,16,15,14,21,28,35,42,43,42,43,42,43,36,37,38,31,
725,0,7,14,7,0,1,0,1,8,9,2,9,10,10,17,16,23,30,31,38,31,30,29,22,21,14,7,0,7,14,
726,0,7,14,15,22,23,16,17,16,15,14,7,8,7,14,15,16,23,30,29,30,29,28,21,22,23,24,23,30,23,
727,0,7,14,15,16,9,16,15,22,29,30,23,24,23,22,21,14,15,16,17,16,15,16,23,22,21,28,35,42,43,
728,0,7,0,1,2,1,0,7,14,15,8,15,16,15,16,17,10,17,16,15,16,23,16,17,16,9,16,23,16,23,
729,0,1,0,7,0,1,0,1,2,1,2,9,10,3,2,3,4,5,4,5,4,3,4,5,12,5,4,3,10,17,
730,0,7,8,9,8,15,22,23,30,30,30,31,24,23,16,9,10,10,10,11,18,11,10,10,9,10,9,10,10,10,
731,0,7,8,1,2,3,4,11,12,11,12,19,20,27,20,27,34,33,32,33,40,47,40,33,40,39,32,39,38,45,
732,0,1,8,9,16,23,24,23,22,23,24,23,30,30,29,22,15,14,15,16,23,22,23,30,23,30,37,30,31,30,
733,0,7,0,7,14,21,28,21,14,15,22,21,14,7,8,7,0,1,0,7,8,7,0,1,8,7,0,1,8,1,
734,0,1,8,7,0,7,8,9,10,11,4,5,4,3,2,3,4,5,12,11,10,3,10,11,10,11,10,3,2,1,
735,0,1,2,1,0,7,14,15,22,23,30,30,29,28,21,14,15,8,7,0,7,0,1,8,9,16,23,22,23,30,
736,0,1,2,1,2,9,10,3,4,3,4,5,6,13,6,13,12,13,6,13,12,19,26,33,32,33,40,39,46,39,
737,0,1,2,9,2,3,4,3,10,10,17,16,9,2,1,8,15,16,15,14,15,22,23,30,23,30,30,30,37,38,
738,0,7,8,1,2,1,0,1,0,1,0,7,0,1,0,7,8,15,16,17,16,23,30,30,30,23,24,17,24,17,
739,0,7,8,7,0,1,8,9,10,10,10,17,16,23,22,15,8,7,8,7,0,1,0,7,0,7,8,9,16,15,
740,0,1,8,15,16,17,16,17,10,10,10,10,10,11,18,25,32,33,32,39,46,45,44,43,44,43,44,43,44,45,
741,0,7,8,15,16,23,30,30,30,30,31,24,31,24,23,30,23,30,31,32,33,40,47,46,45,44,45,44,43,44,
742,0,7,0,7,0,1,2,1,0,7,14,15,16,15,22,29,22,29,30,30,29,28,21,22,21,14,15,16,23,30,
743,0,7,8,9,2,1,2,9,16,23,30,37,30,37,44,45,38,45,38,45,46,47,48,
744,0,7,14,21,14,21,22,21,14,15,16,23,30,30,23,16,9,16,17,24,23,16,9,8,15,16,9,10,3,10,
745,0,1,2,1,2,9,16,15,14,7,0,7,14,21,14,7,14,15,16,23,22,29,28,35,28,29,30,30,37,36,
746,0,7,8,1,8,1,2,9,8,7,0,1,2,9,16,17,16,23,22,23,22,15,8,9,16,17,16,15,14,21,
747,0,1,0,1,8,15,22,29,30,29,22,21,14,7,8,15,16,23,22,15,8,1,0,7,0,1,8,1,0,1,
748,0,1,2,3,2,1,0,7,8,1,8,15,8,9,16,17,10,11,10,3,10,17,16,15,22,15,14,7,0,1,
749,0,1,0,1,8,9,8,1,2,9,2,3,2,3,4,3,10,17,16,9,8,9,16,15,16,9,2,9,2,1,
750,0,1,8,9,8,9,10,10,11,10,10,10,3,2,1,2,9,16,23,16,9,16,9,10,11,12,19,12,13,6,
751,0,7,8,15,14,21,22,21,28,35,28,35,42,35,42,35,36,37,44,37,44,45,44,37,30,30,30,37,36,37,
752,0,1,2,9,2,3,10,9,8,1,0,7,14,21,14,7,0,1,0,7,0,1,2,3,2,3,4,5,4,3,
753,0,1,2,9,16,17,18,19,12,11,10,17,18,11,18,11,10,11,4,11,10,11,10,10,3,10,9,16,17,16,
754,0,1,2,9,16,17,16,23,22,23,30,29,30,29,36,43,44,37,36,37,30,31,30,29,36,37,36,29,22,23,
755,0,7,8,1,8,7,8,1,8,7,8,1,2,9,8,7,8,9,16,17,10,3,4,3,4,11,10,3,10,9,
756,0,1,8,9,10,10,10,10,17,18,25,32,25,32,25,18,11,18,17,24,23,30,31,30,37,44,37,38,37,30,
757,0,7,14,21,22,23,30,23,22,29,30,23,30,30,23,22,29,30,29,30,30,23,30,37,38,45,44,43,36,37,
758,0,7,14,15,16,23,30,37,30,29,22,29,30,23,30,30,23,30,30,30,37,30,30,29,22,29,30,30,23,16,
759,0,7,8,1,0,7,14,7,0,7,14,15,16,23,30,31,30,37,38,45,44,43,42,43,42,35,36,37,30,30,
760,0,1,0,1,2,3,10,9,8,9,8,9,2,3,4,5,4,3,2,1,2,1,2,1,8,1,0,7,8,1,
761,0,7,14,21,28,35,42,35,28,35,28,35,42,35,42,43,44,43,44,37,30,29,22,29,30,29,28,35,28,29,
762,0,7,8,15,16,23,22,15,22,23,24,31,32,39,32,39,46,45,46,39,32,31,30,31,32,33,32,31,30,37,
763,0,1,0,1,2,9,16,9,16,23,30,31,38,37,30,30,29,28,35,28,29,22,21,22,21,22,23,24,23,30,
764,0,7,8,15,16,17,10,17,16,23,30,30,37,30,31,24,25,32,39,40,47,40,47,40,41,34,41,34,41,34,
765,0,1,8,15,16,23,30,37,36,29,28,21,22,23,16,9,10,17,24,23,30,30,30,37,38,31,30,30,30,37,
766,0,7,0,1,2,3,4,5,6,5,4,11,10,10,11,10,9,2,3,4,11,18,25,32,39,46,47,46,45,38,
767,0,1,0,1,8,15,16,23,30,31,30,31,38,31,32,39,40,41,48,
768,0,7,0,7,0,1,2,9,16,23,30,29,30,29,36,43,44,43,42,43,44,45,44,45,46,39,40,41,48,
769,0,1,0,7,0,7,0,1,0,7,0,1,0,1,8,1,8,1,2,9,8,7,14,21,22,23,30,31,30,37,
770,0,7,14,21,14,21,28,35,36,37,44,43,44,37,30,29,30,31,30,37,44,45,44,43,42,43,36,43,44,45,
771,0,7,0,1,2,3,4,11,10,17,16,17,16,23,30,30,30,37,30,30,30,31,38,45,46,39,46,39,40,47,
772,0,7,0,1,2,3,10,10,17,10,10,9,16,17,10,11,10,11,10,17,16,23,30,31,30,23,22,21,14,7,
773,0,7,0,1,2,9,16,23,22,23,30,30,29,30,30,30,29,30,30,31,30,30,23,30,23,16,9,16,15,22,
774,0,7,0,1,2,3,4,3,10,10,9,10,3,4,5,4,5,12,11,12,11,4,3,10,9,16,9,8,1,0,
775,0,7,0,7,0,7,0,1,2,3,4,11,12,11,12,13,6,13,6,13,12,11,4,11,10,3,10,3,2,9,
776,0,1,0,1,8,15,16,9,16,15,16,9,10,11,10,10,3,4,5,12,11,18,11,12,11,10,10,11,10,10,
777,0,1,2,1,8,7,0,1,0,1,2,9,8,15,8,7,0,7,14,21,28,35,36,35,36,37,38,37,38,45,
778,0,1,2,3,2,9,2,3,2,9,10,9,16,9,16,17,16,17,16,23,24,23,24,23,22,23,24,31,24,23,
779,0,1,2,1,0,7,14,21,28,29,30,29,30,30,30,31,38,45,46,47,46,45,38,37,30,37,44,37,30,37,
780,0,1,2,1,8,9,16,9,16,15,22,21,14,15,14,7,14,7,14,7,14,21,14,7,14,21,22,21,22,23,
781,0,1,2,3,2,1,0,1,8,9,16,23,30,30,30,23,30,37,30,30,29,30,23,22,15,8,9,10,9,2,
782,0,1,2,3,10,10,3,4,5,12,5,6,5,4,3,4,3,2,9,8,1,2,3,10,10,9,16,17,16,9,
783,0,1,0,1,0,7,8,9,2,1,2,9,10,3,2,1,8,9,16,23,22,21,28,29,28,21,22,15,8,7,
784,0,1,0,7,8,9,16,17,24,31,32,33,40,41,48,
785,0,1,2,3,4,5,6,13,6,13,6,13,6,5,12,5,12,13,6,5,6,13,6,5,12,19,26,27,20,27,
786,0,1,0,7,8,7,14,15,16,15,22,23,22,21,28,21,14,15,16,23,24,31,32,33,40,47,48,
787,0,7,0,7,14,7,0,1,8,7,14,7,0,7,0,1,8,1,0,7,14,21,28,21,28,29,30,23,16,15,
788,0,1,0,1,8,7,8,1,0,7,14,21,14,15,8,7,8,15,16,23,24,23,30,23,30,23,24,23,30,30,
789,0,7,8,1,8,15,14,21,14,7,8,7,14,15,16,23,24,31,24,31,32,25,18,17,18,11,10,9,16,17,
790,0,1,2,1,0,7,14,21,28,29,28,21,22,29,30,23,22,15,8,15,22,29,22,29,30,37,36,37,44,43,
791,0,7,0,1,8,9,16,15,22,23,22,21,28,21,28,29,30,31,30,31,32,33,32,39,38,31,32,39,46,45,
792,0,1,0,1,2,3,2,1,0,7,8,9,16,23,30,23,30,23,24,31,30,31,38,45,46,39,46,47,46,47,
793,0,1,0,7,8,7,14,7,8,9,16,17,16,15,16,23,22,23,30,37,30,30,29,30,29,30,23,22,29,36,
794,0,7,14,7,0,1,8,9,16,23,30,29,22,15,16,15,8,7,0,1,8,9,10,17,10,11,18,17,18,25,
795,0,1,8,9,2,3,2,9,16,15,14,7,14,15,8,9,10,3,2,3,10,3,4,3,4,3,10,17,18,11,
796,0,1,2,9,16,9,16,23,30,23,30,37,38,45,46,45,46,45,44,43,44,37,30,37,38,37,30,37,38,37,
797,0,7,14,7,14,15,14,21,28,21,22,23,24,23,30,30,29,28,35,36,35,42,43,44,43,42,42,43,42,43,
798,0,7,8,1,2,3,4,11,10,10,17,18,17,16,23,16,23,22,23,30,30,23,16,15,16,23,30,30,29,22,
799,0,7,0,1,2,3,2,9,10,11,10,10,3,4,5,6,5,6,13,6,13,6,5,4,3,2,9,2,1,2,
800,0,7,14,15,22,23,30,31,30,37,38,45,38,45,44,45,38,45,38,37,44,45,46,45,46,45,46,47,40,47,
801,0,1,2,1,2,3,2,1,8,7,14,15,22,15,16,23,16,9,10,10,9,8,9,8,9,10,9,10,9,2,
802,0,1,2,3,4,3,2,9,10,10,11,12,11,10,11,10,11,18,17,10,11,10,10,9,8,1,8,1,0,7,
803,0,7,8,7,0,1,8,1,0,7,14,21,22,29,30,31,30,37,30,37,44,43,36,37,38,45,46,45,44,43,
804,0,1,8,7,8,9,10,10,17,16,23,30,31,38,37,36,29,30,37,44,43,42,43,42,35,28,35,28,29,30,
805,0,1,8,15,16,17,16,9,16,9,16,23,30,30,30,30,30,37,38,45,46,45,44,45,44,43,44,43,36,43,
806,0,7,14,21,22,23,22,23,30,31,24,25,18,19,20,19,20,27,20,19,18,19,26,25,24,25,32,39,40,47,
807,0,7,14,7,0,7,8,9,16,17,10,9,10,9,16,23,16,15,16,23,30,31,30,31,30,30,30,30,23,22,
808,0,7,14,15,16,9,16,23,22,23,30,37,44,43,44,45,44,37,30,30,37,30,37,44,43,36,29,30,30,23,
809,0,1,0,7,14,7,14,7,8,15,14,7,14,7,14,7,8,9,16,23,22,23,16,9,16,15,22,23,24,31,
810,0,7,8,7,0,1,8,15,14,15,22,23,24,23,30,29,36,43,42,43,44,37,44,37,36,35,28,29,30,23,
811,0,1,8,1,0,1,2,1,0,7,0,7,0,7,0,1,0,1,8,9,16,23,30,37,44,37,30,23,22,21,
812,0,7,14,7,8,1,0,1,0,7,8,1,2,1,2,3,4,3,2,3,2,1,2,9,16,23,22,23,30,31,
813,0,7,0,1,0,7,0,7,14,15,22,23,16,9,2,3,4,11,10,17,16,23,16,23,22,23,24,25,26,19,
814,0,1,0,1,8,1,2,3,10,10,9,2,1,2,1,0,7,0,7,14,15,22,15,8,1,0,1,8,1,0,
815,0,1,8,15,16,17,24,31,32,39,38,31,30,29,28,35,28,35,28,29,30,30,30,23,30,30,23,30,37,30,
816,0,7,8,1,2,9,16,17,16,15,22,23,30,30,30,23,22,29,28,35,28,35,36,37,38,45,44,45,44,37,
817,0,1,0,7,14,15,16,23,30,37,36,37,30,29,30,30,23,24,31,24,17,24,31,38,45,38,39,46,45,46,
818,0,7,0,7,0,1,8,9,16,23,24,23,30,31,30,29,30,30,23,30,29,28,35,42,43,44,37,38,45,44,
819,0,7,14,15,22,15,16,23,16,23,24,25,24,23,16,23,22,23,30,30,31,38,45,44,43,42,35,28,29,30,
820,0,1,2,3,4,11,4,5,4,11,10,11,12,11,12,11,10,17,16,15,14,7,8,15,14,21,14,7,0,1,
821,0,7,8,9,16,23,22,23,30,37,30,31,30,29,30,37,38,45,46,39,46,45,44,43,42,35,42,43,42,43,
822,0,1,8,9,16,9,16,23,16,23,30,29,36,37,36,37,44,43,44,45,46,47,46,45,44,37,44,37,30,37,
823,0,1,8,15,16,23,30,30,30,31,30,30,30,29,30,29,30,30,31,30,30,37,30,23,30,30,31,24,23,24,
824,0,1,0,1,2,1,0,7,8,15,22,23,22,23,16,9,8,1,8,1,0,7,0,1,0,1,8,1,2,1,
825,0,7,0,7,0,7,0,7,14,7,0,7,8,9,16,23,30,30,29,30,29,22,21,14,7,14,21,28,21,28,
826,0,7,8,9,16,15,16,23,30,30,30,29,28,29,30,30,30,37,30,30,31,30,29,36,37,36,37,38,31,38,
827,0,1,2,9,2,1,8,9,16,17,10,3,2,9,8,9,16,9,16,23,30,29,30,29,30,23,22,23,22,29,
828,0,7,0,7,8,1,0,1,2,3,10,11,10,11,10,3,10,10,10,10,11,10,17,16,23,16,9,10,11,10,
829,0,7,8,1,0,7,0,1,8,7,8,9,2,9,16,9,16,15,16,17,24,23,16,15,22,23,16,23,22,23,
830,0,1,0,1,2,9,16,23,30,29,36,37,44,37,30,30,37,38,37,30,30,31,38,31,30,30,30,30,30,30,
831,0,1,0,7,8,9,16,23,22,23,30,37,30,31,24,17,16,15,14,7,14,15,16,17,24,17,18,11,18,25,
832,0,1,8,1,8,9,16,9,2,3,10,3,2,3,10,10,10,9,2,3,4,11,10,10,11,4,11,10,10,17,
833,0,1,0,7,0,1,8,1,8,9,8,15,14,7,8,9,10,3,2,1,2,1,2,9,8,15,16,23,24,17,
834,0,7,0,1,8,9,2,1,8,1,2,9,16,23,22,23,16,23,30,30,30,29,36,29,22,15,8,9,8,9,
835,0,1,2,3,2,1,2,1,0,1,8,15,22,15,16,23,30,37,30,30,37,38,31,32,39,46,39,32,33,40,
836,0,1,8,15,22,23,30,37,36,37,30,30,31,30,31,30,31,30,31,30,31,30,37,30,30,37,38,45,44,45,
837,0,7,8,15,16,17,16,9,16,23,30,30,30,31,30,31,24,17,10,10,17,16,23,16,23,16,15,14,15,16,
838,0,1,8,7,14,21,14,7,0,7,14,21,14,15,22,23,16,15,16,23,16,23,30,29,36,37,30,30,37,38,
839,0,1,2,3,2,3,4,5,6,5,12,19,12,11,12,13,6,13,20,19,20,27,20,19,12,11,18,11,12,5,
840,0,1,2,3,2,1,0,7,0,7,8,1,2,3,4,5,4,11,10,9,8,7,14,15,16,17,16,23,30,30,
841,0,7,14,15,16,15,16,17,16,23,24,23,30,30,31,24,23,24,23,30,23,30,23,30,37,44,43,44,45,44,
842,0,1,0,1,8,9,16,23,24,23,22,23,30,29,28,29,30,30,37,38,31,38,37,44,43,42,42,43,44,45,
843,0,1,0,7,0,1,2,3,10,11,12,5,12,5,4,3,2,3,2,9,2,9,16,23,30,31,38,31,38,45,
844,0,7,0,7,8,1,0,7,8,9,16,23,30,37,44,45,46,39,38,45,44,43,44,45,44,43,42,43,36,35,
845,0,7,14,21,14,21,28,29,28,35,28,29,30,31,32,39,32,31,30,23,30,31,32,33,26,27,34,41,40,39,
846,0,7,0,7,0,7,14,21,28,29,22,29,22,23,30,23,24,23,30,29,30,37,30,30,29,22,15,16,17,18,
847,0,7,8,9,16,9,2,3,4,5,6,5,4,3,4,3,10,17,16,17,16,15,16,23,30,37,38,39,46,47,
848,0,1,8,7,14,7,14,7,14,7,0,1,2,1,8,1,8,9,2,1,0,7,0,7,8,7,0,1,2,1,
849,0,7,14,21,28,29,30,23,24,23,22,15,14,21,28,35,42,43,44,37,44,37,30,37,38,39,46,45,46,39,
850,0,1,8,9,2,9,8,1,8,9,8,15,16,15,16,23,30,31,38,31,38,45,38,37,36,35,36,37,30,29,
851,0,1,2,9,16,15,16,23,24,23,30,31,38,45,38,37,30,37,30,29,30,37,30,37,30,37,36,35,42,43,
852,0,1,8,1,2,1,2,9,2,3,2,9,10,17,16,23,16,9,16,17,16,9,10,10,10,11,12,11,10,3,
853,0,1,2,1,0,1,0,1,2,1,2,3,4,5,4,5,6,13,20,19,20,19,20,19,12,11,18,11,4,3,
854,0,1,2,1,0,1,8,9,10,3,4,11,12,13,12,11,18,11,4,5,4,5,6,5,4,3,4,11,10,11,
855,0,1,2,1,0,7,8,9,16,15,14,15,22,15,14,15,8,15,16,23,24,31,24,23,16,23,30,31,30,29,
856,0,1,0,1,8,7,14,7,0,7,8,9,16,9,16,15,16,23,22,21,14,15,8,1,8,15,16,23,22,21,
857,0,7,14,15,16,15,8,9,16,23,16,17,18,11,4,3,10,3,2,3,2,3,2,1,8,7,0,7,0,1,
858,0,1,8,7,8,9,16,9,8,1,8,7,8,9,10,3,10,10,3,4,3,2,9,10,3,10,3,10,17,16,
859,0,1,2,1,8,7,8,1,2,9,2,1,0,7,14,7,14,15,16,23,16,17,24,31,32,33,40,47,48,
860,0,7,8,15,16,17,16,23,30,30,31,24,23,30,30,23,22,29,30,30,31,30,31,30,29,30,31,30,23,30,
861,0,7,8,9,10,3,4,5,4,3,4,11,4,11,10,10,11,10,3,10,11,10,17,16,23,24,25,32,25,32,
862,0,7,8,15,16,17,16,23,30,30,31,24,31,24,25,32,25,24,31,30,30,23,24,17,16,15,16,23,24,23,
863,0,7,0,1,8,9,16,23,22,23,16,23,22,21,22,23,24,31,38,37,30,30,30,30,29,22,23,22,23,24,
864,0,1,8,9,2,9,16,17,18,11,12,11,12,19,20,19,12,11,4,3,2,1,0,7,8,1,2,1,8,1,
865,0,1,0,7,8,9,10,17,18,11,10,10,10,17,16,23,22,29,30,30,23,24,17,16,9,16,23,22,23,24,
866,0,1,0,7,0,1,0,7,14,15,16,23,24,25,18,19,12,5,4,3,10,11,12,11,10,10,11,10,9,16,
867,0,7,8,7,14,15,8,7,0,1,0,7,14,7,14,7,8,9,16,17,16,15,16,9,10,17,18,11,4,11,
868,0,7,8,9,2,1,2,9,2,9,8,9,2,1,2,1,0,1,0,7,8,9,8,9,16,23,30,37,30,37,
869,0,1,2,1,2,3,10,11,10,9,2,3,10,17,16,23,30,37,38,45,46,45,38,39,46,47,48,
870,0,1,0,1,8,9,10,9,16,17,10,17,10,3,10,10,17,10,11,4,11,10,10,10,10,11,10,17,10,10,
871,0,7,8,9,8,9,8,15,22,15,22,23,16,17,16,17,16,23,30,37,44,37,38,45,44,37,44,37,36,37,
872,0,1,0,7,14,21,22,23,30,30,30,23,24,23,30,30,29,28,21,14,7,14,21,14,21,22,29,22,15,8,
873,0,1,8,9,16,15,16,23,24,31,30,30,31,32,39,40,41,40,39,46,47,48,
874,0,7,14,21,22,23,30,30,30,30,30,30,37,38,45,44,37,30,30,30,30,23,16,23,30,37,30,23,30,29,
875,0,1,2,1,0,7,8,9,16,15,14,15,8,1,2,1,2,3,4,5,6,13,6,5,12,11,10,10,11,12,
876,0,7,8,9,16,15,16,23,24,31,24,23,30,31,38,45,46,47,48,
877,0,1,0,7,14,15,22,15,22,29,30,30,31,38,45,44,45,46,45,38,45,38,45,44,43,44,43,36,43,36,
878,0,1,0,7,0,7,0,1,2,1,0,1,2,1,8,7,0,7,14,21,14,21,22,23,30,30,29,36,37,38,
879,0,1,2,3,10,3,10,11,12,13,12,5,12,11,10,17,16,17,16,23,30,30,37,30,37,30,29,30,29,28,
880,0,1,0,7,14,15,16,23,30,23,30,30,31,30,30,30,29,22,29,28,21,14,7,14,21,14,15,14,21,22,
881,0,1,0,1,0,7,14,7,14,21,28,35,28,21,22,21,14,21,14,21,14,21,28,21,28,29,30,30,30,30,
882,0,1,2,3,10,11,4,11,10,10,3,10,11,10,3,10,11,4,5,4,5,6,13,20,27,34,27,26,19,12,
883,0,1,8,9,16,9,16,9,2,3,2,3,2,9,10,9,10,3,10,10,10,17,18,17,16,23,16,15,16,9,
884,0,7,8,9,16,23,30,23,22,23,30,30,29,30,37,38,45,44,45,44,37,36,29,28,29,30,23,30,29,30,
885,0,7,0,1,0,1,8,9,10,10,10,3,4,3,10,10,17,16,23,30,23,24,23,30,31,30,23,30,29,30,
886,0,7,0,7,8,9,8,7,8,9,16,23,30,30,30,30,31,38,45,38,31,30,23,24,17,16,15,8,9,16,
887,0,1,0,7,0,1,0,7,14,7,14,15,22,23,30,31,38,45,46,39,40,47,40,47,46,39,46,45,38,39,
888,0,7,8,1,8,15,16,17,10,10,9,16,23,30,30,37,30,30,37,30,37,36,35,42,35,28,29,30,23,30,
889,0,7,0,7,8,15,14,21,14,7,14,7,14,7,8,9,10,17,24,25,32,25,24,23,30,31,30,23,16,23,
890,0,1,8,7,8,7,0,1,2,3,2,3,2,3,10,3,10,3,10,17,10,3,2,9,16,23,24,25,32,39,
891,0,1,2,1,8,9,10,10,17,16,23,30,30,37,30,31,30,31,38,45,38,45,46,39,46,45,46,47,40,47,
892,0,1,2,1,0,1,8,9,2,1,2,1,2,3,2,3,10,17,10,9,10,11,4,11,10,9,2,1,0,1,
893,0,1,8,1,8,7,0,7,8,7,14,21,14,7,14,21,22,23,24,31,24,17,24,25,32,39,46,39,38,45,
894,0,1,8,1,2,3,10,3,10,17,16,23,30,29,28,29,28,35,42,35,42,35,36,35,28,21,22,15,16,23,
895,0,1,2,9,16,23,22,23,30,31,32,33,26,19,18,11,10,9,10,10,17,10,10,10,10,10,10,17,16,23,
896,0,7,14,15,14,15,16,9,16,17,16,9,16,23,30,37,38,31,30,29,30,31,38,37,44,37,44,37,30,30,
897,0,7,14,7,0,7,14,15,14,21,28,35,28,35,36,37,30,29,28,21,28,29,30,29,22,29,36,37,30,37,
898,0,1,8,9,16,23,30,31,30,37,36,37,38,45,44,37,30,37,30,23,24,31,38,37,38,37,30,23,30,31,
899,0,1,8,7,8,15,8,7,0,7,0,1,0,7,0,7,8,1,8,9,8,1,2,1,8,9,2,9,8,1,
900,0,7,0,1,2,9,10,17,16,23,24,23,30,29,30,29,30,37,30,23,22,15,16,23,24,31,30,31,30,23,
901,0,1,8,9,8,7,0,7,0,1,8,7,8,7,8,15,14,15,22,15,14,15,22,15,22,23,30,29,30,23,
902,0,1,2,1,2,1,0,1,8,7,14,7,14,15,16,23,30,31,32,31,30,30,23,30,31,32,39,46,45,38,
903,0,1,2,1,0,7,8,15,14,15,16,23,30,29,28,29,30,23,30,23,30,30,23,24,23,30,30,30,29,28,
904,0,7,14,21,28,29,28,29,30,30,23,16,17,24,23,30,23,24,23,22,21,14,21,22,15,16,9,8,7,0,
905,0,1,0,1,8,15,16,23,30,30,30,29,30,23,24,31,38,39,38,45,46,47,48,
906,0,1,8,7,14,7,8,9,16,23,30,31,32,39,40,47,40,41,34,41,48,
907,0,7,8,9,10,10,10,11,10,11,10,10,10,3,4,11,10,17,10,9,16,17,16,15,16,17,10,3,10,17,
908,0,1,0,7,0,7,8,7,0,7,8,9,8,9,2,1,2,1,0,1,8,7,0,1,2,1,2,3,2,9,
909,0,7,8,9,2,3,10,3,10,10,10,9,10,11,10,9,16,23,30,30,31,32,39,46,47,40,47,46,45,38,
910,0,7,8,15,22,29,28,29,30,30,37,30,29,30,29,28,29,30,23,24,23,30,23,30,29,28,35,42,35,36,
911,0,7,8,9,16,15,14,7,0,7,14,15,16,9,16,17,18,19,12,5,4,5,12,11,12,13,20,27,20,19,
912,0,7,8,7,0,1,8,9,8,9,8,1,0,7,0,7,8,9,16,23,30,23,30,31,30,23,24,31,30,29,
913,0,1,2,1,0,1,8,1,8,1,8,7,0,1,8,9,8,9,16,23,16,15,22,23,30,29,28,21,28,35,
914,0,7,8,9,2,3,4,11,10,11,18,25,18,11,10,10,9,8,9,2,3,2,3,2,9,2,3,2,1,2,
915,0,7,0,1,0,1,8,1,2,1,0,1,8,1,0,7,8,15,22,23,16,23,30,30,31,30,30,30,29,28,
916,0,7,0,1,0,7,0,1,2,3,2,9,8,7,14,7,8,7,14,21,22,23,30,29,30,29,28,21,28,21,
917,0,7,0,1,2,1,2,1,0,7,14,7,14,21,28,29,30,31,38,45,44,43,44,37,38,39,46,47,40,41,
918,0,1,2,1,2,1,0,1,0,7,0,7,0,1,2,9,16,23,30,23,24,25,32,39,40,41,34,33,34,41,
919,0,7,0,1,0,1,2,3,10,10,17,24,31,24,25,32,31,30,29,22,23,16,23,30,31,32,39,46,39,32,
920,0,7,0,1,2,3,10,10,17,16,15,16,23,30,30,37,30,29,30,37,30,29,30,23,30,29,30,23,16,23,
921,0,1,8,9,2,1,0,1,2,3,4,5,12,19,26,33,40,47,46,45,38,45,46,39,32,39,46,39,46,39,
922,0,7,14,7,0,7,0,1,8,7,14,7,14,15,22,23,30,23,30,37,36,43,36,37,36,43,44,37,36,37,
923,0,1,2,1,8,1,2,9,10,10,17,16,23,30,29,30,31,30,30,29,30,37,36,29,30,31,30,29,30,23,
924,0,1,2,1,0,7,0,7,8,9,16,15,22,29,30,37,30,31,38,37,38,45,46,45,38,45,46,47,40,47,
925,0,7,14,15,16,17,18,11,10,17,16,9,8,7,0,1,2,3,4,5,12,11,10,9,16,9,2,3,4,5,
926,0,7,0,7,8,9,16,23,16,9,8,1,0,7,8,9,10,10,10,9,8,9,16,15,8,1,8,7,0,1,
927,0,1,2,3,2,9,16,9,10,10,10,17,16,9,10,10,17,16,23,22,29,30,23,30,23,22,23,22,23,30,
928,0,7,0,7,0,7,14,15,14,15,16,23,22,15,16,17,16,17,10,17,24,31,38,39,46,45,38,39,40,47,
929,0,7,0,7,0,1,8,7,14,15,16,9,16,23,30,31,30,37,44,37,36,37,30,30,31,30,30,30,23,16,
930,0,1,0,1,2,9,10,11,12,5,6,13,6,5,12,11,12,11,10,10,9,16,23,30,23,24,25,32,31,32,
931,0,1,2,3,10,10,9,16,23,30,37,44,37,44,45,38,31,30,29,30,30,23,30,31,24,17,24,23,24,31,
932,0,7,14,21,28,21,22,21,28,29,30,37,30,29,30,30,30,30,37,36,43,44,43,44,45,38,37,44,37,36,
933,0,7,8,9,8,7,0,7,8,1,8,9,16,15,14,7,14,7,0,1,8,9,10,17,16,15,8,15,16,9,
934,0,7,8,9,10,3,10,10,3,4,3,2,9,10,11,10,9,8,9,8,9,16,17,16,15,22,23,30,31,32,
935,0,1,8,1,2,1,8,15,8,9,16,15,16,23,22,15,16,9,10,10,9,16,15,16,9,8,15,16,17,18,
936,0,7,8,9,16,23,16,23,24,25,32,31,30,30,31,24,25,24,23,16,23,24,31,30,29,30,30,30,37,38,
937,0,7,0,7,0,1,8,1,2,3,2,9,10,10,10,3,4,11,4,11,12,19,18,19,20,13,6,13,6,13,
938,0,7,8,9,8,1,2,3,4,11,4,3,10,10,11,10,10,3,10,10,17,16,15,22,23,30,23,24,17,24,
939,0,1,8,15,16,23,30,30,23,16,17,10,3,4,11,18,17,16,23,30,29,30,30,37,44,37,30,37,30,30,
940,0,7,14,7,8,7,14,21,22,29,30,37,38,45,46,45,44,43,42,35,42,35,36,37,30,31,30,31,32,39,
941,0,1,0,1,2,1,0,1,2,3,2,3,4,3,4,5,4,5,4,11,10,10,10,10,17,16,23,22,23,30,
942,0,1,2,1,0,7,8,7,14,15,22,23,22,23,16,17,16,17,16,9,8,7,14,21,22,21,14,15,16,15,
943,0,1,0,7,8,1,8,1,2,1,8,15,16,23,30,23,30,30,37,44,45,46,39,40,41,48,
944,0,7,0,1,8,15,16,15,14,21,22,23,30,30,23,30,31,30,29,30,31,30,37,30,37,30,30,30,30,23,
945,0,1,0,1,2,1,0,7,14,21,22,23,30,29,30,23,16,23,22,21,28,29,22,21,14,7,14,7,0,1,
946,0,7,8,15,16,23,16,23,24,23,16,15,16,9,16,23,30,37,38,39,46,45,38,31,30,23,30,30,29,36,
947,0,1,0,1,8,7,0,1,8,9,16,15,14,7,8,9,16,23,22,23,30,30,37,38,45,46,39,46,39,46,
948,0,1,8,7,8,9,16,17,18,17,24,31,24,17,10,10,9,2,3,4,5,12,11,10,10,10,3,4,11,18,
949,0,1,8,1,8,9,2,1,0,7,14,21,28,35,36,37,30,29,28,29,30,23,16,9,16,9,16,9,16,17,
950,0,1,0,7,14,15,8,9,10,17,16,23,30,29,30,37,30,37,38,45,44,37,30,30,30,30,30,29,30,30,
951,0,1,0,7,0,7,8,15,14,7,14,15,8,9,16,15,16,23,30,31,24,31,30,37,30,31,24,17,16,23,
952,0,7,14,7,8,7,8,9,2,1,2,1,2,3,4,11,10,17,24,23,30,23,16,15,16,17,10,3,10,9,
953,0,7,14,7,14,15,16,17,16,9,16,23,30,29,28,35,42,35,28,21,28,21,28,29,28,29,28,35,42,35,
954,0,7,14,21,28,21,28,29,30,31,30,23,24,23,22,21,22,23,30,30,30,37,30,37,44,45,44,37,44,43,
955,0,7,14,15,22,23,16,23,30,37,30,31,30,23,16,15,8,15,16,17,18,19,12,11,18,11,4,5,12,11,
956,0,7,0,7,8,9,16,15,16,23,30,30,30,30,29,22,29,30,29,30,23,30,37,38,45,46,47,46,45,46,
957,0,7,8,1,8,9,10,10,11,18,19,18,19,12,19,12,19,20,13,6,13,6,5,12,5,12,11,10,17,18,
958,0,1,0,1,2,3,4,11,18,11,18,17,16,15,16,23,30,23,30,23,30,29,30,30,23,24,23,30,37,44,
959,0,7,8,9,16,23,30,30,30,30,30,23,30,37,38,37,30,30,23,30,30,31,30,23,16,23,22,21,28,29,
960,0,1,2,3,2,1,2,3,4,11,12,11,10,10,11,12,5,12,11,18,19,12,5,12,5,6,13,20,13,20,
961,0,7,8,9,16,23,16,17,16,17,16,23,30,30,29,30,23,30,31,30,29,22,29,22,21,14,15,16,23,30,
962,0,1,2,9,10,17,16,23,24,23,30,23,16,23,30,30,30,30,30,30,30,23,22,23,30,23,24,25,26,33,
963,0,1,2,1,2,9,16,17,24,25,32,31,38,45,44,37,36,43,36,37,30,23,30,37,30,30,23,30,29,28,
964,0,7,0,7,8,7,0,1,0,7,14,15,16,23,30,30,30,30,23,30,30,23,16,23,30,30,37,30,30,30,
965,0,1,0,1,2,9,2,3,2,3,10,10,17,24,17,16,23,24,31,38,37,38,37,38,39,46,47,48,
966,0,7,8,7,8,9,10,10,17,16,9,8,9,16,17,16,15,16,23,22,15,16,15,14,21,14,7,14,21,14,
967,0,1,2,3,2,3,2,3,10,11,12,5,12,11,18,19,20,27,20,27,20,19,12,19,12,11,10,10,10,17,
968,0,7,0,7,14,15,8,9,10,3,2,9,16,23,24,23,22,21,22,23,30,37,30,31,30,23,24,23,30,23,
969,0,1,0,7,14,21,22,29,36,43,44,45,44,37,36,37,44,45,46,39,38,39,38,45,44,43,42,42,43,44,
970,0,7,14,21,28,35,36,37,38,45,46,39,32,33,40,33,40,41,40,47,48,
971,0,7,8,9,8,9,2,3,4,3,2,1,8,15,16,17,18,11,10,3,2,3,10,11,10,10,10,11,10,11,
972,0,7,14,7,8,9,16,17,16,23,30,37,30,30,23,30,30,30,30,23,24,23,24,23,30,30,29,30,31,38,
973,0,7,14,7,8,9,8,9,2,1,0,7,14,7,0,7,14,7,8,9,10,9,8,9,10,9,2,1,8,9,
974,0,1,8,1,2,1,0,1,2,9,8,7,8,9,16,23,24,31,30,30,23,24,23,16,15,14,15,8,15,16,
975,0,1,2,1,2,1,0,7,8,9,2,9,16,23,30,23,22,29,28,35,28,29,30,30,29,22,15,16,23,24,
976,0,1,2,1,8,9,16,15,14,21,22,23,16,23,22,15,22,23,16,23,30,30,30,23,30,30,29,22,29,30,
977,0,7,14,7,0,1,2,9,2,9,10,17,16,17,24,25,24,23,22,23,24,31,32,39,46,39,38,45,46,39,
978,0,1,0,7,0,7,0,1,0,1,0,1,0,1,8,9,2,1,2,9,16,15,22,29,36,43,42,43,44,43,
979,0,7,8,1,0,1,0,7,14,15,22,21,22,23,16,23,16,23,22,23,16,23,16,17,10,10,3,2,9,16,
980,0,1,2,9,2,1,8,15,14,7,14,21,28,29,28,21,22,23,30,37,30,37,44,37,36,37,44,43,36,37,
981,0,1,2,9,2,9,16,23,30,30,37,44,45,46,47,46,45,44,37,30,23,22,29,28,21,28,21,28,35,42,
982,0,7,0,1,0,7,8,1,0,7,8,15,8,1,0,7,8,9,16,23,24,17,16,17,24,17,16,17,16,9,
983,0,1,8,9,16,15,16,15,8,7,8,9,16,15,22,29,30,37,30,30,37,44,45,46,39,46,45,44,43,36,
984,0,7,0,7,8,9,8,9,16,23,22,23,30,37,30,31,30,23,16,17,24,25,32,39,46,39,40,39,46,47,
985,0,7,14,7,8,9,16,23,22,15,16,23,24,25,32,39,40,33,40,33,34,33,40,33,32,31,32,39,40,33,
986,0,1,2,3,4,3,2,3,4,11,10,11,12,11,10,17,16,23,24,23,30,29,22,21,14,21,22,21,28,21,
987,0,1,8,1,0,1,8,9,8,9,16,17,18,25,18,19,26,25,18,11,10,17,10,9,16,15,14,15,14,7,
988,0,7,14,15,14,7,0,1,0,1,2,1,8,1,2,1,0,1,2,3,10,10,10,11,4,11,10,10,10,17,
989,0,7,0,1,2,1,0,7,0,7,14,7,0,7,8,1,0,7,14,21,22,15,16,9,10,10,3,10,9,16,
990,0,7,0,1,0,7,0,1,2,1,0,1,0,7,8,9,8,1,0,7,0,1,2,3,2,3,10,10,9,8,
991,0,7,8,9,8,1,2,3,2,9,16,23,30,37,30,31,32,31,38,39,46,39,38,45,44,43,36,29,30,31,
992,0,7,14,21,14,7,0,7,14,15,8,1,2,3,4,5,12,11,10,10,9,16,23,24,23,24,23,24,23,30,
993,0,1,8,15,22,15,14,7,14,7,0,7,0,1,8,9,16,23,30,30,31,30,23,30,29,30,30,29,30,23,
994,0,7,14,7,14,15,22,23,16,23,30,37,30,37,30,30,23,30,30,30,29,30,29,30,30,30,37,38,39,40,
995,0,7,14,7,14,21,22,23,30,37,38,45,38,37,36,37,30,30,23,30,31,24,17,16,23,30,23,16,17,24,
996,0,7,14,7,14,21,28,29,30,29,36,43,42,43,36,35,28,21,28,21,28,29,36,37,30,30,37,30,31,32,
997,0,1,2,9,2,1,2,9,16,23,24,23,30,29,30,29,30,30,37,30,29,30,23,24,23,30,30,37,30,31,
998,0,7,0,1,2,3,10,9,8,7,8,9,16,23,30,23,30,23,24,23,22,21,14,7,14,7,0,7,0,7,
999,0,1,8,9,8,9,16,15,16,23,16,23,30,37,30,29,30,31,30,30,31,32,33,34,33,40,41,48,
