0,0,1,2,9,16,17,24,18,23,15,14,7,21,8,
1,0,7,14,1,8,9,21,28,22,23,16,24,17,
2,0,1,2,3,10,11,4,18,25,24,23,16,19,5,12,13,
3,0,1,2,3,8,15,16,9,14,23,30,37,36,29,22,
4,0,1,8,2,9,7,15,16,23,
5,0,7,8,1,2,9,10,11,18,25,26,33,32,34,39,40,41,47,48,
6,0,7,14,15,16,9,2,1,8,17,24,25,18,11,4,12,5,19,
7,0,7,14,15,16,8,23,30,37,44,43,42,36,29,38,31,
8,0,7,14,21,28,35,15,8,16,17,23,24,31,32,39,40,41,34,48,
9,0,7,8,15,16,17,23,22,21,28,35,36,
10,0,7,14,1,15,8,9,16,23,17,
11,0,7,14,8,15,9,16,10,11,18,17,22,21,28,35,
12,0,1,2,9,16,8,15,23,14,7,
13,0,7,14,21,15,28,35,29,36,43,42,37,
14,0,7,14,1,2,8,3,4,5,12,11,18,19,
15,0,7,14,21,28,29,36,43,42,30,23,16,15,22,
16,0,7,14,15,16,17,23,8,30,29,36,37,31,24,
17,0,7,8,15,16,23,24,17,10,11,18,25,26,27,20,19,33,
18,0,7,1,8,15,16,9,2,3,4,5,12,13,11,18,19,
19,0,1,8,15,7,14,21,28,29,22,16,9,10,
20,0,1,8,15,14,21,28,29,30,31,23,16,9,17,24,32,25,18,19,26,33,40,47,48,
21,0,1,7,8,9,16,23,17,10,2,15,
22,0,1,8,7,15,14,16,9,10,
23,0,1,2,9,3,8,15,16,23,17,18,25,19,
24,0,7,14,15,8,1,2,9,10,11,4,3,16,
25,0,1,2,9,10,17,16,23,15,22,29,30,31,37,38,39,36,35,28,21,
26,0,7,8,9,1,2,10,3,15,16,17,24,23,
27,0,7,8,14,15,1,2,3,10,17,16,9,
28,0,7,8,1,15,16,22,29,30,36,37,44,45,38,31,24,
29,0,1,8,15,22,2,7,14,21,3,
30,0,1,8,9,16,23,24,17,10,3,4,5,12,13,20,19,26,33,32,31,38,
31,0,7,1,8,15,16,9,10,2,23,30,22,
32,0,7,14,15,8,16,9,17,24,10,
33,0,7,14,15,8,16,9,10,17,18,11,12,23,22,
34,0,1,2,8,9,16,23,30,31,32,39,33,40,47,46,45,38,37,44,43,42,
35,0,7,14,21,22,15,8,9,16,17,23,30,24,31,38,39,32,37,36,
36,0,7,8,15,16,17,18,25,19,20,13,12,11,10,3,
37,0,1,2,8,15,14,21,28,29,22,16,23,17,
38,0,1,8,7,15,16,22,17,24,9,
39,0,7,8,15,16,9,10,22,29,30,31,32,25,39,40,33,26,47,46,41,
40,0,7,14,21,22,29,36,30,23,16,15,8,1,2,9,
41,0,7,14,21,28,35,42,43,36,37,38,30,29,
42,0,1,8,7,15,16,17,
43,0,7,14,21,22,15,16,17,8,24,23,
44,0,1,2,8,15,16,9,7,3,10,14,22,29,36,37,
45,0,7,14,21,28,35,42,43,44,37,30,23,24,25,22,15,16,8,1,9,10,3,4,11,
46,0,7,8,15,16,23,9,2,1,14,3,4,11,
47,0,7,8,9,16,15,17,24,23,30,29,22,10,3,2,
48,0,7,8,15,14,21,28,35,42,43,44,45,38,37,30,
49,0,1,8,7,14,15,9,10,11,12,13,20,5,6,19,26,33,32,39,31,
50,0,1,2,9,16,3,17,10,8,7,4,
51,0,1,8,9,2,10,11,16,17,23,22,29,28,30,
52,0,7,1,8,9,16,23,17,10,3,4,2,15,24,25,18,11,
53,0,7,8,9,16,23,24,25,18,11,10,17,3,4,5,12,15,14,
54,0,1,8,15,16,23,24,22,17,10,9,
55,0,1,8,9,2,3,10,11,4,15,16,
56,0,1,8,9,16,10,3,17,15,14,7,
57,0,7,8,15,16,23,24,9,14,
58,0,7,8,1,2,3,4,11,12,13,20,19,18,25,10,9,16,17,24,
59,0,7,1,2,3,10,9,16,15,14,17,23,24,
60,0,7,8,9,2,3,10,16,15,23,24,22,14,21,
61,0,1,8,9,16,17,24,25,23,30,37,44,43,42,36,29,28,35,
62,0,1,8,7,15,16,9,17,23,10,11,4,3,5,
63,0,1,8,15,16,23,24,30,31,7,14,
64,0,7,8,14,1,2,9,16,23,17,18,11,12,5,6,13,20,19,
65,0,1,2,9,16,23,22,17,10,11,8,7,14,21,28,35,36,37,38,
66,0,7,14,15,16,17,10,11,12,19,18,3,25,26,5,
67,0,7,8,9,1,16,17,10,15,2,3,
68,0,1,8,7,9,2,3,16,14,
69,0,7,14,15,16,8,21,22,9,2,3,4,5,12,11,6,
70,0,1,7,14,15,8,9,16,23,17,10,11,4,12,19,
71,0,7,14,15,8,21,28,29,35,30,23,22,24,31,16,17,
72,0,7,8,14,15,16,17,18,19,25,26,12,20,11,10,
73,0,7,8,9,10,2,1,15,14,21,
74,0,7,14,15,16,23,8,22,29,36,30,37,44,45,46,
75,0,7,8,15,14,16,23,24,25,22,17,9,10,11,
76,0,7,1,8,9,15,22,23,24,16,17,18,11,10,
77,0,1,2,9,16,15,14,8,10,17,23,22,29,
78,0,7,14,8,15,16,9,23,17,22,
79,0,1,2,3,4,11,10,17,16,18,9,23,24,31,32,25,
80,0,7,1,8,14,15,22,29,30,37,44,45,43,38,
81,0,7,1,8,2,3,4,9,16,17,24,25,18,19,12,13,5,11,10,
82,0,1,8,7,14,21,28,29,22,15,23,16,
83,0,1,8,7,2,9,3,10,4,11,18,25,24,23,30,37,44,45,38,46,39,
84,0,1,8,9,16,23,15,17,24,30,37,38,44,36,29,
85,0,1,8,15,22,23,16,17,18,25,11,12,5,6,4,3,10,9,2,
86,0,7,14,21,22,29,36,37,44,43,30,23,16,15,
87,0,7,1,14,8,9,16,15,22,23,24,29,28,35,36,
88,0,1,8,9,10,11,17,18,25,32,31,30,29,28,21,14,15,22,23,24,37,38,39,46,
89,0,1,2,9,16,23,24,25,18,11,10,3,4,12,
90,0,1,7,8,9,10,11,12,19,16,23,17,
91,0,1,2,3,9,16,17,18,11,19,26,33,40,32,25,10,
92,0,7,14,8,15,21,22,23,16,28,35,42,
93,0,1,2,9,16,15,8,17,18,10,3,23,24,
94,0,7,14,8,9,16,17,10,15,3,4,
95,0,7,14,15,16,23,17,18,11,10,30,31,29,22,
96,0,1,2,3,9,4,10,17,16,15,23,24,
97,0,7,14,8,9,16,15,23,10,3,2,17,11,
98,0,1,2,8,7,14,21,28,22,23,30,37,36,29,43,31,
99,0,7,8,1,9,15,14,2,3,10,11,4,18,17,24,
100,0,7,14,8,1,15,9,10,17,16,23,24,22,29,30,37,36,31,38,
101,0,7,14,8,9,16,15,2,1,
102,0,1,2,3,4,11,10,18,19,12,17,
103,0,1,2,3,9,16,17,15,14,21,28,35,42,43,44,
104,0,1,7,8,9,14,21,22,29,28,35,42,43,36,37,44,38,45,
105,0,7,8,15,14,21,22,16,1,9,23,
106,0,1,7,14,21,15,16,23,24,22,17,9,
107,0,1,7,8,9,16,17,10,24,31,30,23,15,14,
108,0,1,2,3,4,11,10,9,8,16,17,
109,0,7,8,1,2,9,16,15,14,21,28,35,36,29,22,30,37,23,
110,0,1,8,9,10,17,24,31,30,29,28,21,35,42,37,38,45,44,
111,0,7,14,8,9,16,17,10,15,
112,0,7,14,15,16,23,30,9,10,17,18,11,4,
113,0,1,8,7,14,15,22,23,16,9,2,3,
114,0,1,2,3,4,11,10,9,8,7,
115,0,1,2,9,16,23,24,31,17,18,11,4,3,10,
116,0,7,8,14,21,15,16,17,22,23,9,
117,0,7,14,21,28,35,42,36,37,38,39,46,45,31,30,23,16,9,15,8,10,17,
118,0,1,8,9,16,23,22,29,28,30,15,17,18,11,24,
119,0,7,8,15,16,17,9,2,24,23,22,30,31,37,44,43,36,
120,0,1,8,9,16,10,17,11,12,18,25,4,5,13,6,
121,0,1,7,8,9,10,3,4,11,12,5,6,13,19,26,33,
122,0,7,8,1,2,9,10,11,18,17,16,15,22,21,14,23,
123,0,7,14,15,8,9,2,3,10,11,12,4,16,
124,0,7,1,8,15,16,17,23,24,30,37,44,43,
125,0,1,2,3,4,11,18,19,12,13,5,6,20,
126,0,7,1,8,9,16,23,17,24,25,18,15,22,
127,0,1,2,9,16,17,15,22,8,7,10,11,4,
128,0,7,14,15,16,17,18,11,10,9,8,
129,0,1,8,7,2,3,9,16,15,14,
130,0,7,14,15,16,23,9,10,17,18,25,26,33,32,31,38,45,44,37,36,43,42,
131,0,7,14,21,22,23,16,17,24,31,30,29,37,44,
132,0,7,8,9,2,3,1,14,15,16,23,17,10,18,
133,0,7,8,9,16,17,15,22,23,30,10,11,18,
134,0,7,8,9,16,2,1,10,15,17,11,3,
135,0,7,8,9,16,15,17,10,23,30,37,44,36,43,29,
136,0,7,14,21,22,29,30,37,36,44,45,38,39,40,41,48,
137,0,1,8,15,22,29,28,21,14,16,23,7,9,2,3,
138,0,1,2,3,4,11,12,5,6,13,19,
139,0,1,2,3,4,11,10,17,24,16,9,5,6,13,12,
140,0,1,2,9,16,15,17,23,22,18,11,12,19,20,
141,0,7,8,9,16,15,1,14,
142,0,1,2,9,16,17,24,23,22,29,30,37,36,44,45,43,
143,0,7,14,21,22,15,16,9,2,1,28,29,35,36,37,44,43,42,
144,0,1,2,8,9,16,15,17,24,23,30,37,36,43,44,35,42,
145,0,1,8,15,16,23,30,31,38,39,17,22,18,25,
146,0,1,8,15,22,16,14,7,9,23,17,10,3,2,
147,0,7,14,21,28,35,36,29,30,31,38,39,46,47,40,48,
148,0,7,1,2,9,16,17,18,11,10,23,3,
149,0,1,7,14,15,16,9,2,3,10,8,23,24,17,18,11,
150,0,7,8,9,10,3,17,18,11,16,12,
151,0,7,8,9,1,14,15,16,2,3,4,11,10,
152,0,1,7,14,8,9,2,16,15,23,22,
153,0,7,14,8,1,15,16,21,28,29,30,
154,0,1,2,3,7,8,9,16,17,10,11,18,4,5,12,
155,0,7,8,9,16,15,22,23,21,28,29,30,31,32,39,46,45,44,37,38,
156,0,1,8,7,14,21,28,35,42,15,2,9,16,22,23,30,31,37,36,
157,0,7,14,15,21,22,8,1,16,17,24,23,29,30,
158,0,1,2,8,9,16,17,18,11,4,5,12,6,13,20,27,19,
159,0,1,8,15,14,7,9,10,3,17,16,23,30,37,44,31,32,39,
160,0,1,8,9,16,17,10,3,4,2,7,14,21,
161,0,1,7,8,15,22,23,16,9,24,30,29,28,36,
162,0,7,1,8,14,21,22,23,16,17,10,24,9,
163,0,1,7,8,9,16,15,22,23,14,
164,0,7,14,15,22,29,36,37,30,31,24,23,16,17,9,2,3,4,5,
165,0,1,2,8,9,10,3,4,5,17,16,15,14,7,23,24,
166,0,7,14,21,28,35,42,43,36,29,44,37,38,45,
167,0,1,8,9,2,3,7,16,23,24,17,15,
168,0,7,8,1,14,21,28,29,30,31,24,17,18,25,23,38,32,
169,0,7,1,8,15,16,23,30,29,36,37,22,
170,0,7,8,9,16,23,15,14,21,1,30,
171,0,1,7,8,9,10,17,18,19,12,11,3,2,16,23,
172,0,7,14,8,9,16,23,22,15,30,37,31,32,39,46,45,38,47,
173,0,1,2,9,8,15,16,17,23,3,4,11,10,
174,0,7,14,15,16,9,23,24,22,8,1,
175,0,1,8,2,9,16,17,24,23,30,22,21,28,29,37,44,38,39,
176,0,7,1,2,9,16,10,11,4,5,6,12,19,20,13,18,
177,0,7,8,15,16,9,10,3,4,17,18,19,12,11,
178,0,1,8,7,14,21,28,29,30,23,37,
179,0,7,8,9,16,23,30,31,38,45,44,43,37,
180,0,7,14,21,15,16,17,10,24,23,31,32,30,
181,0,1,2,8,9,16,17,10,23,30,37,31,24,
182,0,1,2,7,8,9,15,3,10,17,24,25,
183,0,1,8,9,16,23,24,15,14,21,28,35,22,25,18,11,10,17,
184,0,1,8,7,9,2,15,16,14,21,22,28,
185,0,1,2,3,10,9,8,4,17,18,
186,0,1,7,2,3,4,5,11,10,9,
187,0,1,8,9,16,15,17,23,2,14,7,
188,0,1,8,2,3,9,16,15,17,4,11,10,
189,0,7,1,8,15,16,22,21,14,23,24,25,32,39,46,45,
190,0,1,8,7,9,10,3,16,17,
191,0,7,14,8,1,9,16,17,10,3,4,11,23,2,
192,0,7,8,9,16,15,17,10,3,2,23,24,22,30,
193,0,7,8,15,16,22,23,24,25,31,30,29,28,21,14,9,10,3,4,11,
194,0,7,8,15,16,23,30,31,17,18,11,19,10,9,2,
195,0,7,14,8,15,16,9,17,10,11,
196,0,1,2,9,16,17,24,23,18,11,4,3,10,8,7,
197,0,1,8,7,9,10,11,17,16,23,3,
198,0,1,2,8,9,16,23,24,17,30,29,22,37,
199,0,1,8,9,2,3,10,11,7,
200,0,7,1,2,3,10,9,16,8,14,21,15,17,23,24,
201,0,1,8,9,16,15,22,23,17,18,24,25,29,30,
202,0,7,14,21,22,23,24,25,26,27,33,40,47,48,
203,0,7,14,15,8,16,23,22,21,9,2,1,
204,0,7,14,21,22,23,16,9,8,1,2,10,3,4,5,11,
205,0,7,8,14,15,22,16,9,2,3,1,17,
206,0,1,2,9,8,15,7,3,16,23,24,31,32,39,
207,0,1,2,7,14,8,15,16,9,10,17,
208,0,1,2,8,15,16,9,10,11,3,23,
209,0,7,14,1,8,9,16,23,17,24,
210,0,1,7,8,14,21,15,2,9,10,3,16,
211,0,7,8,1,14,15,22,23,16,24,17,9,2,
212,0,1,2,9,3,4,11,10,8,16,15,22,23,24,
213,0,7,14,15,22,29,30,37,36,35,42,31,24,
214,0,7,14,8,21,22,23,24,29,30,16,17,9,
215,0,7,1,8,9,10,11,12,5,4,6,13,18,25,24,31,30,29,
216,0,7,14,8,15,21,1,2,3,4,11,18,10,12,19,
217,0,7,8,1,9,10,3,11,4,17,16,23,24,
218,0,7,8,9,16,17,18,15,14,23,
219,0,7,8,14,9,2,3,4,5,6,12,19,11,10,13,
220,0,1,2,3,10,17,18,25,32,39,46,45,38,37,44,
221,0,7,8,9,16,17,18,11,10,3,4,
222,0,1,2,9,16,17,24,23,15,8,7,14,
223,0,7,14,21,28,29,22,23,16,9,8,15,17,24,10,18,25,
224,0,7,14,15,8,9,16,2,17,18,25,32,33,40,41,34,27,20,26,
225,0,7,14,21,22,23,16,9,15,17,10,2,
226,0,7,14,21,15,8,1,2,3,4,9,16,23,17,24,22,
227,0,7,8,14,1,15,16,17,9,2,23,24,31,30,29,
228,0,1,2,3,9,4,5,16,23,30,37,36,35,42,43,44,29,
229,0,1,2,9,16,15,8,17,7,
230,0,7,14,15,22,23,24,16,9,2,3,10,11,18,
231,0,7,14,21,22,23,16,15,8,9,24,17,
232,0,1,7,14,8,9,16,17,15,
233,0,7,1,2,9,16,17,10,15,23,22,30,37,29,
234,0,7,8,9,2,3,10,16,15,22,29,28,35,30,23,
235,0,1,2,9,16,17,18,11,10,3,4,23,30,
236,0,7,14,1,2,3,10,17,4,8,15,
237,0,7,1,14,21,28,29,36,35,37,30,23,16,17,
238,0,7,14,21,15,8,9,16,17,18,25,24,23,
239,0,7,14,21,22,28,35,36,43,42,44,37,30,23,
240,0,7,14,21,1,8,15,22,23,30,29,37,38,31,39,46,
241,0,1,2,7,8,9,10,3,16,17,15,23,
242,0,7,8,9,16,2,1,14,15,21,23,24,30,29,22,
243,0,7,14,15,16,9,8,1,2,3,10,11,18,19,12,4,5,
244,0,1,8,2,3,4,11,10,12,18,9,
245,0,1,7,8,9,10,3,2,17,24,25,32,39,46,47,48,
246,0,1,7,14,15,16,23,17,30,37,36,31,38,45,46,47,
247,0,7,14,21,15,16,17,10,9,24,23,22,29,36,35,42,28,30,37,
248,0,7,8,1,15,22,29,30,23,16,9,17,2,
249,0,1,7,14,15,8,9,2,3,4,10,16,23,
250,0,7,14,21,28,35,36,37,38,30,29,22,23,16,15,17,
251,0,7,8,9,1,16,17,18,19,12,11,10,3,
252,0,1,2,7,8,9,16,15,22,23,
253,0,7,1,8,2,9,
254,0,1,8,2,9,7,14,21,22,23,16,17,15,24,
255,0,7,8,14,21,22,23,16,17,9,24,10,2,1,
256,0,7,14,21,22,29,23,16,9,17,10,3,4,11,18,
257,0,1,2,3,7,8,14,10,
258,0,1,8,7,9,15,22,29,30,37,44,43,42,35,28,31,
259,0,7,14,21,1,2,3,10,9,16,17,18,11,12,19,26,33,
260,0,1,2,3,4,5,6,13,12,11,7,8,9,10,17,
261,0,7,14,15,8,1,2,9,10,17,11,12,5,13,20,16,23,22,
262,0,7,8,9,2,1,14,21,22,23,15,30,31,29,36,37,
263,0,7,14,15,16,9,17,8,18,11,4,3,
264,0,7,8,15,16,17,23,24,30,37,29,36,43,42,44,31,
265,0,7,14,15,16,17,9,10,3,4,
266,0,7,1,8,15,9,10,3,2,4,5,11,
267,0,7,14,1,2,9,16,23,22,15,17,24,30,37,38,45,44,
268,0,7,1,8,9,15,16,23,24,17,10,11,4,5,12,19,26,33,40,41,47,48,
269,0,7,8,9,2,1,3,10,11,17,16,
270,0,1,8,9,16,17,15,14,7,2,21,
271,0,7,8,15,22,23,16,9,24,2,10,17,18,
272,0,7,8,9,16,10,3,2,4,11,15,
273,0,7,1,8,2,3,10,9,16,17,15,23,
274,0,1,8,7,14,21,28,29,35,36,37,30,38,45,44,46,47,40,
275,0,1,2,3,10,9,16,7,14,15,21,22,29,
276,0,7,14,15,16,17,10,9,23,30,37,31,32,33,40,39,46,
277,0,1,2,9,8,16,15,23,22,21,29,28,36,37,38,45,44,31,30,
278,0,1,7,14,15,16,23,22,21,28,29,8,9,10,11,4,3,12,
279,0,7,1,14,15,16,23,24,30,22,31,38,39,46,45,
280,0,7,1,2,9,16,23,30,31,24,29,36,37,44,
281,0,7,14,8,9,16,23,30,29,36,43,44,37,22,15,10,3,
282,0,1,8,9,15,2,14,21,22,29,30,36,37,
283,0,7,1,2,3,9,16,23,30,37,31,22,21,28,35,36,43,42,
284,0,1,2,7,14,15,16,9,8,21,22,23,24,
285,0,7,1,8,15,16,23,30,37,29,22,
286,0,7,14,1,8,9,16,23,30,31,37,44,43,36,29,
287,0,7,14,15,22,21,16,17,10,11,9,24,
288,0,7,8,9,16,1,2,3,10,4,5,11,
289,0,1,8,7,14,21,28,29,36,37,38,45,44,30,31,23,
290,0,1,2,3,4,11,5,6,13,12,10,9,16,15,22,29,
291,0,7,8,9,16,17,10,11,18,25,32,23,30,31,24,
292,0,7,8,9,16,23,24,31,32,33,40,47,46,45,39,34,
293,0,7,8,9,16,10,17,18,25,32,31,38,45,44,43,36,35,28,29,22,23,30,
294,0,7,14,15,22,21,23,30,29,31,38,32,39,46,47,48,
295,0,7,8,9,16,10,11,18,12,4,3,2,1,
296,0,1,8,7,9,2,16,23,22,
297,0,7,8,9,16,17,18,11,12,19,20,13,6,5,27,34,41,40,47,48,
298,0,1,7,8,9,16,10,11,17,3,
299,0,7,8,9,16,15,14,22,17,24,23,30,31,38,45,44,37,
300,0,7,8,15,14,16,9,10,3,2,
301,0,1,7,14,15,16,9,8,10,11,18,19,12,5,6,4,26,33,34,27,20,
302,0,7,1,2,14,21,28,29,30,37,44,43,36,35,38,39,46,45,
303,0,7,14,15,16,9,17,18,19,20,13,6,12,11,10,2,1,
304,0,1,8,9,10,3,4,5,11,12,15,16,23,22,
305,0,1,8,9,16,2,3,10,23,24,
306,0,7,8,15,14,16,9,23,22,1,
307,0,7,8,1,2,14,21,9,15,
308,0,7,14,21,28,35,36,37,43,29,22,15,8,9,16,17,18,11,10,12,5,6,4,
309,0,1,2,9,8,16,17,10,15,23,30,29,37,28,
310,0,1,2,7,8,15,16,9,14,
311,0,7,1,8,9,15,16,10,11,17,24,23,30,37,
312,0,1,8,7,14,21,9,16,
313,0,7,1,8,14,15,21,28,35,29,30,23,24,25,32,
314,0,7,8,9,16,10,3,2,1,15,23,30,31,32,25,26,33,34,27,
315,0,1,7,14,15,16,9,8,
316,0,7,8,9,2,1,10,17,24,23,30,29,36,37,44,
317,0,7,8,9,10,3,4,5,11,18,2,6,
318,0,1,7,14,15,8,2,9,10,17,16,3,
319,0,7,8,9,10,17,16,23,2,1,24,22,
320,0,7,1,2,9,16,23,30,29,36,37,38,45,44,
321,0,1,8,9,2,3,4,5,12,6,11,19,18,17,16,23,
322,0,1,8,9,16,17,15,23,30,37,44,43,42,36,
323,0,7,8,9,16,2,17,10,3,4,
324,0,1,7,14,21,22,8,9,16,2,
325,0,7,14,15,16,17,18,19,20,27,34,13,26,33,40,41,47,46,
326,0,7,8,1,9,10,3,4,5,6,13,12,20,27,
327,0,1,2,8,9,16,23,3,4,11,10,17,22,21,14,7,
328,0,7,1,2,3,10,17,11,16,9,8,
329,0,7,8,15,16,9,1,22,29,
330,0,1,2,3,4,11,10,17,18,12,19,25,
331,0,7,14,21,22,23,15,16,9,10,17,24,30,
332,0,7,8,15,16,17,10,3,9,1,2,24,31,32,39,38,
333,0,7,14,21,28,29,30,37,38,45,46,47,39,44,36,35,
334,0,1,8,9,16,17,23,22,24,25,32,39,46,40,47,
335,0,1,8,9,15,16,10,11,17,7,14,21,28,22,
336,0,7,8,9,16,15,17,18,11,4,5,12,13,6,19,20,
337,0,1,8,15,14,22,23,24,31,30,29,25,32,39,46,45,38,
338,0,7,1,8,9,2,3,16,15,14,23,30,
339,0,7,14,21,22,23,30,37,36,44,29,31,
340,0,1,8,9,15,14,21,22,7,16,17,24,25,18,11,
341,0,7,14,15,16,23,24,25,32,31,30,38,45,44,37,29,22,
342,0,1,8,9,16,17,24,23,15,10,30,
343,0,1,8,15,14,7,16,21,22,29,36,37,38,39,40,41,33,26,25,27,
344,0,7,14,1,8,15,22,29,28,21,35,36,37,30,23,31,
345,0,7,8,9,10,17,16,15,14,23,30,31,32,25,38,39,40,33,
346,0,1,8,7,9,16,2,14,15,23,30,29,28,
347,0,7,1,8,15,14,21,22,23,30,29,24,31,32,39,40,47,48,
348,0,1,8,15,9,16,23,24,22,17,10,11,12,
349,0,7,1,8,9,10,3,4,11,2,
350,0,1,8,15,16,9,7,10,2,3,4,
351,0,1,2,9,10,17,16,15,23,24,30,37,38,45,44,43,42,
352,0,7,14,15,16,23,30,37,36,35,28,21,43,31,24,17,
353,0,7,14,15,16,1,8,9,17,23,
354,0,7,8,9,10,17,24,23,16,15,1,2,3,30,
355,0,7,14,15,16,23,9,8,2,1,3,4,11,10,
356,0,1,2,3,4,11,10,17,18,8,7,14,21,22,29,28,30,23,31,
357,0,1,7,2,9,16,17,18,19,12,11,10,15,
358,0,7,14,8,15,16,21,22,23,28,35,36,43,42,44,45,37,
359,0,1,2,3,4,5,10,11,17,9,
360,0,1,7,14,21,22,29,30,31,38,39,46,47,48,
361,0,7,1,8,9,10,2,3,4,5,11,6,13,20,19,12,
362,0,1,7,8,9,16,23,24,30,29,36,43,37,38,45,46,
363,0,1,7,8,9,10,11,4,5,6,13,20,19,12,17,24,31,23,16,
364,0,1,8,15,16,7,9,23,30,37,31,32,24,36,
365,0,1,8,7,2,9,16,15,14,
366,0,7,14,15,16,17,23,30,31,24,38,45,
367,0,1,2,9,8,16,17,24,23,15,22,21,14,
368,0,1,8,9,16,15,2,17,10,7,
369,0,7,8,1,2,9,10,16,17,24,25,32,39,46,47,40,45,44,37,43,
370,0,1,7,14,21,28,22,23,30,37,31,24,32,39,46,47,40,45,38,44,
371,0,7,8,9,2,3,16,17,18,11,10,
372,0,7,1,8,9,14,15,21,22,
373,0,7,8,9,10,16,17,23,30,31,38,37,
374,0,1,8,9,16,23,30,37,31,38,39,46,47,48,
375,0,7,14,8,15,16,9,23,30,31,24,37,29,44,43,36,
376,0,1,2,3,9,16,23,15,10,4,
377,0,1,8,9,16,15,22,23,30,31,37,36,44,45,35,28,42,
378,0,7,8,15,16,9,17,10,24,25,32,33,26,27,40,
379,0,1,2,8,9,16,23,24,31,30,37,44,43,36,32,
380,0,1,2,3,4,9,10,11,8,
381,0,7,1,2,3,4,5,12,13,6,20,19,11,10,9,
382,0,7,8,14,15,16,17,18,25,32,39,40,47,46,45,44,37,30,31,24,23,
383,0,7,1,8,9,16,17,18,11,10,24,23,30,37,44,
384,0,7,8,9,16,17,23,30,24,15,14,21,
385,0,1,2,3,4,11,10,17,16,23,30,29,28,35,36,37,38,45,
386,0,7,1,2,9,16,8,23,22,29,36,43,44,45,38,46,37,30,31,
387,0,7,8,1,9,10,11,18,19,12,3,4,2,
388,0,1,2,3,7,14,21,22,23,29,30,24,31,
389,0,1,7,8,9,2,16,15,14,21,28,35,36,29,43,44,45,38,46,
390,0,1,2,9,16,17,18,11,10,3,15,8,7,
391,0,7,8,15,14,21,28,29,22,16,17,9,23,30,
392,0,7,1,14,15,16,23,30,24,17,18,19,12,11,4,10,9,
393,0,1,2,7,14,8,9,3,10,16,15,
394,0,1,2,8,15,16,23,30,31,38,22,24,32,33,34,39,46,
395,0,1,8,7,14,15,21,28,35,42,36,37,30,38,44,43,
396,0,1,2,9,8,7,14,21,22,29,28,23,30,37,
397,0,1,2,3,9,7,14,15,22,23,30,37,44,38,45,
398,0,7,8,9,16,17,23,22,29,30,31,24,37,36,38,
399,0,7,14,15,8,1,2,9,16,10,
400,0,1,7,8,15,16,17,24,23,30,22,21,14,9,
401,0,1,7,2,3,4,10,11,18,17,16,
402,0,7,14,8,21,15,16,9,23,30,31,37,36,43,44,45,
403,0,7,8,1,14,21,22,23,16,24,30,37,31,38,39,46,47,
404,0,1,2,3,4,11,12,10,17,16,9,8,24,23,22,21,14,28,35,42,43,
405,0,7,14,1,2,9,16,15,8,23,30,29,36,43,35,42,44,37,
406,0,1,2,9,8,15,22,16,23,30,37,38,39,46,45,44,
407,0,1,2,8,9,16,23,15,22,30,31,24,37,36,29,
408,0,7,8,14,21,28,35,36,43,44,37,30,31,32,39,46,47,48,
409,0,1,7,8,9,16,23,15,14,21,28,35,42,36,43,44,37,30,
410,0,7,14,15,16,17,24,23,30,37,31,38,39,45,9,10,
411,0,7,1,2,9,10,16,23,22,30,37,36,35,42,43,44,29,31,
412,0,7,14,21,15,8,9,10,3,2,16,17,24,31,30,37,36,35,
413,0,7,1,14,15,8,22,21,
414,0,7,14,15,16,9,17,18,11,12,19,4,3,2,20,
415,0,7,1,14,15,16,23,22,29,36,37,30,31,24,25,18,32,17,
416,0,1,7,14,2,9,16,17,10,15,
417,0,7,14,8,15,22,23,16,17,9,24,10,
418,0,1,7,8,9,16,23,30,31,22,24,
419,0,1,2,3,4,8,15,16,9,
420,0,1,7,8,15,16,9,23,30,31,38,45,37,36,44,43,42,35,28,
421,0,7,14,8,21,1,2,15,22,29,30,
422,0,1,8,9,2,10,11,18,17,24,23,22,16,
423,0,1,2,3,4,11,10,9,16,15,23,30,
424,0,7,14,21,1,15,16,23,22,8,24,31,17,
425,0,1,7,2,3,10,9,8,15,16,22,29,30,23,31,
426,0,1,8,9,16,2,10,17,24,23,30,22,21,14,7,
427,0,1,8,7,9,2,3,16,17,24,23,30,37,36,35,28,42,43,
428,0,1,2,3,4,11,10,9,16,15,23,22,29,30,31,
429,0,1,8,7,14,15,16,9,22,23,10,2,
430,0,7,8,9,16,17,10,18,11,4,5,12,19,2,3,
431,0,7,1,2,3,10,9,16,15,
432,0,7,14,8,15,21,22,29,36,37,38,35,28,30,
433,0,7,14,15,16,23,30,31,38,39,46,47,45,
434,0,7,1,2,8,15,9,16,17,18,25,32,39,31,30,37,23,
435,0,1,8,15,16,23,30,31,32,39,46,47,48,
436,0,7,14,8,1,2,21,28,29,30,31,24,25,32,23,16,9,10,
437,0,1,8,2,3,10,11,4,15,16,9,23,30,
438,0,1,8,9,10,11,4,3,5,6,12,17,16,15,14,7,
439,0,7,8,14,15,22,21,23,30,24,25,26,33,34,27,20,19,18,11,10,
440,0,7,14,8,1,15,16,17,
441,0,1,8,7,9,2,16,23,15,
442,0,1,2,3,10,11,4,9,17,16,23,30,29,36,37,
443,0,7,8,1,2,3,9,16,15,14,21,22,29,30,31,32,33,40,
444,0,1,8,2,9,16,17,10,3,11,4,
445,0,7,8,9,2,3,4,10,11,12,18,19,26,33,40,47,46,39,
446,0,1,7,2,8,9,16,10,23,17,15,
447,0,7,8,1,2,15,16,9,10,3,4,11,17,23,22,
448,0,7,8,9,16,17,23,24,30,37,31,25,18,32,39,
449,0,7,14,8,15,1,2,9,16,10,11,
450,0,1,2,8,9,10,3,16,15,22,21,
451,0,7,1,2,9,16,23,30,31,24,29,22,
452,0,7,14,15,8,9,2,16,23,30,31,38,45,46,
453,0,1,2,9,8,7,16,23,22,30,29,37,
454,0,7,14,21,28,35,36,37,44,30,31,29,32,39,40,41,48,
455,0,7,14,21,22,23,30,31,24,17,29,37,18,11,
456,0,1,2,3,10,17,16,15,23,24,22,21,14,8,
457,0,1,2,8,9,16,23,10,3,4,11,18,25,32,26,19,12,13,6,
458,0,1,2,3,10,9,16,8,15,7,
459,0,1,7,14,21,15,16,17,23,10,18,11,3,2,
460,0,1,2,8,15,22,14,7,21,23,30,31,38,45,44,37,
461,0,7,14,15,22,8,16,9,17,23,29,30,31,24,
462,0,7,14,8,15,16,23,24,17,31,30,37,36,38,44,45,43,42,
463,0,7,8,1,9,16,17,24,23,30,31,32,39,40,41,48,
464,0,7,14,21,28,29,30,23,31,38,45,32,33,22,
465,0,7,1,8,9,16,15,14,21,22,28,29,35,36,37,30,44,45,46,
466,0,1,8,9,16,17,18,25,32,39,38,46,47,40,33,26,19,12,11,4,3,10,23,30,37,
467,0,7,8,9,2,1,3,10,17,16,23,30,15,31,29,37,36,
468,0,1,8,9,16,23,30,37,31,24,17,25,26,33,
469,0,7,8,9,16,15,23,30,29,28,35,21,14,
470,0,7,8,1,2,3,9,15,16,23,24,
471,0,1,8,9,2,7,14,21,28,35,22,15,16,23,30,29,31,
472,0,1,8,7,14,15,16,9,23,17,10,
473,0,1,8,9,2,7,14,15,16,10,22,29,30,37,23,
474,0,1,7,8,14,21,22,23,24,31,30,37,36,16,15,28,29,
475,0,1,7,8,9,16,15,23,30,37,38,36,29,28,
476,0,1,2,9,10,16,23,22,15,8,17,18,11,24,
477,0,7,1,2,3,10,9,11,4,8,
478,0,7,14,21,22,23,29,30,31,38,37,44,45,43,42,35,
479,0,1,2,9,8,7,14,21,3,4,5,10,
480,0,1,2,8,9,10,3,4,5,12,19,20,27,34,33,40,47,48,
481,0,1,7,14,8,15,16,17,24,9,10,11,12,
482,0,1,2,3,9,16,23,15,14,22,29,28,35,36,43,44,45,38,31,32,39,46,
483,0,7,8,9,10,17,11,12,13,20,19,6,5,18,
484,0,1,2,9,8,16,15,23,24,17,22,21,28,29,
485,0,7,1,14,8,9,16,17,24,23,30,37,44,43,42,35,28,21,
486,0,1,8,15,16,23,24,31,30,29,22,37,36,32,39,40,47,48,
487,0,7,8,15,16,23,30,22,14,21,28,29,
488,0,7,8,15,22,29,30,37,44,38,36,45,46,39,40,33,47,
489,0,1,2,9,8,10,11,4,17,24,23,30,31,18,3,
490,0,7,8,9,15,14,21,22,23,30,29,16,
491,0,7,8,1,2,3,10,11,18,25,24,23,16,15,22,17,
492,0,1,7,2,9,16,23,30,37,29,36,35,28,31,43,
493,0,1,7,2,8,9,16,17,15,10,3,4,
494,0,1,8,7,9,2,3,16,15,23,30,37,44,45,38,31,
495,0,7,14,21,28,35,29,36,37,30,31,22,
496,0,1,8,15,22,21,29,30,23,14,16,17,18,11,4,5,12,10,3,
497,0,1,8,9,10,17,18,11,16,23,30,37,29,
498,0,1,7,8,14,15,16,23,30,37,31,38,45,46,
499,0,1,2,8,3,4,10,11,9,16,17,
500,0,1,8,9,2,3,4,10,11,12,5,16,17,23,30,31,38,45,44,
501,0,1,7,14,21,22,15,16,23,24,25,32,31,38,45,44,46,39,33,40,47,
502,0,7,14,15,16,23,30,29,37,44,45,46,39,38,
503,0,1,8,9,16,15,7,2,3,10,17,
504,0,7,8,9,16,23,30,37,29,28,35,36,24,25,32,33,26,
505,0,1,7,8,15,22,21,14,16,23,24,30,31,38,37,
506,0,7,1,2,3,9,4,11,18,5,6,13,20,19,
507,0,7,8,9,16,17,18,19,12,11,4,3,2,10,
508,0,7,14,15,16,23,30,37,31,32,25,24,17,38,39,29,28,35,
509,0,7,8,9,2,15,16,23,30,29,36,31,32,25,24,17,10,
510,0,1,7,14,2,9,16,15,8,22,
511,0,1,7,14,21,22,23,16,17,28,29,30,24,31,
512,0,7,14,15,8,1,2,9,10,3,16,23,30,37,36,43,42,44,45,31,38,
513,0,1,8,9,2,3,4,11,10,15,16,14,
514,0,7,1,8,15,22,21,14,16,17,18,25,32,33,39,
515,0,7,8,9,2,1,15,22,23,16,30,29,36,35,37,28,
516,0,7,14,21,15,16,23,22,30,37,29,9,10,11,18,19,20,
517,0,7,8,9,2,3,10,11,18,16,15,22,23,24,17,
518,0,1,8,9,10,17,18,11,16,23,22,30,29,31,24,36,43,42,44,45,
519,0,7,8,15,1,2,3,10,11,4,18,9,16,
520,0,1,2,3,9,16,23,24,30,29,22,31,38,39,
521,0,7,8,15,22,23,16,30,37,29,36,43,44,
522,0,1,8,9,10,17,18,25,32,39,38,45,46,47,40,33,41,
523,0,7,1,2,9,16,23,30,37,38,45,44,31,29,22,
524,0,1,8,9,2,16,23,30,31,38,37,32,29,36,
525,0,7,1,14,21,15,16,22,23,24,25,26,19,12,11,10,3,
526,0,1,8,15,16,23,30,29,36,37,44,43,45,
527,0,1,7,14,21,2,3,9,16,17,23,30,31,
528,0,7,14,21,28,22,23,24,30,31,32,39,40,47,48,
529,0,1,2,9,8,16,17,23,24,25,32,31,30,37,29,36,38,45,44,43,
530,0,1,7,8,14,21,15,16,23,24,25,32,39,31,
531,0,7,8,9,16,23,22,15,14,21,28,35,36,37,38,44,43,42,
532,0,7,1,2,9,16,15,22,21,14,23,30,24,31,
533,0,1,2,3,9,8,10,11,4,16,17,
534,0,7,1,2,9,16,8,15,23,30,31,29,38,37,44,
535,0,7,8,15,16,23,30,37,44,43,38,39,40,47,46,41,48,
536,0,7,1,8,15,16,17,24,23,31,25,32,18,19,11,10,9,30,
537,0,7,8,14,21,9,16,15,1,22,
538,0,1,2,7,8,9,16,23,30,31,38,45,44,43,37,39,
539,0,7,8,9,2,3,10,16,23,22,30,31,24,32,39,46,45,47,48,
540,0,7,14,21,28,29,36,43,44,45,46,47,48,
541,0,7,14,15,16,23,22,29,30,37,38,45,31,32,39,46,47,
542,0,7,8,9,16,23,30,37,44,45,46,47,48,
543,0,1,8,15,7,14,2,22,23,30,16,17,29,
544,0,1,2,9,3,10,4,11,17,16,15,23,22,30,29,
545,0,1,8,7,9,16,15,14,23,24,30,31,29,
546,0,1,7,14,21,22,23,24,17,10,3,4,11,9,8,2,
547,0,7,8,15,14,21,16,9,1,2,3,10,4,5,11,
548,0,1,8,15,16,17,24,9,10,18,11,22,25,32,39,38,
549,0,7,14,21,8,28,35,36,43,37,30,31,38,45,
550,0,7,1,2,3,10,9,8,15,16,23,30,29,22,14,
551,0,7,8,9,10,3,2,17,16,15,23,30,29,22,
552,0,1,2,3,4,10,11,9,7,14,15,16,23,24,17,22,
553,0,7,1,8,9,16,23,17,30,37,24,31,25,18,11,
554,0,1,2,3,9,8,7,16,23,24,25,26,32,39,46,40,41,48,
555,0,1,8,7,9,2,16,10,17,18,11,12,5,4,
556,0,1,8,9,16,23,17,15,30,22,37,
557,0,7,1,8,9,2,16,23,30,31,29,17,10,11,3,4,5,6,
558,0,7,8,14,21,22,15,16,23,30,37,36,29,31,24,17,
559,0,1,2,9,16,23,15,14,7,17,18,25,32,31,38,39,40,47,
560,0,1,2,3,10,9,16,23,24,30,22,29,37,36,31,
561,0,1,8,9,16,15,23,17,30,31,37,29,22,
562,0,7,14,15,16,23,22,29,30,21,28,9,8,
563,0,1,2,8,15,22,21,29,28,35,42,14,36,37,
564,0,1,2,9,10,16,15,17,18,11,24,25,32,39,40,47,46,48,
565,0,7,14,15,22,23,24,25,32,31,16,8,9,21,
566,0,7,8,9,16,23,17,2,1,22,21,14,
567,0,1,2,9,8,3,4,11,10,17,16,23,24,
568,0,1,2,8,9,3,4,5,12,13,11,10,16,23,24,31,38,45,46,39,44,
569,0,1,8,9,16,23,30,22,21,14,28,35,29,
570,0,7,8,9,16,23,30,37,36,29,22,15,14,1,2,3,
571,0,7,8,15,16,23,30,31,24,17,32,38,25,18,11,10,
572,0,1,2,9,16,8,10,3,4,11,5,6,13,20,27,34,
573,0,7,1,2,3,10,8,9,14,16,23,30,
574,0,7,14,1,2,9,16,23,30,37,44,45,43,36,38,39,40,47,48,
575,0,7,14,15,16,9,10,3,4,5,12,11,18,
576,0,1,8,7,14,21,28,35,36,37,44,43,42,38,45,46,39,32,31,24,
577,0,1,2,9,16,8,23,30,37,36,44,43,42,
578,0,1,8,7,14,9,15,22,29,30,37,36,35,42,28,21,16,
579,0,7,14,8,1,9,16,17,18,11,12,10,23,30,37,29,
580,0,1,8,9,7,16,17,24,18,
581,0,7,1,8,15,9,16,17,23,22,30,37,38,45,46,44,43,
582,0,7,14,21,28,15,8,9,16,23,22,24,25,32,33,26,17,10,11,18,
583,0,1,8,9,10,17,16,15,23,18,19,20,26,12,
584,0,1,8,9,16,23,30,31,24,37,44,38,36,
585,0,7,1,8,9,2,16,23,30,29,28,21,22,24,25,32,39,46,40,47,
586,0,1,8,15,7,14,21,28,35,42,36,43,37,30,23,22,31,38,
587,0,7,14,15,22,21,8,1,9,16,23,30,29,31,24,37,
588,0,7,14,21,28,35,42,43,44,45,36,37,30,29,
589,0,7,14,8,15,22,29,16,17,23,30,37,36,10,
590,0,1,2,7,8,15,16,23,22,24,25,32,39,31,30,29,21,28,14,
591,0,1,8,15,7,2,9,10,11,18,19,16,
592,0,7,1,8,9,16,23,30,10,3,2,17,18,11,19,20,27,34,33,26,
593,0,1,7,14,15,16,23,30,29,36,35,28,42,37,44,43,21,
594,0,7,8,9,2,3,1,15,16,23,24,30,29,22,36,37,44,45,
595,0,7,14,15,8,9,16,23,17,30,
596,0,7,8,9,10,2,17,18,25,11,
597,0,1,2,3,8,15,16,9,23,24,31,38,45,46,47,48,
598,0,7,1,8,15,16,14,21,28,17,24,25,23,30,37,29,22,
599,0,7,8,14,15,16,23,22,29,30,28,21,37,44,43,42,
600,0,7,8,9,16,15,23,30,37,31,17,
601,0,1,8,7,14,9,16,23,30,37,44,45,46,47,40,39,38,31,32,25,26,19,
602,0,7,8,9,2,1,16,23,30,31,32,25,18,11,4,19,
603,0,7,14,8,15,16,17,9,23,22,21,
604,0,7,8,9,2,10,11,4,18,25,26,27,20,32,31,38,39,46,45,37,36,29,
605,0,7,14,15,22,23,24,31,32,25,26,19,33,40,47,48,
606,0,1,2,9,8,16,10,3,17,
607,0,7,1,2,3,10,11,4,5,9,16,23,22,29,28,30,31,38,45,
608,0,1,2,8,9,16,17,18,11,10,24,19,12,13,6,5,
609,0,7,8,9,2,16,15,14,1,10,3,
610,0,1,7,8,15,2,3,4,
611,0,1,7,8,9,16,23,22,24,30,37,31,38,
612,0,1,2,9,8,16,17,24,31,32,33,40,47,48,
613,0,7,1,8,9,2,3,10,17,18,11,12,5,4,
614,0,7,14,1,2,3,9,16,23,24,25,32,39,46,45,44,38,37,
615,0,1,8,9,16,17,18,11,10,12,4,3,5,6,
616,0,7,14,15,16,23,17,30,29,28,21,8,9,18,25,
617,0,7,8,9,16,15,23,22,10,17,24,30,29,36,43,
618,0,7,1,8,9,10,17,18,25,26,32,39,46,47,48,
619,0,7,14,15,16,23,9,10,3,24,30,29,22,21,28,
620,0,7,14,15,16,23,30,29,21,31,24,38,39,
621,0,7,14,21,22,15,16,8,9,10,11,18,17,24,4,12,19,20,
622,0,7,14,21,28,35,29,36,37,30,23,16,9,10,3,2,11,4,
623,0,7,8,9,16,23,30,31,15,22,24,37,38,36,
624,0,1,7,14,8,
625,0,1,2,8,15,16,9,23,30,
626,0,7,14,8,9,1,16,23,30,37,36,44,43,10,11,18,
627,0,1,7,8,9,16,23,24,17,10,30,37,36,35,42,43,
628,0,7,8,9,1,14,15,16,2,21,22,23,30,31,29,17,18,11,
629,0,7,14,21,22,23,30,37,38,31,24,28,29,45,44,36,
630,0,7,14,8,9,16,17,24,23,30,29,36,37,35,
631,0,7,1,14,21,28,15,22,29,16,17,18,11,19,26,33,40,47,46,
632,0,7,8,1,2,9,16,23,30,37,36,35,
633,0,7,1,8,15,9,16,17,23,22,14,
634,0,7,8,1,2,9,16,23,30,31,29,22,37,44,45,
635,0,7,8,9,16,10,17,23,30,29,37,31,38,39,40,33,47,48,
636,0,1,8,2,9,16,23,22,30,31,37,24,29,
637,0,7,14,21,22,29,36,30,37,44,45,46,47,40,33,41,34,27,26,
638,0,7,14,21,28,29,22,23,24,25,32,26,33,31,38,45,46,47,39,34,41,40,
639,0,7,8,14,21,15,28,1,9,16,23,
640,0,1,2,8,7,14,21,22,23,30,37,38,45,46,44,31,32,39,
641,0,1,8,9,16,15,23,22,21,30,31,38,45,39,46,47,48,
642,0,1,7,8,9,16,23,22,29,30,10,17,11,3,2,
643,0,1,7,8,9,2,16,15,23,24,25,32,39,40,47,33,26,
644,0,1,8,9,10,17,16,3,11,2,18,25,24,
645,0,7,1,8,9,2,3,4,5,12,19,26,27,20,11,18,10,
646,0,1,8,7,2,9,16,23,30,29,28,36,43,22,15,24,25,
647,0,1,2,9,10,11,17,16,15,18,12,
648,0,7,8,14,15,16,9,10,2,
649,0,7,8,15,16,23,14,21,22,29,30,31,37,
650,0,7,8,9,10,11,17,24,25,23,16,30,29,37,36,43,
651,0,7,8,9,16,15,2,23,24,17,30,22,25,26,33,32,39,46,
652,0,7,8,9,16,10,3,4,2,1,15,17,18,11,
653,0,7,14,15,16,23,22,8,21,9,1,2,
654,0,7,8,1,9,16,15,22,29,30,36,43,42,35,28,
655,0,7,14,15,22,21,28,35,29,36,37,44,43,42,
656,0,7,14,15,16,17,23,22,30,29,37,
657,0,7,14,21,22,23,30,37,15,29,31,38,32,39,46,47,48,
658,0,7,14,21,28,35,29,30,37,36,31,32,33,40,47,39,46,45,38,
659,0,1,7,2,3,10,17,16,9,8,23,30,37,36,35,28,
660,0,1,2,3,8,7,14,9,16,15,
661,0,7,8,9,16,15,17,23,24,31,32,39,46,40,41,34,33,
662,0,7,14,15,8,1,9,16,23,30,37,38,39,46,47,48,
663,0,7,1,2,9,16,23,22,30,37,36,29,31,32,25,24,
664,0,1,2,8,7,9,16,23,24,30,29,28,35,36,37,38,45,44,43,42,
665,0,7,1,8,9,10,17,18,24,23,30,37,31,38,45,46,39,32,
666,0,7,1,2,3,9,16,15,14,8,23,24,31,38,39,46,47,
667,0,1,8,9,2,16,23,22,24,17,10,3,4,15,
668,0,7,14,21,22,23,30,29,36,28,35,42,
669,0,7,14,8,1,9,2,3,15,16,23,22,30,29,
670,0,7,8,9,16,23,30,37,36,44,43,42,35,
671,0,7,8,15,22,14,1,2,3,10,29,30,
672,0,7,14,1,8,9,16,17,23,22,30,37,38,45,46,44,43,36,
673,0,1,7,8,9,10,3,2,16,17,23,24,31,30,
674,0,1,7,2,3,4,5,12,13,6,20,19,11,10,17,18,16,9,
675,0,1,8,9,2,7,10,15,
676,0,7,8,9,16,23,22,30,24,2,1,
677,0,1,2,3,10,9,16,15,8,23,22,21,14,30,
678,0,1,2,3,9,8,7,14,15,16,
679,0,1,7,8,14,9,16,17,23,22,
680,0,1,7,8,9,16,23,22,24,30,29,
681,0,7,14,15,22,23,30,29,21,8,9,16,28,1,
682,0,1,2,9,16,15,8,23,24,30,29,37,
683,0,7,1,8,15,14,9,10,3,4,11,17,16,23,30,37,44,43,36,29,28,35,
684,0,1,2,8,9,16,17,23,22,30,29,
685,0,1,8,9,16,23,24,31,30,38,45,46,44,37,
686,0,7,1,2,8,9,16,10,11,18,3,4,
687,0,1,8,9,2,10,16,23,22,30,37,44,43,31,24,25,32,39,38,45,
688,0,7,14,15,16,23,30,37,38,31,24,17,9,32,25,
689,0,1,2,3,4,10,9,11,8,
690,0,1,8,7,14,21,15,16,23,30,37,44,29,28,35,
691,0,7,1,8,14,15,2,
692,0,7,8,9,16,15,22,23,30,37,29,31,24,25,32,39,40,41,34,27,26,33,
693,0,7,14,21,22,15,8,9,16,17,23,30,29,31,24,37,
694,0,7,14,21,22,28,35,42,43,36,29,30,23,37,24,
695,0,7,14,21,28,22,15,16,23,24,17,18,11,12,4,10,9,
696,0,1,2,9,8,16,23,30,31,38,37,39,46,32,45,47,
697,0,7,8,15,16,23,22,21,29,9,10,11,3,17,30,
698,0,1,2,3,7,14,21,28,35,36,29,30,31,32,22,23,
699,0,7,8,15,16,9,10,3,17,18,25,32,39,38,45,
700,0,1,8,9,2,3,4,5,11,10,12,13,20,27,6,
701,0,1,2,9,10,17,16,11,8,15,23,30,29,31,32,39,40,41,
702,0,1,2,3,10,17,18,25,24,31,38,39,45,46,44,37,30,29,
703,0,1,8,15,16,17,24,23,30,29,28,35,36,42,43,22,21,14,
704,0,1,2,9,10,17,16,15,22,21,28,29,30,37,36,23,24,25,
705,0,1,8,9,2,7,15,16,17,18,11,4,3,10,23,24,
706,0,1,7,14,21,22,23,16,24,30,29,15,8,
707,0,7,8,1,2,9,10,11,4,5,6,13,
708,0,7,14,15,22,29,23,30,37,44,38,45,36,31,24,
709,0,1,8,7,14,15,22,21,2,3,4,9,10,16,
710,0,1,7,14,21,28,29,36,37,30,38,39,45,32,31,44,43,
711,0,1,7,2,3,10,9,16,23,24,22,29,36,37,44,30,
712,0,1,8,9,10,11,3,12,18,17,15,7,14,16,
713,0,1,2,9,16,23,30,29,37,36,38,28,21,22,15,
714,0,1,2,3,10,9,17,16,23,8,7,
715,0,7,8,15,16,1,9,17,14,21,
716,0,7,8,15,16,23,30,37,29,22,28,21,
717,0,1,2,9,16,15,23,22,29,30,31,24,10,17,37,44,45,
718,0,7,1,8,9,2,3,4,11,10,17,16,24,23,22,21,15,
719,0,1,8,7,9,10,16,23,30,37,44,31,24,
720,0,1,8,7,9,16,15,23,30,37,
721,0,1,2,9,16,17,24,25,32,31,39,40,33,26,23,30,22,21,14,15,
722,0,1,7,8,9,10,2,3,4,11,5,6,12,19,20,
723,0,7,14,1,8,9,16,17,18,25,24,31,38,30,23,32,
724,0,1,7,2,3,10,17,16,15,14,21,28,35,42,43,36,37,38,31,
725,0,7,14,1,8,9,2,10,17,16,23,30,31,38,29,22,21,
726,0,7,14,15,22,23,16,17,8,30,29,28,21,24,
727,0,7,14,15,16,9,22,29,30,23,24,21,17,28,35,42,43,
728,0,7,1,2,14,15,8,16,17,10,23,9,
729,0,1,7,2,9,10,3,4,5,12,17,
730,0,7,8,9,15,22,23,30,31,24,16,10,11,18,
731,0,7,8,1,2,3,4,11,12,19,20,27,34,33,32,40,47,39,38,45,
732,0,1,8,9,16,23,24,22,30,29,15,14,37,31,
733,0,7,14,21,28,15,22,8,1,
734,0,1,8,7,9,10,11,4,5,3,2,12,
735,0,1,2,7,14,15,22,23,30,29,28,21,8,9,16,
736,0,1,2,9,10,3,4,5,6,13,12,19,26,33,32,40,39,46,
737,0,1,2,9,3,4,10,17,16,8,15,14,22,23,30,37,38,
738,0,7,8,1,2,15,16,17,23,30,24,
739,0,7,8,1,9,10,17,16,23,22,15,
740,0,1,8,15,16,17,10,11,18,25,32,33,39,46,45,44,43,
741,0,7,8,15,16,23,30,31,24,32,33,40,47,46,45,44,43,
742,0,7,1,2,14,15,16,22,29,30,28,21,23,
743,0,7,8,9,2,1,16,23,30,37,44,45,38,46,47,48,
744,0,7,14,21,22,15,16,23,30,9,17,24,8,10,3,
745,0,1,2,9,16,15,14,7,21,23,22,29,28,35,30,37,36,
746,0,7,8,1,2,9,16,17,23,22,15,14,21,
747,0,1,8,15,22,29,30,21,14,7,16,23,
748,0,1,2,3,7,8,15,9,16,17,10,11,22,14,
749,0,1,8,9,2,3,4,10,17,16,15,
750,0,1,8,9,10,11,3,2,16,23,12,19,13,6,
751,0,7,8,15,14,21,22,28,35,42,36,37,44,45,30,
752,0,1,2,9,3,10,8,7,14,21,4,5,
753,0,1,2,9,16,17,18,19,12,11,10,4,3,
754,0,1,2,9,16,17,23,22,30,29,36,43,44,37,31,
755,0,7,8,1,2,9,16,17,10,3,4,11,
756,0,1,8,9,10,17,18,25,32,11,24,23,30,31,37,44,38,
757,0,7,14,21,22,23,30,29,37,38,45,44,43,36,
758,0,7,14,15,16,23,30,37,29,22,
759,0,7,8,1,14,15,16,23,30,31,37,38,45,44,43,42,35,36,
760,0,1,2,3,10,9,8,4,5,7,
761,0,7,14,21,28,35,42,43,44,37,30,29,22,
762,0,7,8,15,16,23,22,24,31,32,39,46,45,30,33,37,
763,0,1,2,9,16,23,30,31,38,37,29,28,35,22,21,24,
764,0,7,8,15,16,17,10,23,30,37,31,24,25,32,39,40,47,41,34,
765,0,1,8,15,16,23,30,37,36,29,28,21,22,9,10,17,24,38,31,
766,0,7,1,2,3,4,5,6,11,10,9,18,25,32,39,46,47,45,38,
767,0,1,8,15,16,23,30,31,38,32,39,40,41,48,
768,0,7,1,2,9,16,23,30,29,36,43,44,42,45,46,39,40,41,48,
769,0,1,7,8,2,9,14,21,22,23,30,31,37,
770,0,7,14,21,28,35,36,37,44,43,30,29,31,45,42,
771,0,7,1,2,3,4,11,10,17,16,23,30,37,31,38,45,46,39,40,47,
772,0,7,1,2,3,10,17,9,16,11,23,30,31,22,21,14,
773,0,7,1,2,9,16,23,22,30,29,31,15,
774,0,7,1,2,3,4,10,9,5,12,11,16,8,
775,0,7,1,2,3,4,11,12,13,6,10,9,
776,0,1,8,15,16,9,10,11,3,4,5,12,18,
777,0,1,2,8,7,9,15,14,21,28,35,36,37,38,45,
778,0,1,2,3,9,10,16,17,23,24,22,31,
779,0,1,2,7,14,21,28,29,30,31,38,45,46,47,37,44,
780,0,1,2,8,9,16,15,22,21,14,7,23,
781,0,1,2,3,8,9,16,23,30,37,29,22,15,10,
782,0,1,2,3,10,4,5,12,6,9,8,16,17,
783,0,1,7,8,9,2,10,3,16,23,22,21,28,29,15,
784,0,1,7,8,9,16,17,24,31,32,33,40,41,48,
785,0,1,2,3,4,5,6,13,12,19,26,27,20,
786,0,1,7,8,14,15,16,22,23,21,28,24,31,32,33,40,47,48,
787,0,7,14,1,8,21,28,29,30,23,16,15,
788,0,1,8,7,14,21,15,16,23,24,30,
789,0,7,8,1,15,14,21,16,23,24,31,32,25,18,17,11,10,9,
790,0,1,2,7,14,21,28,29,22,30,23,15,8,37,36,44,43,
791,0,7,1,8,9,16,15,22,23,21,28,29,30,31,32,33,39,38,46,45,
792,0,1,2,3,7,8,9,16,23,30,24,31,38,45,46,39,47,
793,0,1,7,8,14,9,16,17,15,23,22,30,37,29,36,
794,0,7,14,1,8,9,16,23,30,29,22,15,10,17,11,18,25,
795,0,1,8,9,2,3,16,15,14,7,10,4,17,18,11,
796,0,1,2,9,16,23,30,37,38,45,46,44,43,
797,0,7,14,15,21,28,22,23,24,30,29,35,36,42,43,44,
798,0,7,8,1,2,3,4,11,10,17,18,16,23,22,30,15,29,
799,0,7,1,2,3,9,10,11,4,5,6,13,
800,0,7,14,15,22,23,30,31,37,38,45,44,46,47,40,
801,0,1,2,3,8,7,14,15,22,16,23,9,10,
802,0,1,2,3,4,9,10,11,12,18,17,8,7,
803,0,7,8,1,14,21,22,29,30,31,37,44,43,36,38,45,46,
804,0,1,8,7,9,10,17,16,23,30,31,38,37,36,29,44,43,42,35,28,
805,0,1,8,15,16,17,9,23,30,37,38,45,46,44,43,36,
806,0,7,14,21,22,23,30,31,24,25,18,19,20,27,26,32,39,40,47,
807,0,7,14,8,9,16,17,10,23,15,30,31,22,
808,0,7,14,15,16,9,23,22,30,37,44,43,45,36,29,
809,0,1,7,14,8,15,9,16,23,22,24,31,
810,0,7,8,1,15,14,22,23,24,30,29,36,43,42,44,37,35,28,
811,0,1,8,2,7,9,16,23,30,37,44,22,21,
812,0,7,14,8,1,2,3,4,9,16,23,22,30,31,
813,0,7,1,14,15,22,23,16,9,2,3,4,11,10,17,24,25,26,19,
814,0,1,8,2,3,10,9,7,14,15,22,
815,0,1,8,15,16,17,24,31,32,39,38,30,29,28,35,23,37,
816,0,7,8,1,2,9,16,17,15,22,23,30,29,28,35,36,37,38,45,44,
817,0,1,7,14,15,16,23,30,37,36,29,24,31,17,38,45,39,46,
818,0,7,1,8,9,16,23,24,30,31,29,28,35,42,43,44,37,38,45,
819,0,7,14,15,22,16,23,24,25,30,31,38,45,44,43,42,35,28,29,
820,0,1,2,3,4,11,5,10,12,17,16,15,14,7,8,21,
821,0,7,8,9,16,23,22,30,37,31,29,38,45,46,39,44,43,42,35,
822,0,1,8,9,16,23,30,29,36,37,44,43,45,46,47,
823,0,1,8,15,16,23,30,31,29,37,24,
824,0,1,2,7,8,15,22,23,16,9,
825,0,7,14,8,9,16,23,30,29,22,21,28,
826,0,7,8,9,16,15,23,30,29,28,37,31,36,38,
827,0,1,2,9,8,16,17,10,3,23,30,29,22,
828,0,7,8,1,2,3,10,11,17,16,23,9,
829,0,7,8,1,9,2,16,15,17,24,23,22,
830,0,1,2,9,16,23,30,29,36,37,44,38,31,
831,0,1,7,8,9,16,23,22,30,37,31,24,17,15,14,18,11,25,
832,0,1,8,9,16,2,3,10,4,11,17,
833,0,1,7,8,9,15,14,10,3,2,16,23,24,17,
834,0,7,1,8,9,2,16,23,22,30,29,36,15,
835,0,1,2,3,8,15,22,16,23,30,37,38,31,32,39,46,33,40,
836,0,1,8,15,22,23,30,37,36,31,38,45,44,
837,0,7,8,15,16,17,9,23,30,31,24,10,14,
838,0,1,8,7,14,21,15,22,23,16,30,29,36,37,38,
839,0,1,2,3,4,5,6,12,19,11,13,20,27,18,
840,0,1,2,3,7,8,4,5,11,10,9,14,15,16,17,23,30,
841,0,7,14,15,16,17,23,24,30,31,37,44,43,45,
842,0,1,8,9,16,23,24,22,30,29,28,37,38,31,44,43,42,45,
843,0,1,7,2,3,10,11,12,5,4,9,16,23,30,31,38,45,
844,0,7,8,1,9,16,23,30,37,44,45,46,39,38,43,42,36,35,
845,0,7,14,21,28,29,35,30,31,32,39,23,33,26,27,34,41,40,
846,0,7,14,21,28,29,22,23,30,24,37,15,16,17,18,
847,0,7,8,9,16,2,3,4,5,6,10,17,15,23,30,37,38,39,46,47,
848,0,1,8,7,14,2,9,
849,0,7,14,21,28,29,30,23,24,22,15,35,42,43,44,37,38,39,46,45,
850,0,1,8,9,2,15,16,23,30,31,38,45,37,36,35,29,
851,0,1,2,9,16,15,23,24,30,31,38,45,37,29,36,35,42,43,
852,0,1,8,2,9,3,10,17,16,23,11,12,
853,0,1,2,3,4,5,6,13,20,19,12,11,18,
854,0,1,2,8,9,10,3,4,11,12,13,18,5,6,
855,0,1,2,7,8,9,16,15,14,22,23,24,31,30,29,
856,0,1,8,7,14,9,16,15,23,22,21,
857,0,7,14,15,16,8,9,23,17,18,11,4,3,10,2,1,
858,0,1,8,7,9,16,10,3,4,2,17,
859,0,1,2,8,7,9,14,15,16,23,17,24,31,32,33,40,47,48,
860,0,7,8,15,16,17,23,30,31,24,22,29,
861,0,7,8,9,10,3,4,5,11,17,16,23,24,25,32,
862,0,7,8,15,16,17,23,30,31,24,25,32,
863,0,7,1,8,9,16,23,22,21,24,31,38,37,30,29,
864,0,1,8,9,2,16,17,18,11,12,19,20,4,3,7,
865,0,1,7,8,9,10,17,18,11,16,23,22,29,30,24,
866,0,1,7,14,15,16,23,24,25,18,19,12,5,4,3,10,11,9,
867,0,7,8,14,15,1,9,16,17,10,18,11,4,
868,0,7,8,9,2,1,16,23,30,37,
869,0,1,2,3,10,11,9,17,16,23,30,37,38,45,46,39,47,48,
870,0,1,8,9,10,16,17,3,11,4,
871,0,7,8,9,15,22,23,16,17,30,37,44,38,45,36,
872,0,1,7,14,21,22,23,30,24,29,28,15,8,
873,0,1,8,9,16,15,23,24,31,30,32,39,40,41,46,47,48,
874,0,7,14,21,22,23,30,37,38,45,44,16,29,
875,0,1,2,7,8,9,16,15,14,3,4,5,6,13,12,11,10,
876,0,7,8,9,16,15,23,24,31,30,38,45,46,47,48,
877,0,1,7,14,15,22,29,30,31,38,45,44,46,43,36,
878,0,1,7,2,8,14,21,22,23,30,29,36,37,38,
879,0,1,2,3,10,11,12,13,5,17,16,23,30,37,29,28,
880,0,1,7,14,15,16,23,30,31,29,22,28,21,
881,0,1,7,14,21,28,35,22,29,30,
882,0,1,2,3,10,11,4,5,6,13,20,27,34,26,19,12,
883,0,1,8,9,16,2,3,10,17,18,23,15,
884,0,7,8,9,16,23,30,22,29,37,38,45,44,36,28,
885,0,7,1,8,9,10,3,4,17,16,23,30,24,31,29,
886,0,7,8,9,16,23,30,31,38,45,24,17,15,
887,0,1,7,14,15,22,23,30,31,38,45,46,39,40,47,
888,0,7,8,1,15,16,17,10,9,23,30,37,36,35,42,28,29,
889,0,7,8,15,14,21,9,10,17,24,25,32,23,30,31,16,
890,0,1,8,7,2,3,10,17,9,16,23,24,25,32,39,
891,0,1,2,8,9,10,17,16,23,30,37,31,38,45,46,39,47,40,
892,0,1,2,8,9,3,10,17,11,4,
893,0,1,8,7,14,21,22,23,24,31,17,25,32,39,46,38,45,
894,0,1,8,2,3,10,17,16,23,30,29,28,35,42,36,21,22,15,
895,0,1,2,9,16,23,22,30,31,32,33,26,19,18,11,10,17,
896,0,7,14,15,16,9,17,23,30,37,38,31,29,44,
897,0,7,14,15,21,28,35,36,37,30,29,22,
898,0,1,8,9,16,23,30,31,37,36,38,45,44,24,
899,0,1,8,7,15,9,2,
900,0,7,1,2,9,10,17,16,23,24,30,29,37,22,15,31,
901,0,1,8,9,7,15,14,22,23,30,29,
902,0,1,2,8,7,14,15,16,23,30,31,32,39,46,45,38,
903,0,1,2,7,8,15,14,16,23,30,29,28,24,
904,0,7,14,21,28,29,30,23,16,17,24,22,15,9,8,
905,0,1,8,15,16,23,30,29,24,31,38,39,45,46,47,48,
906,0,1,8,7,14,9,16,23,30,31,32,39,40,47,41,34,48,
907,0,7,8,9,10,11,3,4,17,16,15,
908,0,1,7,8,9,2,3,
909,0,7,8,9,2,3,10,11,16,23,30,31,32,39,46,47,40,45,38,
910,0,7,8,15,22,29,28,30,37,23,24,35,42,36,
911,0,7,8,9,16,15,14,17,18,19,12,5,4,11,13,20,27,
912,0,7,8,1,9,16,23,30,31,24,29,
913,0,1,2,8,7,9,16,23,15,22,30,29,28,21,35,
914,0,7,8,9,2,3,4,11,10,18,25,1,
915,0,7,1,8,2,15,22,23,16,30,31,29,28,
916,0,7,1,2,3,9,8,14,21,22,23,30,29,28,
917,0,7,1,2,14,21,28,29,30,31,38,45,44,43,37,39,46,47,40,41,
918,0,1,2,7,9,16,23,30,24,25,32,39,40,41,34,33,
919,0,7,1,2,3,10,17,24,31,25,32,30,29,22,23,16,39,46,
920,0,7,1,2,3,10,17,16,15,23,30,37,29,
921,0,1,8,9,2,3,4,5,12,19,26,33,40,47,46,45,38,39,32,
922,0,7,14,1,8,15,22,23,30,37,36,43,44,
923,0,1,2,8,9,10,17,16,23,30,29,31,37,36,
924,0,1,2,7,8,9,16,15,22,29,30,37,31,38,45,46,47,40,
925,0,7,14,15,16,17,18,11,10,9,8,1,2,3,4,5,12,
926,0,7,8,9,16,23,1,10,15,
927,0,1,2,3,9,16,10,17,23,22,29,30,
928,0,7,14,15,16,23,22,17,10,24,31,38,39,46,45,40,47,
929,0,7,1,8,14,15,16,9,23,30,31,37,44,36,
930,0,1,2,9,10,11,12,5,6,13,16,23,30,24,25,32,31,
931,0,1,2,3,10,9,16,23,30,37,44,45,38,31,29,24,17,
932,0,7,14,21,28,22,29,30,37,36,43,44,45,38,
933,0,7,8,9,1,16,15,14,10,17,
934,0,7,8,9,10,3,4,2,11,16,17,15,22,23,30,31,32,
935,0,1,8,2,15,9,16,23,22,10,17,18,
936,0,7,8,9,16,23,24,25,32,31,30,29,37,38,
937,0,7,1,8,2,3,9,10,4,11,12,19,18,20,13,6,
938,0,7,8,9,1,2,3,4,11,10,17,16,15,22,23,30,24,
939,0,1,8,15,16,23,30,17,10,3,4,11,18,29,37,44,
940,0,7,14,8,21,22,29,30,37,38,45,46,44,43,42,35,36,31,32,39,
941,0,1,2,3,4,5,11,10,17,16,23,22,30,
942,0,1,2,7,8,14,15,22,23,16,17,9,21,
943,0,1,7,8,2,15,16,23,30,37,44,45,46,39,40,41,48,
944,0,7,1,8,15,16,14,21,22,23,30,31,29,37,
945,0,1,2,7,14,21,22,23,30,29,16,28,
946,0,7,8,15,16,23,24,9,30,37,38,39,46,45,31,29,36,
947,0,1,8,7,9,16,15,14,23,22,30,37,38,45,46,39,
948,0,1,8,7,9,16,17,18,24,31,10,2,3,4,5,12,11,
949,0,1,8,9,2,7,14,21,28,35,36,37,30,29,23,16,17,
950,0,1,7,14,15,8,9,10,17,16,23,30,29,37,38,45,44,
951,0,1,7,8,15,14,9,16,23,30,31,24,37,17,
952,0,7,14,8,9,2,1,3,4,11,10,17,24,23,30,16,15,
953,0,7,14,15,16,17,9,23,30,29,28,35,42,21,
954,0,7,14,21,28,29,30,31,23,24,22,37,44,45,43,
955,0,7,14,15,22,23,16,30,37,31,8,17,18,19,12,11,4,5,
956,0,7,8,9,16,15,23,30,29,22,37,38,45,46,47,
957,0,7,8,1,9,10,11,18,19,12,20,13,6,5,17,
958,0,1,2,3,4,11,18,17,16,15,23,30,29,24,37,44,
959,0,7,8,9,16,23,30,37,38,31,22,21,28,29,
960,0,1,2,3,4,11,12,10,5,18,19,6,13,20,
961,0,7,8,9,16,23,17,30,29,31,22,21,14,15,
962,0,1,2,9,10,17,16,23,24,30,22,25,26,33,
963,0,1,2,9,16,17,24,25,32,31,38,45,44,37,36,43,30,23,29,28,
964,0,7,8,1,14,15,16,23,30,37,
965,0,1,2,9,3,10,17,24,16,23,31,38,37,39,46,47,48,
966,0,7,8,9,10,17,16,15,23,22,14,21,
967,0,1,2,3,10,11,12,5,18,19,20,27,17,
968,0,7,14,15,8,9,10,3,2,16,23,24,22,21,30,37,31,
969,0,1,7,14,21,22,29,36,43,44,45,37,46,39,38,42,
970,0,7,14,21,28,35,36,37,38,45,46,39,32,33,40,41,47,48,
971,0,7,8,9,2,3,4,1,15,16,17,18,11,10,
972,0,7,14,8,9,16,17,23,30,37,24,29,31,38,
973,0,7,14,8,9,2,1,10,
974,0,1,8,2,9,7,16,23,24,31,30,15,14,
975,0,1,2,7,8,9,16,23,30,22,29,28,35,15,24,
976,0,1,2,8,9,16,15,14,21,22,23,30,29,
977,0,7,14,1,2,9,10,17,16,24,25,23,22,31,32,39,46,38,45,
978,0,1,7,8,9,2,16,15,22,29,36,43,42,44,
979,0,7,8,1,14,15,22,21,23,16,17,10,3,2,9,
980,0,1,2,9,8,15,14,7,21,28,29,22,23,30,37,44,36,43,
981,0,1,2,9,16,23,30,37,44,45,46,47,22,29,28,21,35,42,
982,0,7,1,8,15,9,16,23,24,17,
983,0,1,8,9,16,15,7,22,29,30,37,44,45,46,39,43,36,
984,0,7,8,9,16,23,22,30,37,31,17,24,25,32,39,46,40,47,
985,0,7,14,8,9,16,23,22,15,24,25,32,39,40,33,34,31,
986,0,1,2,3,4,11,10,12,17,16,23,24,30,29,22,21,14,28,
987,0,1,8,9,16,17,18,25,19,26,11,10,15,14,7,
988,0,7,14,15,1,2,8,3,10,11,4,17,
989,0,7,1,2,14,8,21,22,15,16,9,10,3,
990,0,7,1,2,8,9,3,10,
991,0,7,8,9,1,2,3,16,23,30,37,31,32,38,39,46,45,44,43,36,29,
992,0,7,14,21,15,8,1,2,3,4,5,12,11,10,9,16,23,24,30,
993,0,1,8,15,22,14,7,9,16,23,30,31,29,
994,0,7,14,15,22,23,16,30,37,29,38,39,40,
995,0,7,14,21,22,23,30,37,38,45,36,31,24,17,16,
996,0,7,14,21,28,29,30,36,43,42,35,37,31,32,
997,0,1,2,9,16,23,24,30,29,37,31,
998,0,7,1,2,3,10,9,8,16,23,30,24,22,21,14,
999,0,1,8,9,16,15,23,30,37,29,31,32,33,34,40,41,48,
