0,0,1,8,15,16,22,
1,0,7,1,14,15,22,
2,0,1,2,9,16,15,14,7,21,22,
3,0,7,14,21,15,8,16,17,9,
4,0,7,14,15,
5,0,7,1,2,9,16,15,22,29,36,43,42,44,45,
6,0,7,8,15,16,22,14,
7,0,1,2,3,9,8,16,15,14,
8,0,7,14,15,16,23,
9,0,1,2,9,16,15,14,21,22,29,36,43,42,35,
10,0,7,14,21,28,35,22,29,15,
11,0,1,8,15,22,14,16,
12,0,1,2,9,16,17,15,22,
13,0,1,2,9,16,15,8,3,
14,0,1,8,15,22,16,23,9,10,
15,0,1,2,9,16,17,24,31,32,
16,0,1,2,9,3,10,16,
17,0,1,2,3,10,9,16,23,17,
18,0,7,14,15,16,9,17,
19,0,1,2,9,8,15,16,23,
20,0,1,2,3,10,9,16,17,15,8,
21,0,1,2,9,16,15,17,24,
22,0,7,14,15,16,9,23,22,21,28,35,36,37,30,17,
23,0,1,2,9,16,10,8,15,23,
24,0,1,2,9,10,16,17,8,15,23,
25,0,1,2,9,16,8,17,15,18,11,
26,0,1,2,9,10,3,16,17,
27,0,1,2,9,16,15,17,
28,0,1,2,9,16,17,15,
29,0,1,2,9,16,
30,0,1,2,9,16,15,17,
31,0,1,2,9,16,17,23,
32,0,1,8,15,16,14,22,23,
33,0,1,2,9,10,16,15,23,
34,0,1,2,9,16,17,10,
35,0,7,14,15,16,17,18,11,10,3,
36,0,1,8,7,14,15,16,17,9,
37,0,1,7,14,15,22,23,30,16,17,
38,0,1,2,9,16,23,
39,0,1,2,9,16,15,23,
40,0,1,2,9,16,17,18,11,12,
41,0,7,14,15,16,23,9,
42,0,1,2,9,16,8,15,17,
43,0,1,2,9,16,23,15,17,
44,0,1,2,9,16,15,17,24,23,
45,0,1,2,9,16,23,
46,0,1,2,3,9,16,23,24,25,32,31,30,17,10,
47,0,1,2,9,16,17,10,11,18,
48,0,1,2,9,16,23,24,
49,0,1,2,8,9,16,15,17,
50,0,1,8,9,16,17,23,24,22,
51,0,1,2,9,16,23,17,15,
52,0,1,2,9,16,15,8,23,
53,0,1,2,9,16,15,22,29,
54,0,1,8,15,16,9,7,
55,0,1,2,9,16,15,
56,0,7,1,2,9,16,17,
57,0,1,2,9,16,23,24,17,18,11,12,
58,0,1,2,3,9,16,17,18,11,
59,0,1,2,9,16,15,8,
60,0,1,2,9,16,15,23,22,
61,0,1,2,9,16,23,17,15,8,
62,0,1,2,9,16,23,8,17,24,
63,0,1,2,9,16,17,23,15,
64,0,7,14,15,16,9,22,23,30,
65,0,1,2,9,16,15,17,10,11,4,18,
66,0,1,8,9,16,23,
67,0,7,14,8,1,2,9,16,17,
68,0,1,2,9,16,8,15,
69,0,1,8,9,16,23,17,
70,0,7,14,15,16,23,9,
71,0,1,2,9,16,23,30,
72,0,7,14,15,8,9,16,23,24,
73,0,1,2,9,16,17,15,
74,0,1,2,9,16,23,24,30,22,29,
75,0,1,2,9,16,17,23,
76,0,1,2,9,16,17,23,
77,0,1,2,9,16,23,15,
78,0,1,2,9,16,17,15,23,
79,0,1,2,9,16,8,15,
80,0,1,2,9,16,15,
81,0,7,14,15,16,23,24,30,9,17,10,11,18,
82,0,7,8,9,16,15,17,
83,0,1,2,9,16,15,
84,0,1,8,7,14,15,9,16,23,
85,0,7,14,15,16,23,17,9,10,
86,0,7,14,15,16,23,24,
87,0,1,2,9,16,15,8,
88,0,1,2,9,8,7,14,15,16,23,
89,0,7,8,9,16,23,17,
90,0,1,2,9,16,15,
91,0,1,8,9,16,23,
92,0,1,2,9,10,17,16,15,14,
93,0,7,8,9,16,17,
94,0,7,8,9,10,11,18,17,16,
95,0,1,2,9,16,17,
96,0,1,8,9,2,16,15,23,
97,0,1,2,9,16,
98,0,1,2,9,16,15,10,
99,0,1,7,8,9,16,17,
100,0,1,2,9,16,17,23,24,15,
101,0,7,8,9,16,2,14,15,22,23,
102,0,7,14,15,16,9,2,1,10,11,4,
103,0,1,2,9,16,17,
104,0,1,2,9,16,15,23,
105,0,1,2,9,16,8,15,10,
106,0,1,2,9,16,17,23,15,
107,0,1,2,9,8,16,17,23,
108,0,7,8,9,16,17,2,
109,0,1,2,9,16,15,
110,0,1,2,9,8,16,15,22,21,23,
111,0,7,8,9,16,23,
112,0,7,8,9,10,11,12,13,20,
113,0,1,2,3,10,11,12,5,13,20,
114,0,1,2,9,16,15,17,10,
115,0,1,8,9,10,11,18,
116,0,1,8,9,16,17,18,11,4,
117,0,1,2,9,16,17,23,30,31,
118,0,1,2,9,16,23,30,37,31,
119,0,7,8,9,16,17,23,30,31,
120,0,1,2,9,16,23,30,31,29,22,37,
121,0,1,2,9,16,23,30,31,
122,0,7,1,2,9,16,23,24,25,18,17,30,37,
123,0,1,2,9,16,23,22,29,30,
124,0,1,2,9,16,23,30,29,
125,0,1,2,9,16,17,18,11,10,
126,0,1,2,3,10,11,4,18,
127,0,7,8,9,10,11,
128,0,1,2,3,10,17,16,23,30,
129,0,1,2,9,16,23,30,37,
130,0,1,8,9,16,17,15,22,23,30,37,
131,0,1,2,9,16,23,15,30,37,
132,0,1,2,8,9,16,23,30,29,31,37,
133,0,7,8,9,16,23,24,30,29,
134,0,1,2,3,10,11,12,4,
135,0,1,2,9,16,23,24,31,30,37,
136,0,1,2,9,16,23,30,31,29,
137,0,7,8,9,16,23,30,29,28,
138,0,1,2,9,16,23,30,37,24,29,
139,0,1,2,3,10,11,12,19,
140,0,1,2,9,16,23,30,37,31,
141,0,1,2,9,16,23,30,31,29,
142,0,1,2,9,10,11,12,
143,0,1,2,9,16,17,23,30,
144,0,1,2,9,16,23,30,29,37,
145,0,1,2,9,16,23,30,
146,0,1,2,9,8,16,17,23,30,
147,0,1,2,9,16,23,30,31,37,24,
148,0,1,2,9,16,23,30,31,22,
149,0,1,8,9,16,23,30,31,
150,0,7,8,1,2,9,16,23,30,29,
151,0,1,8,9,10,3,11,4,
152,0,1,2,9,16,23,30,31,
153,0,1,2,9,16,23,22,29,28,21,35,36,37,30,
154,0,1,2,9,10,11,18,17,16,23,15,
155,0,1,2,9,16,23,30,31,29,
156,0,1,2,9,16,23,30,29,36,37,31,
157,0,1,8,9,16,23,30,37,
158,0,1,2,9,16,23,30,31,
159,0,1,2,3,10,9,16,23,30,31,29,
160,0,1,2,9,16,23,30,29,
161,0,1,8,9,16,23,22,29,30,31,37,38,
162,0,1,2,9,16,23,30,29,37,36,
163,0,1,2,9,16,17,23,30,29,36,37,
164,0,1,2,9,16,23,30,37,31,29,
165,0,1,2,9,16,23,30,
166,0,1,2,3,10,11,4,5,12,
167,0,1,8,9,16,23,30,31,
168,0,1,2,9,16,15,23,30,22,
169,0,1,2,9,16,23,30,31,29,28,
170,0,1,2,9,16,23,30,37,31,
171,0,1,2,3,10,17,16,23,30,31,37,
172,0,7,8,9,16,23,30,
173,0,7,8,9,16,23,30,31,38,29,22,
174,0,1,2,9,16,23,30,31,29,
175,0,1,2,9,16,23,30,31,29,37,
176,0,1,2,9,16,23,30,37,44,45,46,39,38,
177,0,1,2,9,16,23,30,31,29,
178,0,7,8,9,16,23,22,29,30,36,37,38,45,46,39,
179,0,1,2,9,16,23,22,29,30,37,24,
180,0,1,2,9,16,23,30,24,22,29,31,
181,0,7,8,9,2,1,16,15,23,30,29,
182,0,1,2,9,8,10,11,12,
183,0,1,2,9,16,15,17,23,30,37,
184,0,1,2,9,16,23,30,37,
185,0,1,2,3,10,9,16,23,30,37,31,
186,0,7,8,9,16,23,30,31,
187,0,1,2,9,16,17,23,30,29,28,
188,0,1,2,9,16,23,30,31,
189,0,7,8,9,16,15,22,29,30,31,37,23,
190,0,1,2,9,16,23,30,29,31,
191,0,1,7,8,9,16,23,30,24,29,
192,0,1,2,9,16,15,23,30,29,36,37,
193,0,7,1,2,9,16,23,30,37,29,
194,0,1,2,3,9,10,11,4,5,12,
195,0,1,2,9,10,11,12,18,
196,0,1,2,9,8,16,23,30,37,
197,0,1,8,9,16,23,30,31,37,
198,0,1,2,9,16,23,30,37,31,29,44,
199,0,1,2,9,16,23,22,30,37,38,
200,0,1,2,9,16,23,30,31,29,37,24,
201,0,7,8,9,16,15,14,23,30,31,37,
202,0,1,2,9,16,23,30,29,28,21,
203,0,1,2,9,16,23,24,30,31,29,
204,0,1,2,9,8,16,23,30,37,
205,0,1,2,9,16,23,30,37,29,31,
206,0,1,2,9,16,23,30,37,29,31,
207,0,7,14,15,16,17,23,30,29,37,36,
208,0,7,8,9,16,23,30,37,
209,0,1,8,9,16,23,30,31,38,45,46,47,
210,0,1,2,9,8,16,23,22,30,31,
211,0,1,2,9,10,11,18,4,12,
212,0,1,2,9,8,16,23,30,
213,0,1,2,9,8,16,23,30,31,
214,0,1,2,9,16,23,30,37,
215,0,1,2,9,16,23,30,22,
216,0,1,2,9,16,23,30,
217,0,1,2,9,16,23,22,30,37,
218,0,1,2,9,16,15,23,22,21,28,29,30,
219,0,1,2,9,8,7,16,23,30,29,
220,0,1,2,9,8,16,23,30,31,
221,0,1,2,9,10,11,16,23,30,29,
222,0,1,2,9,16,23,30,31,
223,0,1,2,9,16,23,30,31,
224,0,1,2,9,16,23,30,37,44,45,46,47,48,
225,0,1,2,9,16,23,22,30,29,37,
226,0,7,14,15,22,21,23,30,31,
227,0,1,2,9,8,16,23,30,31,29,
228,0,1,2,9,16,15,23,30,37,
229,0,1,2,9,16,23,30,31,38,45,46,
230,0,1,8,9,16,17,10,11,4,
231,0,7,8,9,16,23,30,31,
232,0,1,2,9,16,23,30,29,
233,0,7,1,2,9,16,23,30,31,37,44,45,46,
234,0,1,2,9,16,23,30,
235,0,7,8,9,16,23,30,37,44,45,46,47,48,
236,0,1,2,9,16,23,30,29,31,24,17,
237,0,1,2,3,10,11,18,9,16,15,23,30,37,44,45,
238,0,1,2,9,16,23,30,31,38,39,37,44,45,
239,0,1,2,9,10,16,23,30,37,44,45,46,39,
240,0,1,2,9,16,23,30,31,32,39,46,47,48,
241,0,7,8,9,16,23,30,37,38,39,46,47,48,
242,0,1,2,3,4,11,12,18,10,9,16,
243,0,1,2,9,16,23,30,29,28,37,36,
244,0,1,2,9,8,16,23,22,30,37,44,45,46,47,
245,0,7,8,1,2,9,16,23,24,22,30,37,44,45,38,39,
246,0,7,8,9,16,23,30,37,44,45,46,47,39,
247,0,1,8,9,16,23,22,17,24,30,37,44,45,
248,0,1,2,9,16,23,30,37,36,44,45,
249,0,1,2,9,16,23,30,37,44,45,46,39,47,48,
250,0,1,8,9,16,23,30,31,37,44,45,43,
251,0,1,2,9,8,15,16,23,30,37,44,45,46,47,48,
252,0,1,2,3,10,9,16,23,30,29,36,37,44,45,46,47,48,
253,0,7,8,9,16,23,30,37,38,31,44,45,46,47,48,
254,0,1,2,9,16,23,30,29,37,44,45,46,47,48,
255,0,1,2,9,16,23,30,29,36,37,44,
256,0,1,2,9,16,23,30,37,44,45,46,39,47,
257,0,1,2,8,9,16,23,30,37,44,45,46,39,32,
258,0,1,2,9,16,23,30,37,44,45,46,47,48,
259,0,1,2,9,16,23,30,37,44,45,46,47,48,
260,0,1,2,9,8,16,23,30,37,44,45,38,46,47,48,
261,0,7,8,1,2,9,16,17,23,30,37,44,45,46,47,48,
262,0,1,2,9,16,23,17,30,37,44,45,38,46,39,
263,0,1,2,9,16,23,30,31,24,37,44,45,38,
264,0,1,2,9,8,16,23,30,37,36,44,45,46,47,48,
265,0,1,2,9,16,23,30,37,44,45,46,39,38,47,
266,0,1,2,9,16,23,30,37,44,45,46,47,48,
267,0,1,8,9,16,23,30,37,44,45,46,47,48,
268,0,1,7,8,9,16,23,30,37,36,44,45,46,47,48,
269,0,1,2,9,16,15,23,30,37,44,45,46,47,40,48,
270,0,1,2,9,16,15,23,30,29,37,44,45,46,47,48,
271,0,1,2,9,10,16,17,23,30,37,44,45,46,47,40,48,
272,0,1,2,9,10,16,23,22,30,37,44,45,46,47,48,
273,0,1,2,9,16,23,24,30,37,38,45,46,47,48,
274,0,1,8,9,10,16,23,22,30,37,44,45,46,
275,0,1,2,9,16,23,30,37,44,45,46,47,48,
276,0,1,2,9,16,23,30,37,44,45,46,47,48,
277,0,1,2,9,16,23,30,37,44,45,38,46,47,48,
278,0,1,2,9,16,23,24,30,31,37,44,45,
279,0,1,2,9,16,23,30,37,44,45,
280,0,1,2,9,16,23,30,37,36,44,45,46,47,40,48,
281,0,1,8,9,16,17,23,24,30,29,37,44,45,38,
282,0,1,2,9,16,23,22,15,8,30,37,44,45,46,47,
283,0,1,2,9,10,16,23,30,37,44,45,46,47,40,
284,0,1,2,3,4,9,16,23,30,37,44,45,46,47,48,
285,0,1,8,9,16,15,17,23,30,29,37,36,43,42,
286,0,1,2,9,16,17,24,23,30,37,44,43,45,46,47,48,
287,0,1,8,9,16,23,22,30,37,36,44,45,46,39,47,
288,0,1,2,3,9,8,16,23,30,37,44,45,46,47,48,
289,0,1,2,9,10,16,23,30,37,44,45,46,47,48,
290,0,7,1,2,9,8,16,23,30,37,44,45,46,47,
291,0,7,8,9,16,17,23,24,30,37,36,44,45,46,47,40,39,
292,0,1,2,9,16,23,30,37,44,45,46,47,40,48,
293,0,1,2,9,10,16,15,23,30,29,31,32,39,40,47,48,
294,0,1,2,9,10,17,16,23,30,37,44,43,45,46,47,48,
295,0,1,2,9,16,23,30,37,44,45,46,47,48,
296,0,7,1,2,9,16,23,30,37,44,45,46,47,48,
297,0,1,2,9,16,23,30,37,44,45,46,47,48,
298,0,1,8,9,16,15,23,30,37,44,45,46,47,48,
299,0,1,2,9,16,23,30,37,44,45,38,46,47,48,
300,0,1,2,9,16,23,30,37,44,45,46,47,48,
301,0,1,2,9,16,23,30,37,44,45,46,47,48,
302,0,1,7,8,9,16,23,24,30,29,37,44,45,46,47,48,
303,0,1,2,9,16,23,30,31,37,36,44,45,46,39,47,48,
304,0,1,2,9,16,23,30,37,44,45,46,47,48,
305,0,1,2,9,16,23,30,37,44,45,46,47,48,
306,0,1,7,8,9,16,23,30,37,44,45,38,46,47,40,48,
307,0,1,2,9,16,17,23,30,37,44,45,46,47,48,
308,0,1,2,9,16,23,30,37,44,45,46,47,48,
309,0,1,2,9,16,23,30,37,36,44,43,45,
310,0,1,2,9,8,16,23,22,30,37,44,38,45,46,47,
311,0,1,2,9,16,23,30,37,44,45,46,47,40,41,48,
312,0,1,2,9,16,17,23,30,37,44,45,46,
313,0,1,2,9,16,23,30,37,44,45,46,47,48,
314,0,1,2,3,9,16,23,22,30,37,44,43,36,29,
315,0,7,8,9,16,23,30,37,44,45,46,47,48,
316,0,1,2,9,16,23,30,37,44,45,38,46,47,48,
317,0,7,8,1,2,9,16,23,24,15,17,30,37,44,45,
318,0,1,2,9,16,23,30,37,44,45,46,47,40,48,
319,0,1,2,9,16,23,24,30,37,44,45,46,47,48,
320,0,1,2,9,16,23,30,37,44,43,45,
321,0,7,8,9,16,23,30,37,44,43,45,46,47,48,
322,0,1,2,9,16,17,8,24,23,30,37,36,
323,0,1,2,9,16,23,24,22,15,29,30,28,37,
324,0,1,8,15,16,17,18,11,10,9,23,30,37,44,45,38,46,47,
325,0,1,2,9,16,23,30,37,31,38,45,44,
326,0,1,2,9,16,17,23,30,37,44,45,46,39,47,48,
327,0,1,2,9,16,23,22,21,28,29,30,37,44,43,36,
328,0,1,2,9,16,23,30,37,44,45,38,46,47,48,
329,0,1,2,3,9,16,23,30,37,36,44,45,
330,0,7,8,1,9,16,23,30,31,24,
331,0,1,2,9,8,16,15,22,23,30,29,37,44,45,38,
332,0,1,2,9,8,16,23,30,37,44,45,46,39,47,48,
333,0,1,8,9,16,23,30,37,44,45,46,47,48,
334,0,7,8,9,16,23,30,37,44,45,46,47,48,
335,0,1,2,9,10,16,23,30,37,38,45,46,47,40,48,
336,0,1,2,9,10,16,23,30,37,44,45,46,47,48,
337,0,1,2,9,10,16,17,23,30,37,44,45,46,39,47,
338,0,1,2,9,16,23,30,37,44,45,46,47,48,
339,0,1,2,9,16,17,23,30,37,44,45,46,47,48,
340,0,7,14,15,22,21,23,30,37,44,
341,0,1,2,9,16,23,30,37,44,45,46,47,48,
342,0,1,8,9,2,3,16,23,30,31,38,45,46,47,40,
343,0,1,2,9,16,23,30,37,44,45,46,47,48,
344,0,1,2,9,16,23,30,31,37,44,45,46,39,47,
345,0,1,2,9,8,16,23,30,37,44,45,46,47,48,
346,0,1,2,9,16,23,30,37,44,45,46,47,48,
347,0,1,2,8,15,16,23,30,31,38,45,46,47,40,48,
348,0,1,2,9,16,23,30,37,38,45,46,39,47,
349,0,1,2,9,16,23,22,30,37,44,45,46,47,48,
350,0,1,2,9,16,23,22,30,37,44,45,46,47,48,
351,0,1,2,9,16,23,30,37,38,45,46,47,40,48,
352,0,7,14,15,16,23,30,37,44,45,46,47,48,
353,0,1,2,9,16,23,30,37,44,45,38,46,47,48,
354,0,1,2,9,16,23,30,29,37,44,45,38,46,47,48,
355,0,7,8,9,16,23,30,29,37,44,45,38,46,47,48,
356,0,1,2,9,16,23,30,37,44,43,45,46,47,48,
357,0,1,8,9,16,23,30,29,31,38,37,44,45,46,
358,0,1,2,8,9,16,15,23,30,31,38,45,46,47,48,
359,0,1,2,3,9,10,16,23,30,37,44,45,46,47,
360,0,7,8,9,16,23,30,37,44,45,46,47,48,
361,0,1,2,9,16,23,30,37,44,45,46,47,48,
362,0,1,2,9,16,23,30,37,44,43,45,46,47,48,
363,0,1,2,9,16,23,30,37,38,31,24,44,45,46,47,48,
364,0,1,2,9,16,23,30,37,44,45,46,47,48,
365,0,1,2,9,16,23,30,37,44,45,38,46,47,40,48,
366,0,1,2,9,16,23,30,37,44,45,46,47,
367,0,1,2,9,16,23,30,37,44,45,46,47,48,
368,0,1,2,9,16,23,30,37,44,45,46,47,48,
369,0,1,2,9,16,23,22,29,30,37,44,45,46,47,
370,0,1,2,9,16,23,30,29,37,44,45,46,47,48,
371,0,1,2,9,16,23,30,37,44,45,46,38,31,32,39,
372,0,1,2,3,9,16,17,24,23,30,31,32,39,46,47,
373,0,1,2,9,16,23,30,37,44,45,46,47,48,
374,0,1,2,9,16,23,22,30,37,44,45,46,47,48,
375,0,1,2,9,16,15,23,30,37,44,45,46,47,
376,0,1,2,9,16,23,30,37,44,45,46,47,48,
377,0,1,8,2,3,9,16,23,30,37,
378,0,1,8,9,2,16,23,30,37,44,45,38,46,47,
379,0,1,2,9,16,23,24,30,37,44,45,46,47,48,
380,0,1,2,3,10,9,16,23,30,37,38,45,46,47,48,
381,0,1,2,9,16,23,30,31,38,45,46,47,48,
382,0,1,2,3,9,16,23,30,37,38,45,46,47,48,
383,0,1,2,9,16,23,30,31,38,45,39,37,44,43,
384,0,1,2,9,16,23,30,37,44,45,38,46,47,40,
385,0,1,8,7,9,2,16,23,30,37,44,45,46,47,
386,0,1,2,9,16,23,24,31,30,37,44,45,38,46,47,48,
387,0,1,2,9,8,16,23,30,37,44,45,46,
388,0,1,8,9,16,23,30,37,44,45,46,39,47,48,
389,0,1,2,9,16,23,30,37,44,45,46,47,48,
390,0,1,2,9,16,23,30,29,28,37,44,45,46,47,40,
391,0,7,8,9,2,16,23,30,37,44,45,46,47,48,
392,0,1,2,9,16,15,23,24,30,37,44,45,38,
393,0,1,2,9,16,23,30,37,44,43,45,46,47,
394,0,1,2,9,16,23,30,37,36,29,44,45,46,47,
395,0,1,2,9,10,16,23,30,37,38,45,46,47,
396,0,7,8,9,16,17,18,25,26,32,39,46,47,48,
397,0,7,1,2,9,10,16,23,30,37,44,45,46,47,40,
398,0,1,2,9,16,23,30,37,44,45,46,47,48,
399,0,1,2,9,8,15,16,23,30,37,44,43,45,46,47,
400,0,1,2,9,16,23,30,37,44,45,38,46,47,48,
401,0,1,2,3,10,9,16,23,30,37,44,45,46,38,31,
402,0,1,8,9,16,23,30,37,38,45,46,47,48,
403,0,1,2,9,10,16,23,30,37,44,43,45,46,47,48,
404,0,1,2,9,16,17,23,30,37,36,44,45,38,31,
405,0,1,2,9,16,23,30,37,44,45,46,47,48,
406,0,1,2,9,10,16,23,30,31,38,45,46,47,48,
407,0,1,2,9,16,23,30,37,44,45,46,47,40,48,
408,0,1,2,3,9,16,23,30,37,44,45,46,47,48,
409,0,1,2,9,16,23,24,30,37,44,45,46,47,
410,0,1,2,9,16,23,30,29,31,38,45,46,47,
411,0,1,2,9,16,23,30,37,24,44,45,46,47,48,
412,0,1,2,9,16,17,23,30,37,44,45,46,47,48,
413,0,1,2,9,16,23,24,25,30,37,44,45,
414,0,7,8,9,16,23,30,31,38,45,46,47,39,48,
415,0,1,2,9,16,23,30,37,36,44,45,46,47,48,
416,0,1,2,3,9,8,16,23,30,37,44,45,46,47,48,
417,0,7,1,2,9,16,23,22,30,37,44,45,46,39,
418,0,1,2,9,16,23,30,37,36,44,45,46,47,48,
419,0,1,2,9,16,23,30,37,44,45,46,39,47,40,48,
420,0,1,2,9,16,17,23,30,37,44,45,46,39,38,31,
421,0,1,2,3,9,16,23,22,30,37,36,44,45,46,47,48,
422,0,1,2,9,10,8,16,17,23,30,29,37,44,45,
423,0,1,2,9,16,23,30,31,38,45,44,46,47,48,
424,0,1,2,9,16,23,24,30,31,38,37,44,45,46,47,48,
425,0,1,2,9,10,16,23,30,37,44,45,46,47,48,
426,0,7,8,9,16,23,30,37,44,45,46,47,40,33,48,
427,0,7,8,9,2,16,23,30,37,44,45,46,47,48,
428,0,1,2,9,16,8,23,30,37,44,45,46,47,
429,0,1,2,3,9,16,23,22,30,29,36,37,44,45,46,47,
430,0,1,8,9,16,23,30,37,44,45,46,47,48,
431,0,1,2,9,16,23,30,31,37,44,36,38,45,
432,0,1,8,9,16,23,30,31,38,45,44,46,39,47,48,
433,0,1,2,9,10,16,23,30,37,36,44,45,46,47,48,
434,0,1,2,9,16,23,22,24,30,37,44,43,45,
435,0,7,8,15,16,23,30,37,44,45,43,46,47,48,
436,0,1,8,9,16,23,30,37,38,45,46,39,47,48,
437,0,1,2,9,16,23,30,29,37,44,45,46,47,48,
438,0,1,2,9,16,23,30,37,44,45,46,47,48,
439,0,7,8,9,10,16,23,30,37,44,45,46,47,48,
440,0,1,2,9,16,23,24,22,30,31,38,45,46,47,48,
441,0,1,8,9,2,16,23,30,37,44,45,46,47,48,
442,0,1,2,9,16,23,30,37,44,43,45,46,47,48,
443,0,7,8,9,16,17,23,30,37,44,45,46,47,48,
444,0,7,8,9,16,23,24,30,37,44,45,46,39,47,
445,0,1,2,9,16,17,15,23,30,37,44,45,
446,0,1,2,9,16,23,30,37,44,45,46,47,48,
447,0,1,2,9,16,17,24,23,30,37,44,45,46,47,
448,0,1,2,9,16,23,30,37,44,45,46,47,48,
449,0,1,2,9,3,16,23,30,37,44,45,46,47,48,
450,0,1,2,3,9,16,23,30,37,44,45,46,39,
451,0,1,2,9,16,17,10,11,8,
452,0,7,14,15,16,23,30,37,36,44,45,46,47,40,39,48,
453,0,1,2,9,8,16,23,30,37,44,45,46,47,48,
454,0,7,8,9,16,23,30,37,44,45,46,47,48,
455,0,1,2,9,16,23,30,29,28,37,44,45,46,39,47,48,
456,0,1,2,9,16,23,30,37,36,43,44,45,46,47,48,
457,0,1,2,3,9,16,23,30,37,44,45,46,39,47,40,33,
458,0,1,2,9,16,17,23,24,31,30,38,45,46,47,48,
459,0,1,2,3,10,9,16,23,30,29,37,44,43,45,46,47,48,
460,0,1,8,7,9,16,23,30,37,44,45,46,47,48,
461,0,1,2,9,16,23,30,37,38,39,46,47,
462,0,1,2,9,16,23,22,24,30,37,44,45,46,47,
463,0,1,2,9,16,23,30,22,37,44,45,46,47,48,
464,0,7,8,9,16,23,30,37,44,45,46,47,48,
465,0,1,2,9,10,16,23,15,30,37,44,45,46,47,
466,0,1,2,9,8,10,16,23,30,37,38,45,46,47,48,
467,0,7,8,9,16,23,30,31,38,45,46,47,40,48,
468,0,1,2,9,16,23,30,37,36,44,45,46,47,
469,0,1,2,3,10,9,16,15,23,30,37,44,36,
470,0,1,2,9,16,17,24,23,30,31,38,45,46,47,
471,0,1,2,9,16,23,30,37,44,45,46,39,47,40,48,
472,0,1,2,9,16,23,30,37,44,45,46,47,48,
473,0,1,2,3,10,9,16,15,17,23,
474,0,7,8,1,9,16,23,30,37,44,45,46,47,48,
475,0,1,8,9,16,23,30,37,38,45,46,39,47,
476,0,1,2,9,16,23,22,30,37,44,45,46,39,47,48,
477,0,1,2,9,16,23,30,37,44,45,46,47,48,
478,0,1,2,3,9,8,7,10,16,23,30,37,44,45,
479,0,1,2,9,10,16,17,23,30,37,44,45,46,47,
480,0,1,2,9,16,23,30,31,38,45,46,47,48,
481,0,1,2,9,16,23,30,29,36,37,44,45,46,47,40,39,32,31,
482,0,1,2,9,16,23,30,31,37,44,45,46,47,48,
483,0,1,2,9,16,15,23,30,37,44,45,46,47,40,
484,0,1,2,9,16,23,30,29,22,37,44,45,46,47,48,
485,0,1,2,9,10,16,23,30,31,38,45,44,46,47,40,
486,0,1,2,9,16,23,30,37,44,45,46,47,40,48,
487,0,1,2,9,16,23,24,30,37,44,45,38,46,47,
488,0,1,2,9,16,15,23,30,37,44,45,46,39,38,47,40,
489,0,1,2,9,16,23,30,37,44,45,46,47,48,
490,0,1,8,9,16,23,30,37,44,45,46,47,48,
491,0,1,2,9,16,23,22,30,37,38,45,44,46,47,48,
492,0,1,2,3,9,16,23,30,29,
493,0,1,2,9,16,23,30,37,36,43,44,45,46,47,48,
494,0,1,2,9,16,23,24,30,31,37,44,45,46,47,48,
495,0,1,2,9,16,23,30,31,38,45,46,39,47,48,
496,0,1,8,9,16,15,22,23,30,37,44,45,46,47,48,
497,0,7,14,15,16,23,30,37,44,45,38,46,39,47,48,
498,0,1,2,9,10,8,16,17,23,30,37,44,45,46,39,
499,0,1,2,3,9,16,23,30,37,44,45,46,47,48,
500,0,1,8,9,16,23,30,29,37,44,45,38,46,47,
501,0,1,8,9,10,16,23,30,37,44,45,46,39,47,
502,0,7,8,9,16,23,30,37,44,45,46,47,48,
503,0,1,2,3,9,16,23,30,37,44,43,42,45,46,47,48,
504,0,1,2,9,16,15,23,22,30,37,44,45,46,47,48,
505,0,1,2,9,16,23,30,37,36,44,45,46,47,48,
506,0,1,2,9,16,23,30,37,44,45,38,46,47,48,
507,0,1,2,9,16,23,30,24,31,38,45,39,40,33,34,41,
508,0,1,2,9,16,23,22,30,37,44,45,46,47,48,
509,0,1,2,9,16,23,30,37,44,45,46,47,48,
510,0,1,2,9,16,23,30,37,44,43,45,46,39,
511,0,7,1,2,9,16,23,30,37,38,31,45,46,39,32,
512,0,1,2,9,16,8,15,23,30,31,38,45,46,47,40,48,
513,0,1,2,9,16,17,23,30,29,37,44,45,46,47,48,
514,0,1,2,9,16,23,30,37,44,43,45,46,47,48,
515,0,1,2,9,16,23,30,31,38,45,37,36,44,46,47,48,
516,0,1,8,9,16,10,15,23,30,37,44,45,46,47,
517,0,1,2,9,16,23,30,37,44,45,38,31,46,47,
518,0,1,8,2,9,16,23,30,31,38,45,46,47,48,
519,0,1,2,9,16,23,30,37,44,45,46,47,48,
520,0,1,2,9,16,15,23,30,37,44,45,46,47,48,
521,0,1,2,9,16,23,30,31,38,45,46,47,48,
522,0,1,2,9,16,23,30,37,44,43,45,46,47,48,
523,0,1,2,9,16,23,30,37,38,45,46,39,47,48,
524,0,1,8,9,16,23,24,30,37,44,45,46,39,47,40,
525,0,1,2,9,16,23,30,37,44,45,38,46,47,48,
526,0,1,8,7,9,16,23,30,37,44,45,46,47,48,
527,0,1,2,9,16,23,30,37,44,45,46,47,40,
528,0,7,8,9,16,23,30,37,44,45,46,47,48,
529,0,1,2,9,16,23,30,37,44,45,46,47,
530,0,7,8,9,16,23,30,24,22,37,44,45,46,47,48,
531,0,7,8,9,16,23,30,37,44,43,45,46,47,48,
532,0,1,2,3,9,10,16,23,24,31,38,45,46,47,
533,0,1,2,3,9,16,23,30,29,36,37,
534,0,1,2,9,8,16,10,23,30,29,37,44,45,46,47,
535,0,1,2,9,16,10,23,22,24,17,18,25,
536,0,1,2,9,16,23,30,37,44,45,46,47,48,
537,0,1,2,9,16,23,30,37,38,39,46,47,48,
538,0,1,8,9,15,16,23,30,22,37,36,
539,0,1,2,9,16,17,23,30,37,44,45,46,47,40,
540,0,1,2,9,16,23,22,15,14,30,37,
541,0,1,2,3,9,16,23,30,29,37,44,45,46,47,48,
542,0,1,2,9,16,23,30,37,44,45,46,39,38,40,47,
543,0,1,2,9,16,23,30,31,32,39,38,45,46,47,48,
544,0,1,2,9,16,23,30,37,36,44,45,46,47,48,
545,0,1,8,9,16,23,30,37,44,45,38,46,39,
546,0,1,2,3,9,16,15,23,30,37,44,45,46,47,48,
547,0,1,2,9,8,16,23,30,37,36,31,
548,0,1,2,9,16,10,15,23,24,31,38,
549,0,1,2,9,16,23,30,37,38,45,46,47,48,
550,0,1,8,9,16,23,30,37,44,45,46,47,48,
551,0,1,2,9,10,3,16,23,30,37,44,45,46,39,40,47,48,
552,0,1,2,9,16,23,30,37,44,45,46,47,48,
553,0,1,2,9,16,23,30,37,38,45,46,47,48,
554,0,1,8,2,9,16,17,23,30,37,36,44,45,
555,0,1,2,9,16,17,23,30,37,44,45,46,47,48,
556,0,1,7,14,15,16,23,30,37,44,45,46,47,48,
557,0,1,2,9,16,23,30,29,22,37,44,45,46,47,48,
558,0,1,2,3,9,16,23,30,31,38,45,46,47,48,
559,0,1,2,9,16,15,23,30,37,44,45,46,47,48,
560,0,1,2,7,8,15,16,23,30,37,44,45,46,47,48,
561,0,7,8,15,16,23,30,37,44,45,46,38,47,48,
562,0,1,2,9,16,23,30,29,37,44,36,45,46,47,48,
563,0,1,2,9,16,23,30,29,37,44,45,46,39,47,
564,0,1,2,9,10,11,18,25,32,39,46,47,48,
565,0,1,2,9,16,23,24,30,37,44,45,46,47,48,
566,0,1,2,9,16,23,22,30,37,44,45,46,47,48,
567,0,1,2,9,16,23,30,29,37,44,45,46,47,48,
568,0,7,8,9,16,23,30,37,44,45,46,47,48,
569,0,7,8,15,16,23,22,24,17,30,37,44,45,46,47,
570,0,1,8,9,16,23,30,37,44,45,46,47,48,
571,0,1,2,9,16,15,23,30,37,44,45,46,47,48,
572,0,7,8,9,16,17,23,30,31,38,39,46,45,47,48,
573,0,1,2,9,16,23,30,37,44,43,36,45,46,47,48,
574,0,1,2,3,10,17,16,23,22,30,37,44,45,46,47,
575,0,1,2,9,16,23,30,37,44,45,46,39,38,
576,0,1,8,9,16,23,30,37,44,45,38,46,47,
577,0,1,2,9,16,23,30,37,44,45,46,47,48,
578,0,1,8,9,16,23,30,37,44,45,38,31,36,46,47,
579,0,1,8,9,16,17,23,30,22,24,37,44,45,
580,0,1,8,9,7,16,23,30,37,44,45,46,47,48,
581,0,1,2,9,16,23,30,31,24,37,44,45,46,47,48,
582,0,1,2,9,16,23,30,37,44,45,46,47,48,
583,0,1,7,8,9,16,23,30,37,44,43,42,36,29,
584,0,1,2,9,16,15,8,23,30,37,44,45,38,39,
585,0,1,2,8,9,16,23,30,37,44,45,46,47,48,
586,0,1,2,9,16,23,30,37,44,45,46,47,48,
587,0,1,2,9,16,23,30,37,44,45,46,47,40,48,
588,0,1,2,9,16,23,30,37,36,31,24,17,44,43,
589,0,1,2,9,16,23,30,31,38,45,46,39,47,
590,0,1,2,9,16,23,30,37,44,45,46,47,48,
591,0,1,2,9,16,23,30,37,44,45,46,47,48,
592,0,1,2,9,16,23,30,37,44,45,46,47,48,
593,0,1,2,9,16,23,30,37,44,45,46,47,48,
594,0,1,2,9,10,16,17,23,30,29,
595,0,1,8,9,16,23,30,37,44,45,46,47,48,
596,0,1,2,9,16,23,30,37,44,45,38,31,39,46,
597,0,1,2,9,16,15,14,7,8,10,
598,0,7,8,9,10,16,17,23,30,37,44,45,38,46,47,48,
599,0,1,2,9,16,23,30,37,44,45,46,47,48,
600,0,7,8,1,2,9,16,23,30,37,44,45,46,47,48,
601,0,1,8,9,16,23,30,37,44,45,46,47,40,48,
602,0,1,2,9,16,23,24,30,37,44,45,46,47,48,
603,0,1,2,3,9,16,23,30,31,38,45,46,47,48,
604,0,1,2,9,16,23,30,37,44,45,46,47,48,
605,0,1,7,8,9,16,23,30,37,44,43,36,45,46,47,40,
606,0,1,2,9,16,23,30,37,44,45,46,47,40,39,48,
607,0,1,2,9,16,23,22,30,31,38,45,46,39,47,48,
608,0,1,2,9,16,23,24,30,37,36,44,45,46,47,48,
609,0,7,8,9,16,23,30,37,44,45,46,47,48,
610,0,7,1,2,9,8,16,23,30,31,38,45,46,
611,0,1,2,9,16,23,30,37,44,45,
612,0,1,2,9,16,23,30,37,44,43,42,36,29,45,46,47,
613,0,1,2,9,16,23,30,37,44,45,43,42,36,
614,0,1,2,3,9,16,23,30,37,38,45,44,46,47,
615,0,1,2,9,16,23,30,29,28,37,44,45,46,47,48,
616,0,1,2,9,16,23,30,37,44,45,46,47,48,
617,0,1,8,9,15,16,17,23,22,29,30,
618,0,1,2,9,16,23,30,37,44,45,46,47,48,
619,0,1,8,9,16,15,23,30,37,44,45,46,47,40,48,
620,0,1,2,9,10,16,23,30,31,32,39,46,47,48,
621,0,7,8,15,22,23,30,37,44,45,38,46,47,48,
622,0,1,2,9,16,23,30,37,36,38,45,46,47,
623,0,1,2,9,10,11,16,23,30,37,38,45,
624,0,1,2,9,16,17,23,30,37,44,43,45,46,47,40,
625,0,1,2,9,10,16,23,30,37,38,45,44,
626,0,1,2,9,10,11,16,23,30,37,44,45,46,47,48,
627,0,1,2,3,9,16,23,30,37,44,45,46,47,48,
628,0,1,2,3,9,16,23,24,30,37,44,43,36,
629,0,7,8,9,16,23,30,37,44,45,46,47,48,
630,0,1,2,9,16,23,24,22,30,37,44,45,38,
631,0,7,8,1,2,9,16,15,23,30,29,28,37,44,45,46,47,
632,0,1,2,9,16,23,30,37,36,44,45,46,47,48,
633,0,1,2,9,16,17,24,23,30,37,44,45,46,47,48,
634,0,1,8,9,16,23,30,37,44,45,46,47,48,
635,0,1,7,8,9,16,23,30,37,44,45,46,39,32,47,48,
636,0,1,7,8,14,15,16,9,23,30,37,44,45,38,46,47,
637,0,7,8,9,16,23,30,37,44,45,46,47,48,
638,0,1,2,9,16,23,30,37,38,45,46,47,48,
639,0,1,2,9,16,23,30,37,44,45,46,47,48,
640,0,1,2,9,3,16,23,30,37,
641,0,7,14,15,16,9,23,30,37,44,45,46,47,40,48,
642,0,1,2,9,16,23,30,37,38,39,46,47,48,
643,0,1,2,9,16,23,30,37,44,45,46,39,32,33,40,47,48,
644,0,1,2,9,16,23,30,37,44,45,46,47,48,
645,0,7,8,15,16,23,30,37,44,45,46,47,40,48,
646,0,7,8,9,16,23,24,30,37,44,45,46,47,48,
647,0,1,2,9,16,23,30,29,36,43,42,44,45,46,47,
648,0,1,2,9,16,23,30,37,36,44,45,46,47,48,
649,0,1,2,9,16,23,30,37,44,45,46,47,48,
650,0,7,14,15,16,23,30,31,32,39,40,46,47,48,
651,0,1,2,9,8,10,16,23,30,37,36,44,45,
652,0,1,8,9,16,23,30,37,36,44,45,38,46,47,
653,0,1,2,9,10,16,23,22,15,30,37,44,45,46,47,
654,0,1,2,9,16,23,30,37,44,45,46,47,40,48,
655,0,1,2,9,16,15,23,30,37,44,38,45,46,47,40,48,
656,0,1,2,9,16,17,23,30,37,36,44,45,46,47,
657,0,1,8,9,10,16,23,30,31,38,45,44,46,39,47,
658,0,7,8,9,16,23,30,37,36,44,45,46,47,48,
659,0,1,2,9,16,23,30,37,44,45,46,47,48,
660,0,1,2,9,16,23,30,37,44,45,46,47,48,
661,0,1,2,9,16,23,30,37,44,45,46,39,32,47,48,
662,0,7,8,9,2,16,23,17,30,37,29,44,43,
663,0,1,8,9,16,23,30,37,44,45,38,46,47,48,
664,0,7,8,9,16,23,30,37,44,45,46,47,48,
665,0,1,2,9,16,23,30,37,44,45,38,46,47,48,
666,0,1,2,9,16,23,30,37,44,45,46,47,48,
667,0,1,2,9,16,23,30,37,44,45,46,47,48,
668,0,1,2,9,16,23,30,37,44,45,46,47,48,
669,0,1,2,9,16,15,14,10,17,23,22,
670,0,1,2,9,16,23,30,37,38,45,46,47,48,
671,0,1,2,9,16,23,30,37,44,45,46,39,47,48,
672,0,7,8,1,2,9,16,23,24,30,37,38,45,
673,0,1,2,9,16,15,23,30,37,44,45,46,47,48,
674,0,1,2,9,16,15,23,30,31,38,45,44,37,46,47,48,
675,0,1,2,9,16,23,30,37,44,45,46,47,48,
676,0,1,2,9,16,17,23,30,37,44,45,46,47,48,
677,0,1,2,9,16,23,30,37,44,43,42,35,36,45,46,47,
678,0,1,2,9,16,23,30,37,44,45,46,39,47,48,
679,0,1,2,9,16,23,22,30,37,44,45,46,47,
680,0,1,2,9,16,23,24,30,37,44,45,46,47,48,
681,0,1,2,9,16,23,30,37,36,44,45,46,47,48,
682,0,1,8,9,16,23,30,37,44,45,46,39,47,48,
683,0,1,2,9,8,7,10,16,23,30,37,44,45,46,47,48,
684,0,1,2,3,10,11,12,13,20,27,34,41,40,47,46,48,
685,0,1,2,9,16,23,30,37,44,45,38,46,47,48,
686,0,1,2,9,16,23,30,31,32,24,37,44,45,46,47,
687,0,7,8,9,16,23,24,17,30,37,44,45,46,47,48,
688,0,1,2,9,16,23,30,37,44,43,45,46,47,48,
689,0,1,2,3,9,16,23,24,30,37,44,45,46,47,
690,0,1,2,9,16,23,30,37,36,29,44,45,46,47,48,
691,0,1,2,9,10,16,17,23,30,37,44,45,46,47,
692,0,1,2,9,16,23,30,37,44,45,46,47,48,
693,0,1,2,9,10,16,15,23,22,30,37,36,44,45,46,47,
694,0,1,8,9,16,23,30,37,44,45,38,46,47,39,48,
695,0,1,2,9,16,23,30,37,44,45,46,47,48,
696,0,1,2,9,16,23,30,37,36,44,43,45,46,47,
697,0,1,2,9,16,15,23,30,37,36,44,45,46,47,48,
698,0,1,2,9,16,23,30,37,36,43,44,45,46,47,48,
699,0,1,8,9,16,23,30,37,44,45,46,47,48,
700,0,1,2,9,16,23,30,37,36,44,43,45,38,46,47,
701,0,1,2,9,16,23,30,37,44,45,46,39,47,48,
702,0,1,2,9,10,16,23,30,37,44,45,46,47,48,
703,0,1,2,9,16,23,22,30,37,44,43,45,46,47,40,
704,0,1,2,9,10,16,17,23,30,37,44,45,46,47,48,
705,0,7,8,15,22,21,23,30,37,44,45,46,47,48,
706,0,1,2,9,16,23,30,37,44,45,46,47,48,
707,0,1,2,9,10,16,23,22,30,37,44,45,46,47,48,
708,0,1,2,9,16,23,30,37,44,43,38,45,46,47,40,
709,0,1,2,9,16,23,24,30,37,44,45,46,39,47,48,
710,0,1,2,9,16,23,30,37,44,45,46,47,48,
711,0,1,2,9,16,17,15,23,30,37,44,45,46,47,48,
712,0,1,2,9,16,23,30,31,38,45,46,47,48,
713,0,1,8,9,16,23,30,37,44,43,45,46,39,47,
714,0,7,14,15,16,23,30,37,44,45,46,47,40,48,
715,0,1,2,9,16,23,30,37,44,45,46,47,40,48,
716,0,1,2,9,16,17,23,30,37,44,45,46,47,48,
717,0,1,8,9,16,23,30,29,37,44,45,46,39,47,48,
718,0,1,2,9,16,17,23,22,30,37,44,45,
719,0,1,2,9,16,23,30,37,44,43,42,45,46,47,
720,0,1,8,9,2,16,23,30,37,44,45,46,47,48,
721,0,1,2,9,16,23,30,37,44,45,46,47,48,
722,0,1,2,9,16,23,30,37,44,45,46,47,48,
723,0,1,8,7,9,16,17,23,30,37,44,45,38,46,47,48,
724,0,1,2,9,16,17,23,30,37,44,43,42,45,
725,0,1,2,9,16,23,30,37,31,38,45,46,47,48,
726,0,1,2,9,10,16,23,30,31,38,45,44,46,47,
727,0,1,2,9,16,23,30,31,24,37,44,45,46,47,48,
728,0,1,2,3,9,16,23,30,37,44,45,46,39,47,40,48,
729,0,1,2,9,16,23,24,30,37,44,45,46,47,48,
730,0,1,2,9,16,15,23,22,30,37,44,45,46,47,48,
731,0,1,2,9,16,23,24,15,30,31,22,
732,0,1,8,9,16,23,30,29,22,37,44,45,46,47,48,
733,0,1,2,9,16,23,30,37,44,45,43,46,47,48,
734,0,1,2,8,15,16,23,30,29,36,37,44,43,45,46,47,
735,0,1,2,9,16,23,30,37,44,45,46,38,47,48,
736,0,7,8,9,16,23,22,15,14,30,37,44,45,43,
737,0,1,2,9,16,23,30,37,44,43,36,45,46,47,
738,0,1,8,9,2,16,23,30,31,38,45,46,47,48,
739,0,1,2,9,16,23,30,37,44,36,43,38,45,46,47,
740,0,1,2,9,16,23,22,24,30,29,37,
741,0,1,2,9,16,23,30,37,44,31,38,43,45,
742,0,1,2,9,8,16,23,30,37,44,45,46,39,47,40,48,
743,0,1,2,9,16,23,30,37,44,43,45,46,47,48,
744,0,7,8,9,16,23,30,37,44,45,46,47,48,
745,0,1,2,9,16,23,30,37,44,45,46,47,48,
746,0,7,8,9,16,23,30,37,44,45,46,47,48,
747,0,1,8,7,14,15,16,23,30,37,44,45,46,47,48,
748,0,1,8,9,16,23,24,30,37,44,45,46,39,43,
749,0,1,2,9,8,16,15,23,22,
750,0,1,2,9,16,15,23,30,37,44,45,46,47,48,
751,0,1,2,9,16,23,30,37,44,45,46,47,48,
752,0,1,2,9,16,23,30,37,44,45,38,46,47,48,
753,0,7,8,9,2,16,23,30,37,44,45,46,47,48,
754,0,1,2,9,16,23,30,37,44,45,46,47,48,
755,0,1,8,9,16,23,30,37,44,43,45,46,47,48,
756,0,7,8,9,16,23,30,37,38,45,46,47,40,48,
757,0,7,14,15,8,9,2,16,23,30,31,38,45,
758,0,7,8,1,2,9,16,17,23,24,30,37,44,45,
759,0,1,2,9,10,16,23,30,37,44,38,45,46,39,
760,0,1,2,9,16,23,30,31,38,45,46,47,48,
761,0,1,2,9,16,23,30,37,44,45,46,47,48,
762,0,1,8,9,16,17,23,30,29,37,44,45,46,47,48,
763,0,7,8,9,16,23,30,37,44,45,46,47,48,
764,0,1,2,3,9,16,23,30,37,44,43,45,46,47,
765,0,1,8,9,10,17,16,15,23,30,31,38,45,46,47,48,
766,0,7,8,9,16,23,30,37,44,45,46,47,48,
767,0,1,2,9,16,23,30,37,44,45,46,39,47,48,
768,0,1,2,3,9,16,23,22,30,31,
769,0,1,2,9,16,15,23,30,31,38,45,46,47,48,
770,0,7,8,9,16,23,30,37,44,45,46,47,48,
771,0,1,2,9,16,23,30,37,44,45,38,46,47,48,
772,0,1,2,9,16,23,30,37,44,45,46,47,48,
773,0,1,8,9,16,23,30,31,38,45,46,47,48,
774,0,1,2,9,16,23,30,37,44,43,45,38,42,
775,0,1,2,9,16,23,30,37,44,45,46,47,48,
776,0,1,2,9,10,3,8,16,23,24,25,32,39,
777,0,1,7,8,9,16,23,30,29,36,37,44,43,45,
778,0,1,2,9,16,23,22,29,30,37,44,43,45,46,47,48,
779,0,1,2,9,16,23,22,30,37,44,45,46,39,40,41,
780,0,1,2,3,10,9,16,23,30,37,44,45,46,47,48,
781,0,1,2,9,16,23,30,37,44,45,46,39,47,
782,0,1,2,3,9,10,8,16,23,30,31,38,45,
783,0,1,2,3,9,16,23,30,37,44,45,38,46,39,47,
784,0,1,2,9,16,23,30,37,44,45,46,47,48,
785,0,1,2,9,16,23,30,37,44,45,46,47,48,
786,0,1,2,9,16,23,30,37,44,45,46,47,40,48,
787,0,1,8,15,16,23,30,37,44,45,46,47,48,
788,0,1,2,9,16,23,30,37,38,31,44,45,46,47,48,
789,0,1,2,9,16,23,30,37,36,44,45,46,47,48,
790,0,1,8,9,16,23,30,37,44,45,46,47,48,
791,0,1,2,9,16,23,30,37,44,43,45,46,47,48,
792,0,1,2,9,16,23,30,37,44,45,46,47,48,
793,0,1,2,9,16,23,30,37,44,45,46,47,48,
794,0,1,2,9,16,23,30,37,44,45,46,47,48,
795,0,1,8,7,2,9,16,23,30,37,44,45,46,
796,0,1,2,9,16,23,24,30,37,44,45,46,47,
797,0,1,2,9,16,23,30,29,37,44,43,45,46,47,40,
798,0,1,2,9,10,16,23,30,37,38,45,46,47,48,
799,0,1,2,9,16,23,24,30,17,37,44,45,
800,0,1,8,9,16,23,22,30,37,44,45,46,47,48,
801,0,1,2,9,10,16,23,30,37,44,45,46,47,
802,0,1,2,9,16,23,30,37,36,44,45,46,47,48,
803,0,1,2,9,16,23,22,30,37,44,45,46,47,
804,0,1,2,9,16,23,30,37,44,45,46,47,48,
805,0,1,2,9,16,23,30,37,44,45,46,47,48,
806,0,1,2,9,16,23,30,37,38,45,46,47,48,
807,0,1,8,9,16,23,30,37,44,45,46,47,48,
808,0,1,2,9,16,23,30,37,44,45,46,47,48,
809,0,1,2,9,16,23,22,29,30,37,44,45,46,47,48,
810,0,1,2,3,9,16,23,30,37,38,39,46,47,48,
811,0,1,2,9,16,23,30,37,44,45,46,47,48,
812,0,7,8,9,16,23,30,37,38,45,46,47,48,
813,0,1,2,3,4,9,16,23,22,30,37,44,45,
814,0,7,8,9,16,23,30,37,44,45,46,39,38,47,48,
815,0,1,2,9,16,23,22,30,37,44,45,38,46,39,47,48,
816,0,1,8,9,2,16,23,30,37,44,45,46,47,48,
817,0,1,2,9,16,23,30,37,44,45,46,47,48,
818,0,1,2,9,16,23,22,30,37,44,45,46,47,48,
819,0,1,8,9,10,2,16,23,30,37,44,45,46,47,
820,0,1,2,3,9,16,23,30,37,44,45,38,46,47,48,
821,0,1,2,9,16,17,23,30,31,38,37,
822,0,1,2,9,16,23,30,37,44,45,46,47,48,
823,0,1,2,9,16,23,30,37,44,45,46,47,48,
824,0,1,2,9,16,23,30,29,31,38,45,46,47,48,
825,0,1,2,9,16,23,24,22,30,37,38,45,46,47,
826,0,1,2,9,16,23,30,37,44,45,46,47,48,
827,0,7,8,9,16,23,30,37,44,45,38,31,32,39,40,47,48,
828,0,7,8,9,15,16,23,30,31,38,45,46,39,47,48,
829,0,1,2,9,16,23,30,37,44,45,46,47,48,
830,0,1,2,9,16,23,30,37,44,43,36,45,46,47,48,
831,0,1,2,3,9,16,23,30,37,38,45,44,46,47,48,
832,0,1,2,9,10,16,23,30,37,38,39,46,47,40,48,
833,0,1,2,9,16,23,30,37,44,45,46,39,38,47,40,
834,0,1,2,9,16,23,22,30,31,38,45,46,47,
835,0,1,2,9,16,23,30,29,28,37,
836,0,1,2,9,16,23,30,37,44,45,46,47,48,
837,0,1,8,9,16,23,24,30,37,44,45,46,47,39,48,
838,0,1,2,9,10,16,23,30,37,44,43,45,38,
839,0,7,8,1,2,9,16,23,30,37,38,39,46,47,48,
840,0,1,2,9,16,23,30,31,37,44,45,46,47,48,
841,0,7,8,9,16,23,30,37,36,44,45,46,
842,0,1,2,9,16,23,22,30,37,36,44,45,38,46,47,48,
843,0,1,2,9,16,23,30,37,44,45,46,47,48,
844,0,1,2,8,9,16,23,30,37,44,45,46,47,48,
845,0,1,2,9,16,23,30,37,44,45,46,47,48,
846,0,7,14,15,16,23,30,37,44,45,46,47,48,
847,0,7,8,9,16,23,30,24,37,44,45,46,47,48,
848,0,1,2,3,10,17,16,15,9,23,30,37,44,43,45,
849,0,1,8,9,16,23,30,37,36,44,45,43,
850,0,1,2,9,16,23,30,37,44,45,46,47,48,
851,0,1,2,9,8,15,14,7,16,23,30,37,44,45,
852,0,1,2,9,16,23,30,37,36,29,44,45,38,46,47,48,
853,0,1,2,3,9,16,23,24,25,32,39,46,47,48,
854,0,7,1,2,9,16,23,30,37,44,45,46,47,48,
855,0,1,2,3,9,16,23,17,30,37,44,45,46,47,
856,0,1,2,9,16,23,30,37,44,45,46,47,48,
857,0,1,2,3,4,9,16,23,30,37,44,45,
858,0,1,2,9,16,23,30,31,38,45,46,47,48,
859,0,1,2,9,16,23,24,30,37,44,45,46,47,48,
860,0,1,2,9,16,23,30,37,44,45,46,47,48,
861,0,1,2,9,16,23,22,30,37,44,45,46,39,47,
862,0,1,2,9,16,23,30,37,44,45,46,47,48,
863,0,1,2,8,9,3,16,23,
864,0,7,14,15,16,23,30,37,44,45,46,47,48,
865,0,1,2,3,9,16,23,30,37,44,45,46,47,48,
866,0,7,8,9,16,23,30,37,44,45,46,47,48,
867,0,7,8,9,10,16,23,30,37,44,45,38,46,47,48,
868,0,1,2,3,9,16,23,22,30,37,44,45,38,46,47,
869,0,1,8,9,16,2,17,23,30,37,38,45,44,46,47,
870,0,1,8,2,9,16,23,30,37,38,45,46,47,48,
871,0,1,2,9,16,23,30,37,44,45,46,39,47,48,
872,0,1,2,3,10,9,16,23,30,37,44,45,46,47,48,
873,0,1,2,9,16,23,30,37,38,44,45,46,39,
874,0,1,2,9,16,23,30,31,38,45,46,47,48,
875,0,1,2,9,16,23,30,37,44,45,46,47,48,
876,0,1,2,9,16,23,30,31,38,39,46,47,40,48,
877,0,1,2,9,16,23,30,37,44,45,46,47,48,
878,0,1,8,9,16,23,24,30,37,44,45,46,47,48,
879,0,1,2,9,10,16,23,30,31,38,45,46,39,
880,0,7,8,15,16,23,30,37,44,45,46,47,48,
881,0,1,2,9,8,16,3,4,23,22,30,37,
882,0,1,2,9,16,17,23,30,37,44,45,46,47,48,
883,0,1,2,9,16,23,30,37,44,45,46,47,48,
884,0,1,2,9,16,23,24,31,38,45,46,47,48,
885,0,1,2,3,9,16,23,30,37,44,43,45,46,47,48,
886,0,7,8,9,16,23,24,30,37,44,43,42,45,
887,0,1,2,9,16,23,30,31,38,45,46,47,40,48,
888,0,1,2,9,16,23,30,37,44,45,46,47,48,
889,0,1,2,9,8,16,23,30,37,36,43,44,45,46,47,
890,0,1,2,9,16,15,23,30,37,44,45,46,47,48,
891,0,7,8,9,16,17,23,30,37,36,43,44,45,46,47,
892,0,1,8,9,16,23,30,37,44,45,46,47,48,
893,0,1,2,9,16,23,30,37,44,45,46,47,48,
894,0,1,2,9,16,15,23,30,37,44,45,46,47,48,
895,0,1,2,9,16,17,18,25,32,33,26,40,47,48,
896,0,1,2,8,9,16,17,10,11,18,25,32,33,40,47,48,
897,0,1,2,9,16,23,30,37,44,45,46,47,48,
898,0,7,8,9,16,23,30,37,44,45,46,47,48,
899,0,1,2,9,16,23,30,37,36,38,39,46,45,47,
900,0,1,2,3,9,10,17,16,23,24,31,38,45,46,
901,0,1,2,9,16,23,30,31,32,39,46,47,40,48,
902,0,1,2,9,10,11,12,13,20,27,34,41,48,
903,0,7,8,9,10,2,1,16,23,30,29,28,35,36,37,44,45,
904,0,7,8,9,16,23,30,37,44,45,46,47,40,48,
905,0,1,2,9,16,23,30,37,44,45,46,47,40,48,
906,0,1,2,9,8,7,16,23,30,37,44,45,46,47,
907,0,1,2,9,16,23,30,31,38,45,46,47,48,
908,0,1,2,9,16,23,30,37,44,45,46,47,48,
909,0,1,8,9,16,23,30,37,44,45,46,47,48,
910,0,7,8,9,16,23,30,37,44,45,46,47,48,
911,0,1,8,9,16,23,30,29,37,38,31,45,46,47,48,
912,0,1,2,9,16,23,22,15,30,37,44,43,45,
913,0,1,2,3,9,16,23,30,37,44,45,46,47,48,
914,0,1,2,9,16,17,23,30,37,38,45,46,47,48,
915,0,1,2,9,8,16,23,30,29,37,44,43,
916,0,1,2,9,10,16,23,30,37,36,44,45,46,47,48,
917,0,1,2,9,16,23,30,37,44,45,38,46,
918,0,1,2,9,16,23,30,37,44,45,46,47,48,
919,0,1,2,9,16,17,23,30,37,38,45,46,47,48,
920,0,1,2,3,4,11,12,13,20,19,26,25,32,33,40,47,
921,0,1,2,9,16,23,30,37,38,45,46,47,48,
922,0,1,2,9,16,23,30,29,37,44,45,46,38,47,48,
923,0,1,2,9,10,17,16,15,23,
924,0,1,8,9,16,23,30,37,44,45,46,39,47,48,
925,0,1,2,9,16,23,30,37,44,45,46,39,47,48,
926,0,1,7,14,15,16,9,23,30,31,32,38,45,44,46,47,
927,0,1,2,9,16,23,30,37,44,45,46,39,32,47,
928,0,1,2,3,9,8,16,23,30,37,44,43,42,35,36,45,
929,0,1,2,9,16,23,30,37,44,43,42,45,46,39,47,48,
930,0,1,2,9,16,23,24,30,31,37,44,43,45,
931,0,1,2,9,16,23,22,30,37,44,45,46,39,47,48,
932,0,1,2,9,16,23,30,37,44,43,45,46,47,48,
933,0,1,2,9,16,23,30,37,38,45,46,47,48,
934,0,1,2,9,16,23,30,31,38,37,45,46,47,48,
935,0,1,8,9,16,15,23,30,29,37,
936,0,1,2,9,16,23,30,37,38,45,44,46,47,48,
937,0,7,8,9,16,23,24,30,37,44,45,46,47,48,
938,0,1,2,9,16,23,30,37,44,45,46,47,48,
939,0,1,7,14,21,22,15,8,9,16,23,30,37,44,45,
940,0,7,8,9,16,23,22,15,30,37,44,45,46,47,48,
941,0,7,8,9,16,23,30,31,24,17,37,44,
942,0,1,2,9,8,16,23,30,29,37,44,45,46,47,48,
943,0,1,2,9,16,23,30,37,38,45,46,47,48,
944,0,7,8,9,16,23,30,29,37,36,44,45,46,47,48,
945,0,7,14,15,16,23,30,37,44,45,38,46,47,48,
946,0,7,8,9,10,16,23,24,30,37,44,45,46,
947,0,1,2,9,10,16,23,30,29,28,37,38,44,45,
948,0,1,2,9,8,16,23,30,37,44,45,46,47,48,
949,0,1,2,9,10,16,23,30,29,22,37,
950,0,1,2,9,16,23,30,29,22,37,36,44,45,46,47,
951,0,1,2,9,10,16,17,23,30,37,44,38,45,
952,0,1,2,9,16,17,23,30,37,44,43,45,38,
953,0,7,8,9,16,23,30,37,44,45,38,46,47,48,
954,0,1,8,7,9,16,23,30,37,44,45,46,47,48,
955,0,1,2,3,9,16,23,30,37,44,45,46,47,48,
956,0,1,2,9,16,23,30,37,44,45,46,47,40,48,
957,0,1,2,9,8,10,16,23,30,37,44,45,
958,0,1,2,9,16,23,30,37,44,45,46,47,48,
959,0,1,2,9,16,15,14,23,24,17,30,37,44,45,
960,0,1,2,9,16,15,23,30,37,44,45,46,47,40,48,
961,0,1,2,9,16,23,30,37,44,45,46,47,48,
962,0,7,8,9,16,23,30,37,44,43,45,46,47,48,
963,0,1,2,3,10,9,16,23,24,30,37,44,45,46,47,
964,0,1,8,2,9,16,23,30,37,44,45,46,47,48,
965,0,7,8,9,16,10,23,22,30,37,44,45,46,47,
966,0,1,2,9,16,23,30,37,44,45,46,47,48,
967,0,1,7,8,9,2,16,15,23,30,37,38,45,
968,0,7,8,1,2,9,16,23,30,37,44,45,46,47,40,39,
969,0,7,8,9,16,23,30,37,44,45,46,47,48,
970,0,1,2,9,16,23,24,30,37,44,43,36,45,
971,0,1,2,9,16,23,30,37,44,36,45,46,47,48,
972,0,1,8,15,16,23,30,37,31,36,35,28,29,
973,0,1,8,9,16,23,30,29,37,44,45,
974,0,1,8,9,16,23,22,29,30,37,38,45,44,46,47,48,
975,0,1,2,9,16,23,30,31,38,45,46,47,48,
976,0,1,2,9,10,8,16,23,30,37,44,45,46,47,48,
977,0,1,8,9,16,17,10,2,3,23,22,
978,0,1,2,9,10,17,16,23,30,37,44,45,46,47,48,
979,0,1,7,8,9,10,16,23,30,29,36,37,
980,0,1,2,3,9,10,16,23,30,37,36,44,43,45,
981,0,1,2,8,9,16,23,30,37,44,45,46,47,48,
982,0,1,8,9,16,15,2,23,30,
983,0,1,2,3,10,9,16,23,30,37,44,45,46,47,48,
984,0,1,2,9,16,23,15,30,37,44,45,46,47,48,
985,0,1,2,9,10,16,17,23,30,37,44,45,46,47,48,
986,0,1,2,9,10,17,18,25,32,39,46,45,47,48,
987,0,1,2,9,8,7,16,23,22,21,30,37,44,45,
988,0,1,2,9,8,16,23,30,37,44,45,46,47,48,
989,0,1,2,9,16,23,30,37,44,45,46,47,48,
990,0,1,2,9,16,23,22,21,30,37,44,45,
991,0,7,8,9,16,23,30,37,44,45,46,47,48,
992,0,1,2,9,16,23,30,37,44,45,46,47,40,33,48,
993,0,1,2,9,16,23,30,37,44,45,38,46,39,47,
994,0,1,2,9,8,16,23,30,37,38,45,46,39,40,47,48,
995,0,7,8,9,10,16,23,30,37,44,45,46,47,48,
996,0,1,2,9,16,23,30,37,38,45,46,47,48,
997,0,1,2,9,8,15,16,23,30,37,44,43,45,46,47,48,
998,0,1,2,9,16,17,18,25,32,24,23,30,37,44,43,45,
999,0,1,8,7,2,9,16,23,22,15,30,29,37,
