0,
1,
2,
3,
4,
5,
6,
7,
8,
9,
10,
11,
12,
13,
14,
15,
16,
17,
18,
19,
20,
21,
22,
23,
24,
25,
26,
27,0,1,8,9,10,17,24,25,32,31,38,45,46,47,48,
28,
29,
30,
31,
32,
33,0,1,2,8,9,10,17,18,25,32,39,40,47,48,
34,
35,
36,
37,
38,
39,
40,
41,
42,
43,
44,
45,
46,
47,
48,
49,
50,
51,
52,0,1,8,15,14,21,22,16,23,24,25,32,39,46,47,
53,
54,
55,
56,
57,
58,
59,
60,
61,
62,
63,
64,
65,
66,
67,
68,
69,
70,0,1,8,9,16,23,24,25,32,33,40,47,48,
71,
72,
73,
74,
75,
76,0,1,2,9,8,15,16,23,24,25,32,33,40,47,48,
77,
78,
79,0,1,8,15,14,16,23,24,25,32,33,40,47,48,
80,
81,
82,
83,
84,
85,0,1,8,15,16,23,24,25,32,33,40,47,48,
86,
87,
88,
89,0,1,8,9,16,23,24,25,32,33,40,47,48,
90,
91,
92,
93,
94,
95,0,7,8,15,16,23,24,25,32,33,40,47,48,
96,
97,
98,
99,0,1,8,7,14,15,16,23,24,25,32,33,40,47,46,48,
100,
101,0,1,8,15,16,23,30,31,32,33,40,47,48,
102,
103,
104,
105,
106,
107,
108,0,1,8,15,22,16,23,24,25,32,33,40,47,41,34,
109,
110,
111,
112,
113,
114,0,1,8,15,16,23,24,25,32,33,40,47,46,41,48,
115,
116,
117,
118,
119,0,1,8,15,16,9,23,30,24,25,32,33,40,47,48,
120,
121,
122,
123,
124,
125,
126,
127,
128,
129,
130,
131,
132,
133,
134,
135,
136,
137,
138,0,1,8,15,16,23,24,25,32,33,40,47,
139,
140,
141,
142,
143,
144,
145,
146,
147,
148,
149,
150,
151,
152,
153,
154,
155,
156,
157,
158,
159,
160,
161,
162,
163,
164,0,1,2,8,15,16,17,24,25,32,33,40,41,47,48,
165,0,1,8,9,16,23,24,25,32,33,40,47,46,48,
166,
167,
168,0,1,8,15,16,23,24,25,32,33,40,47,48,
169,
170,
171,0,7,14,21,28,29,22,23,30,31,32,39,40,47,48,
172,
173,
174,
175,
176,
177,
178,
179,
180,
181,
182,
183,
184,
185,0,1,8,15,16,23,24,25,32,31,38,45,44,46,47,48,
186,
187,
188,
189,
190,
191,
192,
193,
194,
195,
196,0,1,8,15,14,16,23,24,25,32,33,40,47,46,48,
197,
198,
199,
200,
201,
202,
203,
204,
205,
206,
207,
208,
209,
210,
211,
212,
213,
214,
215,0,1,8,9,16,23,24,25,32,39,40,47,48,
216,
217,
218,
219,
220,
221,
222,
223,
224,
225,
226,
227,
228,
229,
230,
231,
232,
233,
234,
235,
236,
237,
238,
239,
240,
241,
242,0,7,8,15,14,9,16,23,24,25,32,33,40,47,48,
243,
244,
245,
246,
247,
248,
249,
250,
251,0,7,8,15,16,23,24,25,32,33,40,47,48,
252,0,1,8,15,16,23,24,25,32,33,40,39,46,47,48,
253,
254,
255,
256,
257,0,1,2,8,15,16,17,24,18,25,32,33,40,47,
258,
259,0,1,8,15,16,17,9,23,24,25,32,31,33,40,47,48,
260,
261,
262,
263,
264,
265,
266,
267,0,1,8,15,16,23,24,25,32,39,40,47,48,
268,
269,
270,
271,
272,
273,
274,
275,
276,
277,
278,
279,
280,
281,
282,
283,
284,0,1,8,7,14,15,16,23,24,17,25,32,33,40,47,
285,0,7,8,15,16,23,24,25,32,33,40,47,48,
286,
287,
288,
289,
290,
291,
292,
293,0,1,8,15,16,23,24,25,32,39,46,47,48,
294,
295,
296,
297,0,1,8,7,14,21,22,29,30,31,32,38,45,46,47,
298,
299,0,1,8,15,16,23,24,25,32,33,40,47,48,
300,
301,
302,
303,
304,0,1,8,15,14,16,23,24,25,32,33,40,47,46,39,
305,
306,
307,
308,
309,
310,
311,
312,
313,
314,
315,
316,
317,
318,
319,
320,
321,
322,
323,
324,
325,
326,
327,
328,
329,
330,
331,
332,0,1,8,15,22,23,24,25,18,32,33,34,40,47,39,
333,
334,
335,
336,0,1,8,15,16,23,24,25,32,33,40,47,48,
337,
338,
339,
340,
341,
342,
343,
344,
345,
346,
347,0,7,14,15,16,23,24,17,25,32,33,40,47,48,
348,
349,
350,
351,
352,
353,
354,
355,
356,
357,
358,
359,
360,
361,
362,
363,
364,
365,
366,
367,
368,
369,
370,
371,
372,
373,
374,
375,
376,
377,0,1,2,9,16,23,24,25,26,33,40,47,48,
378,
379,
380,
381,
382,
383,
384,
385,
386,0,1,8,15,16,23,24,25,32,33,40,47,46,48,
387,0,1,8,15,7,14,16,23,24,25,32,39,40,47,48,
388,
389,
390,
391,
392,
393,
394,
395,
396,
397,
398,
399,
400,
401,0,1,8,7,15,16,23,24,25,32,39,40,47,48,
402,
403,
404,
405,
406,
407,0,1,8,9,16,15,23,30,31,32,33,40,47,48,
408,0,7,8,15,14,16,17,24,25,32,33,26,40,47,48,
409,0,1,8,15,16,23,24,31,32,25,33,40,47,48,
410,
411,
412,
413,
414,
415,
416,
417,
418,
419,0,1,8,15,16,23,24,25,18,32,39,40,47,41,48,
420,
421,
422,0,1,8,15,16,23,24,25,32,39,46,47,40,41,48,
423,
424,0,1,8,15,16,23,24,25,32,31,33,40,47,48,
425,
426,
427,
428,
429,
430,
431,
432,
433,
434,
435,0,1,8,15,22,23,24,25,32,33,31,40,47,
436,
437,
438,
439,
440,
441,
442,
443,
444,
445,0,1,8,15,22,23,24,31,32,33,40,47,48,
446,0,1,8,15,22,23,24,31,25,26,33,40,47,48,
447,0,1,8,15,22,23,16,9,2,24,25,32,33,40,47,
448,
449,
450,
451,
452,
453,
454,
455,
456,
457,
458,
459,
460,
461,
462,
463,0,1,8,15,16,23,30,31,32,33,40,47,48,
464,
465,
466,
467,
468,
469,
470,
471,
472,
473,
474,
475,
476,
477,
478,
479,
480,
481,
482,
483,
484,
485,
486,0,1,8,15,16,23,24,25,32,33,40,47,48,
487,
488,
489,0,1,8,7,15,16,17,18,11,25,32,33,40,47,48,
490,
491,
492,
493,
494,
495,
496,
497,
498,
499,
