0,0,1,2,3,4,5,6,13,12,11,10,9,16,23,30,37,44,45,46,47,48,
1,0,1,2,3,4,5,6,13,12,11,10,9,16,23,30,37,44,45,46,47,48,
2,0,1,2,3,4,5,6,13,12,11,10,9,16,23,30,37,44,45,46,47,48,
3,0,1,2,3,4,5,6,13,12,11,10,9,16,23,30,37,44,45,46,47,48,
4,0,1,2,3,4,5,6,13,12,11,10,9,16,23,30,37,44,45,46,47,48,
5,0,1,2,3,4,5,6,13,12,11,10,9,16,23,30,37,44,45,46,47,48,
6,0,1,2,3,4,5,6,13,12,11,10,9,16,23,30,37,44,45,46,47,48,
7,0,1,2,3,4,5,6,13,12,11,10,9,16,23,30,37,44,45,46,47,48,
8,0,1,2,3,4,5,6,13,12,11,10,9,16,23,30,37,44,45,46,47,48,
9,0,1,2,3,4,5,6,13,12,11,10,9,16,23,30,37,44,45,46,47,48,
10,0,1,2,3,4,5,6,13,12,11,10,9,16,23,30,37,44,45,46,47,48,
11,0,1,2,3,4,5,6,13,12,11,10,9,16,23,30,37,44,45,46,47,48,
12,0,1,2,3,4,5,6,13,12,11,10,9,16,23,30,37,44,45,46,47,48,
13,0,1,2,3,4,5,6,13,12,11,10,9,16,23,30,37,44,45,46,47,48,
14,0,1,2,3,4,5,6,13,12,11,10,9,16,23,30,37,44,45,46,47,48,
15,0,1,2,3,4,5,6,13,12,11,10,9,16,23,30,37,44,45,46,47,48,
16,0,1,2,3,4,5,6,13,12,11,10,9,16,23,30,37,44,45,46,47,48,
17,0,1,2,3,4,5,6,13,12,11,10,9,16,23,30,37,44,45,46,47,48,
18,0,1,2,3,4,5,6,13,12,11,10,9,16,23,30,37,44,45,46,47,48,
19,0,1,2,3,4,5,6,13,12,11,10,9,16,23,30,37,44,45,46,47,48,
20,0,1,2,3,4,5,6,13,12,11,10,9,16,23,30,37,44,45,46,47,48,
21,0,1,2,3,4,5,6,13,12,11,10,9,16,23,30,37,44,45,46,47,48,
22,0,1,2,3,4,5,6,13,12,11,10,9,16,23,30,37,44,45,46,47,48,
23,0,1,2,3,4,5,6,13,12,11,10,9,16,23,30,37,44,45,46,47,48,
24,0,1,2,3,4,5,6,13,12,11,10,9,16,23,30,37,44,45,46,47,48,
25,0,1,2,3,4,5,6,13,12,11,10,9,16,23,30,37,44,45,46,47,48,
26,0,1,2,3,4,5,6,13,12,11,10,9,16,23,30,37,44,45,46,47,48,
27,0,1,2,3,4,5,6,13,12,11,10,9,16,23,30,37,44,45,46,47,48,
28,0,1,2,3,4,5,6,13,12,11,10,9,16,23,30,37,44,45,46,47,48,
29,0,1,2,3,4,5,6,13,12,11,10,9,16,23,30,37,44,45,46,47,48,
30,0,1,2,3,4,5,6,13,12,11,10,9,16,23,30,37,44,45,46,47,48,
31,0,1,2,3,4,5,6,13,12,11,10,9,16,23,30,37,44,45,46,47,48,
32,0,1,2,3,4,5,6,13,12,11,10,9,16,23,30,37,44,45,46,47,48,
33,0,1,2,3,4,5,6,13,12,11,10,9,16,23,30,37,44,45,46,47,48,
34,0,1,2,3,4,5,6,13,12,11,10,9,16,23,30,37,44,45,46,47,48,
35,0,1,2,3,4,5,6,13,12,11,10,9,16,23,30,37,44,45,46,47,48,
36,0,1,2,3,4,5,6,13,12,11,10,9,16,23,30,37,44,45,46,47,48,
37,0,1,2,3,4,5,6,13,12,11,10,9,16,23,30,37,44,45,46,47,48,
38,0,1,2,3,4,5,6,13,12,11,10,9,16,23,30,37,44,45,46,47,48,
39,0,1,2,3,4,5,6,13,12,11,10,9,16,23,30,37,44,45,46,47,48,
40,0,1,2,3,4,5,6,13,12,11,10,9,16,23,30,37,44,45,46,47,48,
41,0,1,2,3,4,5,6,13,12,11,10,9,16,23,30,37,44,45,46,47,48,
42,0,1,2,3,4,5,6,13,12,11,10,9,16,23,30,37,44,45,46,47,48,
43,0,1,2,3,4,5,6,13,12,11,10,9,16,23,30,37,44,45,46,47,48,
44,0,1,2,3,4,5,6,13,12,11,10,9,16,23,30,37,44,45,46,47,48,
45,0,1,2,3,4,5,6,13,12,11,10,9,16,23,30,37,44,45,46,47,48,
46,0,1,2,3,4,5,6,13,12,11,10,9,16,23,30,37,44,45,46,47,48,
47,0,1,2,3,4,5,6,13,12,11,10,9,16,23,30,37,44,45,46,47,48,
48,0,1,2,3,4,5,6,13,12,11,10,9,16,23,30,37,44,45,46,47,48,
49,0,1,2,3,4,5,6,13,12,11,10,9,16,23,30,37,44,45,46,47,48,
50,0,1,2,3,4,5,6,13,12,11,10,9,16,23,30,37,44,45,46,47,48,
51,0,1,2,3,4,5,6,13,12,11,10,9,16,23,30,37,44,45,46,47,48,
52,0,1,2,3,4,5,6,13,12,11,10,9,16,23,30,37,44,45,46,47,48,
53,0,1,2,3,4,5,6,13,12,11,10,9,16,23,30,37,44,45,46,47,48,
54,0,1,2,3,4,5,6,13,12,11,10,9,16,23,30,37,44,45,46,47,48,
55,0,1,2,3,4,5,6,13,12,11,10,9,16,23,30,37,44,45,46,47,48,
56,0,1,2,3,4,5,6,13,12,11,10,9,16,23,30,37,44,45,46,47,48,
57,0,1,2,3,4,5,6,13,12,11,10,9,16,23,30,37,44,45,46,47,48,
58,0,1,2,3,4,5,6,13,12,11,10,9,16,23,30,37,44,45,46,47,48,
59,0,1,2,3,4,5,6,13,12,11,10,9,16,23,30,37,44,45,46,47,48,
60,0,1,2,3,4,5,6,13,12,11,10,9,16,23,30,37,44,45,46,47,48,
61,0,1,2,3,4,5,6,13,12,11,10,9,16,23,30,37,44,45,46,47,48,
62,0,1,2,3,4,5,6,13,12,11,10,9,16,23,30,37,44,45,46,47,48,
63,0,1,2,3,4,5,6,13,12,11,10,9,16,23,30,37,44,45,46,47,48,
64,0,1,2,3,4,5,6,13,12,11,10,9,16,23,30,37,44,45,46,47,48,
65,0,1,2,3,4,5,6,13,12,11,10,9,16,23,30,37,44,45,46,47,48,
66,0,1,2,3,4,5,6,13,12,11,10,9,16,23,30,37,44,45,46,47,48,
67,0,1,2,3,4,5,6,13,12,11,10,9,16,23,30,37,44,45,46,47,48,
68,0,1,2,3,4,5,6,13,12,11,10,9,16,23,30,37,44,45,46,47,48,
69,0,1,2,3,4,5,6,13,12,11,10,9,16,23,30,37,44,45,46,47,48,
70,0,1,2,3,4,5,6,13,12,11,10,9,16,23,30,37,44,45,46,47,48,
71,0,1,2,3,4,5,6,13,12,11,10,9,16,23,30,37,44,45,46,47,48,
72,0,1,2,3,4,5,6,13,12,11,10,9,16,23,30,37,44,45,46,47,48,
73,0,1,2,3,4,5,6,13,12,11,10,9,16,23,30,37,44,45,46,47,48,
74,0,1,2,3,4,5,6,13,12,11,10,9,16,23,30,37,44,45,46,47,48,
75,0,1,2,3,4,5,6,13,12,11,10,9,16,23,30,37,44,45,46,47,48,
76,0,1,2,3,4,5,6,13,12,11,10,9,16,23,30,37,44,45,46,47,48,
77,0,1,2,3,4,5,6,13,12,11,10,9,16,23,30,37,44,45,46,47,48,
78,0,1,2,3,4,5,6,13,12,11,10,9,16,23,30,37,44,45,46,47,48,
79,0,1,2,3,4,5,6,13,12,11,10,9,16,23,30,37,44,45,46,47,48,
80,0,1,2,3,4,5,6,13,12,11,10,9,16,23,30,37,44,45,46,47,48,
81,0,1,2,3,4,5,6,13,12,11,10,9,16,23,30,37,44,45,46,47,48,
82,0,1,2,3,4,5,6,13,12,11,10,9,16,23,30,37,44,45,46,47,48,
83,0,1,2,3,4,5,6,13,12,11,10,9,16,23,30,37,44,45,46,47,48,
84,0,1,2,3,4,5,6,13,12,11,10,9,16,23,30,37,44,45,46,47,48,
85,0,1,2,3,4,5,6,13,12,11,10,9,16,23,30,37,44,45,46,47,48,
86,0,1,2,3,4,5,6,13,12,11,10,9,16,23,30,37,44,45,46,47,48,
87,0,1,2,3,4,5,6,13,12,11,10,9,16,23,30,37,44,45,46,47,48,
88,0,1,2,3,4,5,6,13,12,11,10,9,16,23,30,37,44,45,46,47,48,
89,0,1,2,3,4,5,6,13,12,11,10,9,16,23,30,37,44,45,46,47,48,
90,0,1,2,3,4,5,6,13,12,11,10,9,16,23,30,37,44,45,46,47,48,
91,0,1,2,3,4,5,6,13,12,11,10,9,16,23,30,37,44,45,46,47,48,
92,0,1,2,3,4,5,6,13,12,11,10,9,16,23,30,37,44,45,46,47,48,
93,0,1,2,3,4,5,6,13,12,11,10,9,16,23,30,37,44,45,46,47,48,
94,0,1,2,3,4,5,6,13,12,11,10,9,16,23,30,37,44,45,46,47,48,
95,0,1,2,3,4,5,6,13,12,11,10,9,16,23,30,37,44,45,46,47,48,
96,0,1,2,3,4,5,6,13,12,11,10,9,16,23,30,37,44,45,46,47,48,
97,0,1,2,3,4,5,6,13,12,11,10,9,16,23,30,37,44,45,46,47,48,
98,0,1,2,3,4,5,6,13,12,11,10,9,16,23,30,37,44,45,46,47,48,
99,0,1,2,3,4,5,6,13,12,11,10,9,16,23,30,37,44,45,46,47,48,
100,0,1,2,3,4,5,6,13,12,11,10,9,16,23,30,37,44,45,46,47,48,
101,0,1,2,3,4,5,6,13,12,11,10,9,16,23,30,37,44,45,46,47,48,
102,0,1,2,3,4,5,6,13,12,11,10,9,16,23,30,37,44,45,46,47,48,
103,0,1,2,3,4,5,6,13,12,11,10,9,16,23,30,37,44,45,46,47,48,
104,0,1,2,3,4,5,6,13,12,11,10,9,16,23,30,37,44,45,46,47,48,
105,0,1,2,3,4,5,6,13,12,11,10,9,16,23,30,37,44,45,46,47,48,
106,0,1,2,3,4,5,6,13,12,11,10,9,16,23,30,37,44,45,46,47,48,
107,0,1,2,3,4,5,6,13,12,11,10,9,16,23,30,37,44,45,46,47,48,
108,0,1,2,3,4,5,6,13,12,11,10,9,16,23,30,37,44,45,46,47,48,
109,0,1,2,3,4,5,6,13,12,11,10,9,16,23,30,37,44,45,46,47,48,
110,0,1,2,3,4,5,6,13,12,11,10,9,16,23,30,37,44,45,46,47,48,
111,0,1,2,3,4,5,6,13,12,11,10,9,16,23,30,37,44,45,46,47,48,
112,0,1,2,3,4,5,6,13,12,11,10,9,16,23,30,37,44,45,46,47,48,
113,0,1,2,3,4,5,6,13,12,11,10,9,16,23,30,37,44,45,46,47,48,
114,0,1,2,3,4,5,6,13,12,11,10,9,16,23,30,37,44,45,46,47,48,
115,0,1,2,3,4,5,6,13,12,11,10,9,16,23,30,37,44,45,46,47,48,
116,0,1,2,3,4,5,6,13,12,11,10,9,16,23,30,37,44,45,46,47,48,
117,0,1,2,3,4,5,6,13,12,11,10,9,16,23,30,37,44,45,46,47,48,
118,0,1,2,3,4,5,6,13,12,11,10,9,16,23,30,37,44,45,46,47,48,
119,0,1,2,3,4,5,6,13,12,11,10,9,16,23,30,37,44,45,46,47,48,
120,0,1,2,3,4,5,6,13,12,11,10,9,16,23,30,37,44,45,46,47,48,
121,0,1,2,3,4,5,6,13,12,11,10,9,16,23,30,37,44,45,46,47,48,
122,0,1,2,3,4,5,6,13,12,11,10,9,16,23,30,37,44,45,46,47,48,
123,0,1,2,3,4,5,6,13,12,11,10,9,16,23,30,37,44,45,46,47,48,
124,0,1,2,3,4,5,6,13,12,11,10,9,16,23,30,37,44,45,46,47,48,
125,0,1,2,3,4,5,6,13,12,11,10,9,16,23,30,37,44,45,46,47,48,
126,0,1,2,3,4,5,6,13,12,11,10,9,16,23,30,37,44,45,46,47,48,
127,0,1,2,3,4,5,6,13,12,11,10,9,16,23,30,37,44,45,46,47,48,
128,0,1,2,3,4,5,6,13,12,11,10,9,16,23,30,37,44,45,46,47,48,
129,0,1,2,3,4,5,6,13,12,11,10,9,16,23,30,37,44,45,46,47,48,
130,0,1,2,3,4,5,6,13,12,11,10,9,16,23,30,37,44,45,46,47,48,
131,0,1,2,3,4,5,6,13,12,11,10,9,16,23,30,37,44,45,46,47,48,
132,0,1,2,3,4,5,6,13,12,11,10,9,16,23,30,37,44,45,46,47,48,
133,0,1,2,3,4,5,6,13,12,11,10,9,16,23,30,37,44,45,46,47,48,
134,0,1,2,3,4,5,6,13,12,11,10,9,16,23,30,37,44,45,46,47,48,
135,0,1,2,3,4,5,6,13,12,11,10,9,16,23,30,37,44,45,46,47,48,
136,0,1,2,3,4,5,6,13,12,11,10,9,16,23,30,37,44,45,46,47,48,
137,0,1,2,3,4,5,6,13,12,11,10,9,16,23,30,37,44,45,46,47,48,
138,0,1,2,3,4,5,6,13,12,11,10,9,16,23,30,37,44,45,46,47,48,
139,0,1,2,3,4,5,6,13,12,11,10,9,16,23,30,37,44,45,46,47,48,
140,0,1,2,3,4,5,6,13,12,11,10,9,16,23,30,37,44,45,46,47,48,
141,0,1,2,3,4,5,6,13,12,11,10,9,16,23,30,37,44,45,46,47,48,
142,0,1,2,3,4,5,6,13,12,11,10,9,16,23,30,37,44,45,46,47,48,
143,0,1,2,3,4,5,6,13,12,11,10,9,16,23,30,37,44,45,46,47,48,
144,0,1,2,3,4,5,6,13,12,11,10,9,16,23,30,37,44,45,46,47,48,
145,0,1,2,3,4,5,6,13,12,11,10,9,16,23,30,37,44,45,46,47,48,
146,0,1,2,3,4,5,6,13,12,11,10,9,16,23,30,37,44,45,46,47,48,
147,0,1,2,3,4,5,6,13,12,11,10,9,16,23,30,37,44,45,46,47,48,
148,0,1,2,3,4,5,6,13,12,11,10,9,16,23,30,37,44,45,46,47,48,
149,0,1,2,3,4,5,6,13,12,11,10,9,16,23,30,37,44,45,46,47,48,
150,0,1,2,3,4,5,6,13,12,11,10,9,16,23,30,37,44,45,46,47,48,
151,0,1,2,3,4,5,6,13,12,11,10,9,16,23,30,37,44,45,46,47,48,
152,0,1,2,3,4,5,6,13,12,11,10,9,16,23,30,37,44,45,46,47,48,
153,0,1,2,3,4,5,6,13,12,11,10,9,16,23,30,37,44,45,46,47,48,
154,0,1,2,3,4,5,6,13,12,11,10,9,16,23,30,37,44,45,46,47,48,
155,0,1,2,3,4,5,6,13,12,11,10,9,16,23,30,37,44,45,46,47,48,
156,0,1,2,3,4,5,6,13,12,11,10,9,16,23,30,37,44,45,46,47,48,
157,0,1,2,3,4,5,6,13,12,11,10,9,16,23,30,37,44,45,46,47,48,
158,0,1,2,3,4,5,6,13,12,11,10,9,16,23,30,37,44,45,46,47,48,
159,0,1,2,3,4,5,6,13,12,11,10,9,16,23,30,37,44,45,46,47,48,
160,0,1,2,3,4,5,6,13,12,11,10,9,16,23,30,37,44,45,46,47,48,
161,0,1,2,3,4,5,6,13,12,11,10,9,16,23,30,37,44,45,46,47,48,
162,0,1,2,3,4,5,6,13,12,11,10,9,16,23,30,37,44,45,46,47,48,
163,0,1,2,3,4,5,6,13,12,11,10,9,16,23,30,37,44,45,46,47,48,
164,0,1,2,3,4,5,6,13,12,11,10,9,16,23,30,37,44,45,46,47,48,
165,0,1,2,3,4,5,6,13,12,11,10,9,16,23,30,37,44,45,46,47,48,
166,0,1,2,3,4,5,6,13,12,11,10,9,16,23,30,37,44,45,46,47,48,
167,0,1,2,3,4,5,6,13,12,11,10,9,16,23,30,37,44,45,46,47,48,
168,0,1,2,3,4,5,6,13,12,11,10,9,16,23,30,37,44,45,46,47,48,
169,0,1,2,3,4,5,6,13,12,11,10,9,16,23,30,37,44,45,46,47,48,
170,0,1,2,3,4,5,6,13,12,11,10,9,16,23,30,37,44,45,46,47,48,
171,0,1,2,3,4,5,6,13,12,11,10,9,16,23,30,37,44,45,46,47,48,
172,0,1,2,3,4,5,6,13,12,11,10,9,16,23,30,37,44,45,46,47,48,
173,0,1,2,3,4,5,6,13,12,11,10,9,16,23,30,37,44,45,46,47,48,
174,0,1,2,3,4,5,6,13,12,11,10,9,16,23,30,37,44,45,46,47,48,
175,0,1,2,3,4,5,6,13,12,11,10,9,16,23,30,37,44,45,46,47,48,
176,0,1,2,3,4,5,6,13,12,11,10,9,16,23,30,37,44,45,46,47,48,
177,0,1,2,3,4,5,6,13,12,11,10,9,16,23,30,37,44,45,46,47,48,
178,0,1,2,3,4,5,6,13,12,11,10,9,16,23,30,37,44,45,46,47,48,
179,0,1,2,3,4,5,6,13,12,11,10,9,16,23,30,37,44,45,46,47,48,
180,0,1,2,3,4,5,6,13,12,11,10,9,16,23,30,37,44,45,46,47,48,
181,0,1,2,3,4,5,6,13,12,11,10,9,16,23,30,37,44,45,46,47,48,
182,0,1,2,3,4,5,6,13,12,11,10,9,16,23,30,37,44,45,46,47,48,
183,0,1,2,3,4,5,6,13,12,11,10,9,16,23,30,37,44,45,46,47,48,
184,0,1,2,3,4,5,6,13,12,11,10,9,16,23,30,37,44,45,46,47,48,
185,0,1,2,3,4,5,6,13,12,11,10,9,16,23,30,37,44,45,46,47,48,
186,0,1,2,3,4,5,6,13,12,11,10,9,16,23,30,37,44,45,46,47,48,
187,0,1,2,3,4,5,6,13,12,11,10,9,16,23,30,37,44,45,46,47,48,
188,0,1,2,3,4,5,6,13,12,11,10,9,16,23,30,37,44,45,46,47,48,
189,0,1,2,3,4,5,6,13,12,11,10,9,16,23,30,37,44,45,46,47,48,
190,0,1,2,3,4,5,6,13,12,11,10,9,16,23,30,37,44,45,46,47,48,
191,0,1,2,3,4,5,6,13,12,11,10,9,16,23,30,37,44,45,46,47,48,
192,0,1,2,3,4,5,6,13,12,11,10,9,16,23,30,37,44,45,46,47,48,
193,0,1,2,3,4,5,6,13,12,11,10,9,16,23,30,37,44,45,46,47,48,
194,0,1,2,3,4,5,6,13,12,11,10,9,16,23,30,37,44,45,46,47,48,
195,0,1,2,3,4,5,6,13,12,11,10,9,16,23,30,37,44,45,46,47,48,
196,0,1,2,3,4,5,6,13,12,11,10,9,16,23,30,37,44,45,46,47,48,
197,0,1,2,3,4,5,6,13,12,11,10,9,16,23,30,37,44,45,46,47,48,
198,0,1,2,3,4,5,6,13,12,11,10,9,16,23,30,37,44,45,46,47,48,
199,0,1,2,3,4,5,6,13,12,11,10,9,16,23,30,37,44,45,46,47,48,
200,0,1,2,3,4,5,6,13,12,11,10,9,16,23,30,37,44,45,46,47,48,
201,0,1,2,3,4,5,6,13,12,11,10,9,16,23,30,37,44,45,46,47,48,
202,0,1,2,3,4,5,6,13,12,11,10,9,16,23,30,37,44,45,46,47,48,
203,0,1,2,3,4,5,6,13,12,11,10,9,16,23,30,37,44,45,46,47,48,
204,0,1,2,3,4,5,6,13,12,11,10,9,16,23,30,37,44,45,46,47,48,
205,0,1,2,3,4,5,6,13,12,11,10,9,16,23,30,37,44,45,46,47,48,
206,0,1,2,3,4,5,6,13,12,11,10,9,16,23,30,37,44,45,46,47,48,
207,0,1,2,3,4,5,6,13,12,11,10,9,16,23,30,37,44,45,46,47,48,
208,0,1,2,3,4,5,6,13,12,11,10,9,16,23,30,37,44,45,46,47,48,
209,0,1,2,3,4,5,6,13,12,11,10,9,16,23,30,37,44,45,46,47,48,
210,0,1,2,3,4,5,6,13,12,11,10,9,16,23,30,37,44,45,46,47,48,
211,0,1,2,3,4,5,6,13,12,11,10,9,16,23,30,37,44,45,46,47,48,
212,0,1,2,3,4,5,6,13,12,11,10,9,16,23,30,37,44,45,46,47,48,
213,0,1,2,3,4,5,6,13,12,11,10,9,16,23,30,37,44,45,46,47,48,
214,0,1,2,3,4,5,6,13,12,11,10,9,16,23,30,37,44,45,46,47,48,
215,0,1,2,3,4,5,6,13,12,11,10,9,16,23,30,37,44,45,46,47,48,
216,0,1,2,3,4,5,6,13,12,11,10,9,16,23,30,37,44,45,46,47,48,
217,0,1,2,3,4,5,6,13,12,11,10,9,16,23,30,37,44,45,46,47,48,
218,0,1,2,3,4,5,6,13,12,11,10,9,16,23,30,37,44,45,46,47,48,
219,0,1,2,3,4,5,6,13,12,11,10,9,16,23,30,37,44,45,46,47,48,
220,0,1,2,3,4,5,6,13,12,11,10,9,16,23,30,37,44,45,46,47,48,
221,0,1,2,3,4,5,6,13,12,11,10,9,16,23,30,37,44,45,46,47,48,
222,0,1,2,3,4,5,6,13,12,11,10,9,16,23,30,37,44,45,46,47,48,
223,0,1,2,3,4,5,6,13,12,11,10,9,16,23,30,37,44,45,46,47,48,
224,0,1,2,3,4,5,6,13,12,11,10,9,16,23,30,37,44,45,46,47,48,
225,0,1,2,3,4,5,6,13,12,11,10,9,16,23,30,37,44,45,46,47,48,
226,0,1,2,3,4,5,6,13,12,11,10,9,16,23,30,37,44,45,46,47,48,
227,0,1,2,3,4,5,6,13,12,11,10,9,16,23,30,37,44,45,46,47,48,
228,0,1,2,3,4,5,6,13,12,11,10,9,16,23,30,37,44,45,46,47,48,
229,0,1,2,3,4,5,6,13,12,11,10,9,16,23,30,37,44,45,46,47,48,
230,0,1,2,3,4,5,6,13,12,11,10,9,16,23,30,37,44,45,46,47,48,
231,0,1,2,3,4,5,6,13,12,11,10,9,16,23,30,37,44,45,46,47,48,
232,0,1,2,3,4,5,6,13,12,11,10,9,16,23,30,37,44,45,46,47,48,
233,0,1,2,3,4,5,6,13,12,11,10,9,16,23,30,37,44,45,46,47,48,
234,0,1,2,3,4,5,6,13,12,11,10,9,16,23,30,37,44,45,46,47,48,
235,0,1,2,3,4,5,6,13,12,11,10,9,16,23,30,37,44,45,46,47,48,
236,0,1,2,3,4,5,6,13,12,11,10,9,16,23,30,37,44,45,46,47,48,
237,0,1,2,3,4,5,6,13,12,11,10,9,16,23,30,37,44,45,46,47,48,
238,0,1,2,3,4,5,6,13,12,11,10,9,16,23,30,37,44,45,46,47,48,
239,0,1,2,3,4,5,6,13,12,11,10,9,16,23,30,37,44,45,46,47,48,
240,0,1,2,3,4,5,6,13,12,11,10,9,16,23,30,37,44,45,46,47,48,
241,0,1,2,3,4,5,6,13,12,11,10,9,16,23,30,37,44,45,46,47,48,
242,0,1,2,3,4,5,6,13,12,11,10,9,16,23,30,37,44,45,46,47,48,
243,0,1,2,3,4,5,6,13,12,11,10,9,16,23,30,37,44,45,46,47,48,
244,0,1,2,3,4,5,6,13,12,11,10,9,16,23,30,37,44,45,46,47,48,
245,0,1,2,3,4,5,6,13,12,11,10,9,16,23,30,37,44,45,46,47,48,
246,0,1,2,3,4,5,6,13,12,11,10,9,16,23,30,37,44,45,46,47,48,
247,0,1,2,3,4,5,6,13,12,11,10,9,16,23,30,37,44,45,46,47,48,
248,0,1,2,3,4,5,6,13,12,11,10,9,16,23,30,37,44,45,46,47,48,
249,0,1,2,3,4,5,6,13,12,11,10,9,16,23,30,37,44,45,46,47,48,
250,0,1,2,3,4,5,6,13,12,11,10,9,16,23,30,37,44,45,46,47,48,
251,0,1,2,3,4,5,6,13,12,11,10,9,16,23,30,37,44,45,46,47,48,
252,0,1,2,3,4,5,6,13,12,11,10,9,16,23,30,37,44,45,46,47,48,
253,0,1,2,3,4,5,6,13,12,11,10,9,16,23,30,37,44,45,46,47,48,
254,0,1,2,3,4,5,6,13,12,11,10,9,16,23,30,37,44,45,46,47,48,
255,0,1,2,3,4,5,6,13,12,11,10,9,16,23,30,37,44,45,46,47,48,
256,0,1,2,3,4,5,6,13,12,11,10,9,16,23,30,37,44,45,46,47,48,
257,0,1,2,3,4,5,6,13,12,11,10,9,16,23,30,37,44,45,46,47,48,
258,0,1,2,3,4,5,6,13,12,11,10,9,16,23,30,37,44,45,46,47,48,
259,0,1,2,3,4,5,6,13,12,11,10,9,16,23,30,37,44,45,46,47,48,
260,0,1,2,3,4,5,6,13,12,11,10,9,16,23,30,37,44,45,46,47,48,
261,0,1,2,3,4,5,6,13,12,11,10,9,16,23,30,37,44,45,46,47,48,
262,0,1,2,3,4,5,6,13,12,11,10,9,16,23,30,37,44,45,46,47,48,
263,0,1,2,3,4,5,6,13,12,11,10,9,16,23,30,37,44,45,46,47,48,
264,0,1,2,3,4,5,6,13,12,11,10,9,16,23,30,37,44,45,46,47,48,
265,0,1,0,7,0,7,14,21,22,29,30,37,38,45,46,47,48,
266,0,1,0,7,0,7,14,21,22,29,30,37,38,45,46,47,48,
267,0,1,0,7,0,7,14,21,22,29,30,37,38,45,46,47,48,
268,0,1,0,7,0,7,14,21,22,29,30,37,38,45,46,47,48,
269,0,1,0,7,0,7,14,21,22,29,30,37,38,45,46,47,48,
270,0,1,0,7,0,7,14,21,22,29,30,37,38,45,46,47,48,
271,0,1,0,7,0,7,14,21,22,29,30,37,38,45,46,47,48,
272,0,1,0,7,0,7,14,21,22,29,30,37,38,45,46,47,48,
273,0,1,0,7,0,7,14,21,22,29,30,37,38,45,46,47,48,
274,0,1,0,7,0,7,14,21,22,29,30,37,38,45,46,47,48,
275,0,1,0,7,0,7,14,21,22,29,30,37,38,45,46,47,48,
276,0,1,0,7,0,7,14,21,22,29,30,37,38,45,46,47,48,
277,0,1,0,7,0,7,14,21,22,29,30,37,38,45,46,47,48,
278,0,1,0,7,0,7,14,21,22,29,30,37,38,45,46,47,48,
279,0,1,0,7,0,7,14,21,22,29,30,37,38,45,46,47,48,
280,0,1,0,7,0,7,14,21,22,29,30,37,38,45,46,47,48,
281,0,1,0,7,0,7,14,21,22,29,30,37,38,45,46,47,48,
282,0,1,0,7,0,7,14,21,22,29,30,37,38,45,46,47,48,
283,0,1,0,7,0,7,14,21,22,29,30,37,38,45,46,47,48,
284,0,1,0,7,0,7,14,21,22,29,30,37,38,45,46,47,48,
285,0,1,0,7,0,7,14,21,22,29,30,37,38,45,46,47,48,
286,0,1,0,7,0,7,14,21,22,29,30,37,38,45,46,47,48,
287,0,1,0,7,0,7,14,21,22,29,30,37,38,45,46,47,48,
288,0,1,0,7,0,7,14,21,22,29,30,37,38,45,46,47,48,
289,0,1,0,7,0,7,14,21,22,29,30,37,38,45,46,47,48,
290,0,1,0,7,0,7,14,21,22,29,30,37,38,45,46,47,48,
291,0,1,0,7,0,7,14,21,22,29,30,37,38,45,46,47,48,
292,0,1,0,7,0,7,14,21,22,29,30,37,38,45,46,47,48,
293,0,1,0,7,0,7,14,21,22,29,30,37,38,45,46,47,48,
294,0,1,0,7,0,7,14,21,22,29,30,37,38,45,46,47,48,
295,0,1,0,7,0,7,14,21,22,29,30,37,38,45,46,47,48,
296,0,1,0,7,0,7,14,21,22,29,30,37,38,45,46,47,48,
297,0,1,0,7,0,7,14,21,22,29,30,37,38,45,46,47,48,
298,0,1,0,7,0,7,14,21,22,29,30,37,38,45,46,47,48,
299,0,1,0,7,0,7,14,21,22,29,30,37,38,45,46,47,48,
300,0,1,0,7,0,7,14,21,22,29,30,37,38,45,46,47,48,
301,0,1,0,7,0,7,14,21,22,29,30,37,38,45,46,47,48,
302,0,1,0,7,0,7,14,21,22,29,30,37,38,45,46,47,48,
303,0,1,0,7,0,7,14,21,22,29,30,37,38,45,46,47,48,
304,0,1,0,7,0,7,14,21,22,29,30,37,38,45,46,47,48,
305,0,1,0,7,0,7,14,21,22,29,30,37,38,45,46,47,48,
306,0,1,0,7,0,7,14,21,22,29,30,37,38,45,46,47,48,
307,0,1,0,7,0,7,14,21,22,29,30,37,38,45,46,47,48,
308,0,1,0,7,0,7,14,21,22,29,30,37,38,45,46,47,48,
309,0,1,0,7,0,7,14,21,22,29,30,37,38,45,46,47,48,
310,0,1,0,7,0,7,14,21,22,29,30,37,38,45,46,47,48,
311,0,1,0,7,0,7,14,21,22,29,30,37,38,45,46,47,48,
312,0,1,0,7,0,7,14,21,22,29,30,37,38,45,46,47,48,
313,0,1,0,7,0,7,14,21,22,29,30,37,38,45,46,47,48,
314,0,1,0,7,0,7,14,21,22,29,30,37,38,45,46,47,48,
315,0,1,0,7,0,7,14,21,22,29,30,37,38,45,46,47,48,
316,0,1,0,7,0,7,14,21,22,29,30,37,38,45,46,47,48,
317,0,1,0,7,0,7,14,21,22,29,30,37,38,45,46,47,48,
318,0,1,0,7,0,7,14,21,22,29,30,37,38,45,46,47,48,
319,0,1,0,7,0,7,14,21,22,29,30,37,38,45,46,47,48,
320,0,1,0,7,0,7,14,21,22,29,30,37,38,45,46,47,48,
321,0,1,0,7,0,7,14,21,22,29,30,37,38,45,46,47,48,
322,0,1,0,7,0,7,14,21,22,29,30,37,38,45,46,47,48,
323,0,1,0,7,0,7,14,21,22,29,30,37,38,45,46,47,48,
324,0,1,0,7,0,7,14,21,22,29,30,37,38,45,46,47,48,
325,0,1,0,7,0,7,14,21,22,29,30,37,38,45,46,47,48,
326,0,1,0,7,0,7,14,21,22,29,30,37,38,45,46,47,48,
327,0,1,0,7,0,7,14,21,22,29,30,37,38,45,46,47,48,
328,0,1,0,7,0,7,14,21,22,29,30,37,38,45,46,47,48,
329,0,1,0,7,0,7,14,21,22,29,30,37,38,45,46,47,48,
330,0,1,0,7,0,7,14,21,22,29,30,37,38,45,46,47,48,
331,0,1,0,7,0,7,14,21,22,29,30,37,38,45,46,47,48,
332,0,1,0,7,0,7,14,21,22,29,30,37,38,45,46,47,48,
333,0,1,0,7,0,7,14,21,22,29,30,37,38,45,46,47,48,
334,0,1,0,7,0,7,14,21,22,29,30,37,38,45,46,47,48,
335,0,1,0,7,0,7,14,21,22,29,30,37,38,45,46,47,48,
336,0,1,0,7,0,7,14,21,22,29,30,37,38,45,46,47,48,
337,0,1,0,7,0,7,14,21,22,29,30,37,38,45,46,47,48,
338,0,1,0,7,0,7,14,21,22,29,30,37,38,45,46,47,48,
339,0,1,0,7,0,7,14,21,22,29,30,37,38,45,46,47,48,
340,0,1,0,7,0,7,14,21,22,29,30,37,38,45,46,47,48,
341,0,1,0,7,0,7,14,21,22,29,30,37,38,45,46,47,48,
342,0,1,0,7,0,7,14,21,22,29,30,37,38,45,46,47,48,
343,0,1,0,7,0,7,14,21,22,29,30,37,38,45,46,47,48,
344,0,1,0,7,0,7,14,21,22,29,30,37,38,45,46,47,48,
345,0,1,0,7,0,7,14,21,22,29,30,37,38,45,46,47,48,
346,0,1,0,7,0,7,14,21,22,29,30,37,38,45,46,47,48,
347,0,1,0,7,0,7,14,21,22,29,30,37,38,45,46,47,48,
348,0,1,0,7,0,7,14,21,22,29,30,37,38,45,46,47,48,
349,0,1,0,7,0,7,14,21,22,29,30,37,38,45,46,47,48,
350,0,1,0,7,0,7,14,21,22,29,30,37,38,45,46,47,48,
351,0,1,0,7,0,7,14,21,22,29,30,37,38,45,46,47,48,
352,0,1,0,7,0,7,14,21,22,29,30,37,38,45,46,47,48,
353,0,1,0,7,0,7,14,21,22,29,30,37,38,45,46,47,48,
354,0,1,0,7,0,7,14,21,22,29,30,37,38,45,46,47,48,
355,0,1,0,7,0,7,14,21,22,29,30,37,38,45,46,47,48,
356,0,1,0,7,0,7,14,21,22,29,30,37,38,45,46,47,48,
357,0,1,0,7,0,7,14,21,22,29,30,37,38,45,46,47,48,
358,0,1,0,7,0,7,14,21,22,29,30,37,38,45,46,47,48,
359,0,1,0,7,0,7,14,21,22,29,30,37,38,45,46,47,48,
360,0,1,0,7,0,7,14,21,22,29,30,37,38,45,46,47,48,
361,0,1,0,7,0,7,14,21,22,29,30,37,38,45,46,47,48,
362,0,1,0,7,0,7,14,21,22,29,30,37,38,45,46,47,48,
363,0,1,0,7,0,7,14,21,22,29,30,37,38,45,46,47,48,
364,0,1,0,7,0,7,14,21,22,29,30,37,38,45,46,47,48,
365,0,1,0,7,0,7,14,21,22,29,30,37,38,45,46,47,48,
366,0,1,0,7,0,7,14,21,22,29,30,37,38,45,46,47,48,
367,0,1,0,7,0,7,14,21,22,29,30,37,38,45,46,47,48,
368,0,1,0,7,0,7,14,21,22,29,30,37,38,45,46,47,48,
369,0,1,0,7,0,7,14,21,22,29,30,37,38,45,46,47,48,
370,0,1,0,7,0,7,14,21,22,29,30,37,38,45,46,47,48,
371,0,1,0,7,0,7,14,21,22,29,30,37,38,45,46,47,48,
372,0,1,0,7,0,7,14,21,22,29,30,37,38,45,46,47,48,
373,0,1,0,7,0,7,14,21,22,29,30,37,38,45,46,47,48,
374,0,1,0,7,0,7,14,21,22,29,30,37,38,45,46,47,48,
375,0,1,0,7,0,7,14,21,22,29,30,37,38,45,46,47,48,
376,0,1,0,7,0,7,14,21,22,29,30,37,38,45,46,47,48,
377,0,1,0,7,0,7,14,21,22,29,30,37,38,45,46,47,48,
378,0,1,0,7,0,7,14,21,22,29,30,37,38,45,46,47,48,
379,0,1,0,7,0,7,14,21,22,29,30,37,38,45,46,47,48,
380,0,1,0,7,0,7,14,21,22,29,30,37,38,45,46,47,48,
381,0,1,0,7,0,7,14,21,22,29,30,37,38,45,46,47,48,
382,0,1,0,7,0,7,14,21,22,29,30,37,38,45,46,47,48,
383,0,1,0,7,0,7,14,21,22,29,30,37,38,45,46,47,48,
384,0,1,0,7,0,7,14,21,22,29,30,37,38,45,46,47,48,
385,0,1,0,7,0,7,14,21,22,29,30,37,38,45,46,47,48,
386,0,1,0,7,0,7,14,21,22,29,30,37,38,45,46,47,48,
387,0,1,0,7,0,7,14,21,22,29,30,37,38,45,46,47,48,
388,0,1,0,7,0,7,14,21,22,29,30,37,38,45,46,47,48,
389,0,1,0,7,0,7,14,21,22,29,30,37,38,45,46,47,48,
390,0,1,0,7,0,7,14,21,22,29,30,37,38,45,46,47,48,
391,0,1,0,7,0,7,14,21,22,29,30,37,38,45,46,47,48,
392,0,1,0,7,0,7,14,21,22,29,30,37,38,45,46,47,48,
393,0,1,0,7,0,7,14,21,22,29,30,37,38,45,46,47,48,
394,0,1,0,7,0,7,14,21,22,29,30,37,38,45,46,47,48,
395,0,1,0,7,0,7,14,21,22,29,30,37,38,45,46,47,48,
396,0,1,0,7,0,7,14,21,22,29,30,37,38,45,46,47,48,
397,0,1,0,7,0,7,14,21,22,29,30,37,38,45,46,47,48,
398,0,1,0,7,0,7,14,21,22,29,30,37,38,45,46,47,48,
399,0,1,0,7,0,7,14,21,22,29,30,37,38,45,46,47,48,
400,0,1,0,7,0,7,14,21,22,29,30,37,38,45,46,47,48,
401,0,1,0,7,0,7,14,21,22,29,30,37,38,45,46,47,48,
402,0,1,0,7,0,7,14,21,22,29,30,37,38,45,46,47,48,
403,0,1,0,7,0,7,14,21,22,29,30,37,38,45,46,47,48,
404,0,1,0,7,0,7,14,21,22,29,30,37,38,45,46,47,48,
405,0,1,0,7,0,7,14,21,22,29,30,37,38,45,46,47,48,
406,0,1,0,7,0,7,14,21,22,29,30,37,38,45,46,47,48,
407,0,1,0,7,0,7,14,21,22,29,30,37,38,45,46,47,48,
408,0,1,0,7,0,7,14,21,22,29,30,37,38,45,46,47,48,
409,0,1,0,7,0,7,14,21,22,29,30,37,38,45,46,47,48,
410,0,1,0,7,0,7,14,21,22,29,30,37,38,45,46,47,48,
411,0,1,0,7,0,7,14,21,22,29,30,37,38,45,46,47,48,
412,0,1,0,7,0,7,14,21,22,29,30,37,38,45,46,47,48,
413,0,1,0,7,0,7,14,21,22,29,30,37,38,45,46,47,48,
414,0,1,0,7,0,7,14,21,22,29,30,37,38,45,46,47,48,
415,0,1,0,7,0,7,14,21,22,29,30,37,38,45,46,47,48,
416,0,1,0,7,0,7,14,21,22,29,30,37,38,45,46,47,48,
417,0,1,0,7,0,7,14,21,22,29,30,37,38,45,46,47,48,
418,0,1,0,7,0,7,14,21,22,29,30,37,38,45,46,47,48,
419,0,1,0,7,0,7,14,21,22,29,30,37,38,45,46,47,48,
420,0,1,0,7,0,7,14,21,22,29,30,37,38,45,46,47,48,
421,0,1,0,7,0,7,14,21,22,29,30,37,38,45,46,47,48,
422,0,1,0,7,0,7,14,21,22,29,30,37,38,45,46,47,48,
423,0,1,0,7,0,7,14,21,22,29,30,37,38,45,46,47,48,
424,0,1,0,7,0,7,14,21,22,29,30,37,38,45,46,47,48,
425,0,1,0,7,0,7,14,21,22,29,30,37,38,45,46,47,48,
426,0,1,0,7,0,7,14,21,22,29,30,37,38,45,46,47,48,
427,0,1,0,7,0,7,14,21,22,29,30,37,38,45,46,47,48,
428,0,1,0,7,0,7,14,21,22,29,30,37,38,45,46,47,48,
429,0,1,0,7,0,7,14,21,22,29,30,37,38,45,46,47,48,
430,0,1,0,7,0,7,14,21,22,29,30,37,38,45,46,47,48,
431,0,1,0,7,0,7,14,21,22,29,30,37,38,45,46,47,48,
432,0,1,0,7,0,7,14,21,22,29,30,37,38,45,46,47,48,
433,0,1,0,7,0,7,14,21,22,29,30,37,38,45,46,47,48,
434,0,1,0,7,0,7,14,21,22,29,30,37,38,45,46,47,48,
435,0,1,0,7,0,7,14,21,22,29,30,37,38,45,46,47,48,
436,0,1,0,7,0,7,14,21,22,29,30,37,38,45,46,47,48,
437,0,1,0,7,0,7,14,21,22,29,30,37,38,45,46,47,48,
438,0,1,0,7,0,7,14,21,22,29,30,37,38,45,46,47,48,
439,0,1,0,7,0,7,14,21,22,29,30,37,38,45,46,47,48,
440,0,1,0,7,0,7,14,21,22,29,30,37,38,45,46,47,48,
441,0,1,0,7,0,7,14,21,22,29,30,37,38,45,46,47,48,
442,0,1,0,7,0,7,14,21,22,29,30,37,38,45,46,47,48,
443,0,1,0,7,0,7,14,21,22,29,30,37,38,45,46,47,48,
444,0,1,0,7,0,7,14,21,22,29,30,37,38,45,46,47,48,
445,0,1,0,7,0,7,14,21,22,29,30,37,38,45,46,47,48,
446,0,1,0,7,0,7,14,21,22,29,30,37,38,45,46,47,48,
447,0,1,0,7,0,7,14,21,22,29,30,37,38,45,46,47,48,
448,0,1,0,7,0,7,14,21,22,29,30,37,38,45,46,47,48,
449,0,1,0,7,0,7,14,21,22,29,30,37,38,45,46,47,48,
450,0,1,0,7,0,7,14,21,22,29,30,37,38,45,46,47,48,
451,0,1,0,7,0,7,14,21,22,29,30,37,38,45,46,47,48,
452,0,1,0,7,0,7,14,21,22,29,30,37,38,45,46,47,48,
453,0,1,0,7,0,7,14,21,22,29,30,37,38,45,46,47,48,
454,0,1,0,7,0,7,14,21,22,29,30,37,38,45,46,47,48,
455,0,1,0,7,0,7,14,21,22,29,30,37,38,45,46,47,48,
456,0,1,0,7,0,7,14,21,22,29,30,37,38,45,46,47,48,
457,0,1,0,7,0,7,14,21,22,29,30,37,38,45,46,47,48,
458,0,1,0,7,0,7,14,21,22,29,30,37,38,45,46,47,48,
459,0,1,0,7,0,7,14,21,22,29,30,37,38,45,46,47,48,
460,0,1,0,7,0,7,14,21,22,29,30,37,38,45,46,47,48,
461,0,1,0,7,0,7,14,21,22,29,30,37,38,45,46,47,48,
462,0,1,0,7,0,7,14,21,22,29,30,37,38,45,46,47,48,
463,0,1,0,7,0,7,14,21,22,29,30,37,38,45,46,47,48,
464,0,1,0,7,0,7,14,21,22,29,30,37,38,45,46,47,48,
465,0,1,0,7,0,7,14,21,22,29,30,37,38,45,46,47,48,
466,0,1,0,7,0,7,14,21,22,29,30,37,38,45,46,47,48,
467,0,1,0,7,0,7,14,21,22,29,30,37,38,45,46,47,48,
468,0,1,0,7,0,7,14,21,22,29,30,37,38,45,46,47,48,
469,0,1,0,7,0,7,14,21,22,29,30,37,38,45,46,47,48,
470,0,1,0,7,0,7,14,21,22,29,30,37,38,45,46,47,48,
471,0,1,0,7,0,7,14,21,22,29,30,37,38,45,46,47,48,
472,0,1,0,7,0,7,14,21,22,29,30,37,38,45,46,47,48,
473,0,1,0,7,0,7,14,21,22,29,30,37,38,45,46,47,48,
474,0,1,0,7,0,7,14,21,22,29,30,37,38,45,46,47,48,
475,0,1,0,7,0,7,14,21,22,29,30,37,38,45,46,47,48,
476,0,1,0,7,0,7,14,21,22,29,30,37,38,45,46,47,48,
477,0,1,0,7,0,7,14,21,22,29,30,37,38,45,46,47,48,
478,0,1,0,7,0,7,14,21,22,29,30,37,38,45,46,47,48,
479,0,1,0,7,0,7,14,21,22,29,30,37,38,45,46,47,48,
480,0,1,0,7,0,7,14,21,22,29,30,37,38,45,46,47,48,
481,0,1,0,7,0,7,14,21,22,29,30,37,38,45,46,47,48,
482,0,1,0,7,0,7,14,21,22,29,30,37,38,45,46,47,48,
483,0,1,0,7,0,7,14,21,22,29,30,37,38,45,46,47,48,
484,0,1,0,7,0,7,14,21,22,29,30,37,38,45,46,47,48,
485,0,1,0,7,0,7,14,21,22,29,30,37,38,45,46,47,48,
486,0,1,0,7,0,7,14,21,22,29,30,37,38,45,46,47,48,
487,0,1,0,7,0,7,14,21,22,29,30,37,38,45,46,47,48,
488,0,1,0,7,0,7,14,21,22,29,30,37,38,45,46,47,48,
489,0,1,0,7,0,7,14,21,22,29,30,37,38,45,46,47,48,
490,0,1,0,7,0,7,14,21,22,29,30,37,38,45,46,47,48,
491,0,1,0,7,0,7,14,21,22,29,30,37,38,45,46,47,48,
492,0,1,0,7,0,7,14,21,22,29,30,37,38,45,46,47,48,
493,0,1,0,7,0,7,14,21,22,29,30,37,38,45,46,47,48,
494,0,1,0,7,0,7,14,21,22,29,30,37,38,45,46,47,48,
495,0,1,0,7,0,7,14,21,22,29,30,37,38,45,46,47,48,
496,0,1,0,7,0,7,14,21,22,29,30,37,38,45,46,47,48,
497,0,1,0,7,0,7,14,21,22,29,30,37,38,45,46,47,48,
498,0,1,0,7,0,7,14,21,22,29,30,37,38,45,46,47,48,
499,0,1,0,7,0,7,14,21,22,29,30,37,38,45,46,47,48,
500,0,1,0,7,0,7,14,21,22,29,30,37,38,45,46,47,48,
501,0,1,0,7,0,7,14,21,22,29,30,37,38,45,46,47,48,
502,0,1,0,7,0,7,14,21,22,29,30,37,38,45,46,47,48,
503,0,1,0,7,0,7,14,21,22,29,30,37,38,45,46,47,48,
504,0,1,0,7,0,7,14,21,22,29,30,37,38,45,46,47,48,
505,0,1,0,7,0,7,14,21,22,29,30,37,38,45,46,47,48,
506,0,1,0,7,0,7,14,21,22,29,30,37,38,45,46,47,48,
507,0,1,0,7,0,7,14,21,22,29,30,37,38,45,46,47,48,
508,0,1,0,7,0,7,14,21,22,29,30,37,38,45,46,47,48,
509,0,1,0,7,0,7,14,21,22,29,30,37,38,45,46,47,48,
510,0,1,0,7,0,7,14,21,22,29,30,37,38,45,46,47,48,
511,0,1,0,7,0,7,14,21,22,29,30,37,38,45,46,47,48,
512,0,1,0,7,0,7,14,21,22,29,30,37,38,45,46,47,48,
513,0,1,0,7,0,7,14,21,22,29,30,37,38,45,46,47,48,
514,0,1,0,7,0,7,14,21,22,29,30,37,38,45,46,47,48,
515,0,1,0,7,0,7,14,21,22,29,30,37,38,45,46,47,48,
516,0,1,0,7,0,7,14,21,22,29,30,37,38,45,46,47,48,
517,0,1,0,7,0,7,14,21,22,29,30,37,38,45,46,47,48,
518,0,1,0,7,0,7,14,21,22,29,30,37,38,45,46,47,48,
519,0,1,0,7,0,7,14,21,22,29,30,37,38,45,46,47,48,
520,0,1,0,7,0,7,14,21,22,29,30,37,38,45,46,47,48,
521,0,1,0,7,0,7,14,21,22,29,30,37,38,45,46,47,48,
522,0,1,0,7,0,7,14,21,22,29,30,37,38,45,46,47,48,
523,0,1,0,7,0,7,14,21,22,29,30,37,38,45,46,47,48,
524,0,1,0,7,0,7,14,21,22,29,30,37,38,45,46,47,48,
525,0,1,0,7,0,7,14,21,22,29,30,37,38,45,46,47,48,
526,0,1,0,7,0,7,14,21,22,29,30,37,38,45,46,47,48,
527,0,1,0,7,0,7,14,21,22,29,30,37,38,45,46,47,48,
528,0,1,0,7,0,7,14,21,22,29,30,37,38,45,46,47,48,
529,0,1,0,7,0,7,14,21,22,29,30,37,38,45,46,47,48,
530,0,1,0,7,0,7,14,21,22,29,30,37,38,45,46,47,48,
531,0,1,0,7,0,7,14,21,22,29,30,37,38,45,46,47,48,
532,0,1,0,7,0,7,14,21,22,29,30,37,38,45,46,47,48,
533,0,1,0,7,0,7,14,21,22,29,30,37,38,45,46,47,48,
534,0,1,0,7,0,7,14,21,22,29,30,37,38,45,46,47,48,
535,0,1,0,7,0,7,14,21,22,29,30,37,38,45,46,47,48,
536,0,1,0,7,0,7,14,21,22,29,30,37,38,45,46,47,48,
537,0,1,0,7,0,7,14,21,22,29,30,37,38,45,46,47,48,
538,0,1,0,7,0,7,14,21,22,29,30,37,38,45,46,47,48,
539,0,1,0,7,0,7,14,21,22,29,30,37,38,45,46,47,48,
540,0,1,0,7,0,7,14,21,22,29,30,37,38,45,46,47,48,
541,0,1,0,7,0,7,14,21,22,29,30,37,38,45,46,47,48,
542,0,1,0,7,0,7,14,21,22,29,30,37,38,45,46,47,48,
543,0,1,0,7,0,7,14,21,22,29,30,37,38,45,46,47,48,
544,0,1,0,7,0,7,14,21,22,29,30,37,38,45,46,47,48,
545,0,1,0,7,0,7,14,21,22,29,30,37,38,45,46,47,48,
546,0,1,0,7,0,7,14,21,22,29,30,37,38,45,46,47,48,
547,0,1,0,7,0,7,14,21,22,29,30,37,38,45,46,47,48,
548,0,1,0,7,0,7,14,21,22,29,30,37,38,45,46,47,48,
549,0,1,0,7,0,7,14,21,22,29,30,37,38,45,46,47,48,
550,0,1,0,7,0,7,14,21,22,29,30,37,38,45,46,47,48,
551,0,1,0,7,0,7,14,21,22,29,30,37,38,45,46,47,48,
552,0,1,0,7,0,7,14,21,22,29,30,37,38,45,46,47,48,
553,0,1,0,7,0,7,14,21,22,29,30,37,38,45,46,47,48,
554,0,1,0,7,0,7,14,21,22,29,30,37,38,45,46,47,48,
555,0,1,0,7,0,7,14,21,22,29,30,37,38,45,46,47,48,
556,0,1,0,7,0,7,14,21,22,29,30,37,38,45,46,47,48,
557,0,1,0,7,0,7,14,21,22,29,30,37,38,45,46,47,48,
558,0,1,0,7,0,7,14,21,22,29,30,37,38,45,46,47,48,
559,0,1,0,7,0,7,14,21,22,29,30,37,38,45,46,47,48,
560,0,1,0,7,0,7,14,21,22,29,30,37,38,45,46,47,48,
561,0,1,0,7,0,7,14,21,22,29,30,37,38,45,46,47,48,
562,0,1,0,7,0,7,14,21,22,29,30,37,38,45,46,47,48,
563,0,1,0,7,0,7,14,21,22,29,30,37,38,45,46,47,48,
564,0,1,0,7,0,7,14,21,22,29,30,37,38,45,46,47,48,
565,0,1,0,7,0,7,14,21,22,29,30,37,38,45,46,47,48,
566,0,1,0,7,0,7,14,21,22,29,30,37,38,45,46,47,48,
567,0,1,0,7,0,7,14,21,22,29,30,37,38,45,46,47,48,
568,0,1,0,7,0,7,14,21,22,29,30,37,38,45,46,47,48,
569,0,1,0,7,0,7,14,21,22,29,30,37,38,45,46,47,48,
570,0,1,0,7,0,7,14,21,22,29,30,37,38,45,46,47,48,
571,0,1,0,7,0,7,14,21,22,29,30,37,38,45,46,47,48,
572,0,1,0,7,0,7,14,21,22,29,30,37,38,45,46,47,48,
573,0,1,0,7,0,7,14,21,22,29,30,37,38,45,46,47,48,
574,0,1,0,7,0,7,14,21,22,29,30,37,38,45,46,47,48,
575,0,1,0,7,0,7,14,21,22,29,30,37,38,45,46,47,48,
576,0,1,0,7,0,7,14,21,22,29,30,37,38,45,46,47,48,
577,0,1,0,7,0,7,14,21,22,29,30,37,38,45,46,47,48,
578,0,1,0,7,0,7,14,21,22,29,30,37,38,45,46,47,48,
579,0,1,0,7,0,7,14,21,22,29,30,37,38,45,46,47,48,
580,0,1,0,7,0,7,14,21,22,29,30,37,38,45,46,47,48,
581,0,1,0,7,0,7,14,21,22,29,30,37,38,45,46,47,48,
582,0,1,0,7,0,7,14,21,22,29,30,37,38,45,46,47,48,
583,0,1,0,7,0,7,14,21,22,29,30,37,38,45,46,47,48,
584,0,1,0,7,0,7,14,21,22,29,30,37,38,45,46,47,48,
585,0,1,0,7,0,7,14,21,22,29,30,37,38,45,46,47,48,
586,0,1,0,7,0,7,14,21,22,29,30,37,38,45,46,47,48,
587,0,1,0,7,0,7,14,21,22,29,30,37,38,45,46,47,48,
588,0,1,0,7,0,7,14,21,22,29,30,37,38,45,46,47,48,
589,0,1,0,7,0,7,14,21,22,29,30,37,38,45,46,47,48,
590,0,1,0,7,0,7,14,21,22,29,30,37,38,45,46,47,48,
591,0,1,0,7,0,7,14,21,22,29,30,37,38,45,46,47,48,
592,0,1,0,7,0,7,14,21,22,29,30,37,38,45,46,47,48,
593,0,1,0,7,0,7,14,21,22,29,30,37,38,45,46,47,48,
594,0,1,0,7,0,7,14,21,22,29,30,37,38,45,46,47,48,
595,0,1,0,7,0,7,14,21,22,29,30,37,38,45,46,47,48,
596,0,1,0,7,0,7,14,21,22,29,30,37,38,45,46,47,48,
597,0,1,0,7,0,7,14,21,22,29,30,37,38,45,46,47,48,
598,0,1,0,7,0,7,14,21,22,29,30,37,38,45,46,47,48,
599,0,1,0,7,0,7,14,21,22,29,30,37,38,45,46,47,48,
600,0,1,0,7,0,7,14,21,22,29,30,37,38,45,46,47,48,
601,0,1,0,7,0,7,14,21,22,29,30,37,38,45,46,47,48,
602,0,1,0,7,0,7,14,21,22,29,30,37,38,45,46,47,48,
603,0,1,0,7,0,7,14,21,22,29,30,37,38,45,46,47,48,
604,0,1,0,7,0,7,14,21,22,29,30,37,38,45,46,47,48,
605,0,1,0,7,0,7,14,21,22,29,30,37,38,45,46,47,48,
606,0,1,0,7,0,7,14,21,22,29,30,37,38,45,46,47,48,
607,0,1,0,7,0,7,14,21,22,29,30,37,38,45,46,47,48,
608,0,1,0,7,0,7,14,21,22,29,30,37,38,45,46,47,48,
609,0,1,0,7,0,7,14,21,22,29,30,37,38,45,46,47,48,
610,0,1,0,7,0,7,14,21,22,29,30,37,38,45,46,47,48,
611,0,1,0,7,0,7,14,21,22,29,30,37,38,45,46,47,48,
612,0,1,0,7,0,7,14,21,22,29,30,37,38,45,46,47,48,
613,0,1,0,7,0,7,14,21,22,29,30,37,38,45,46,47,48,
614,0,1,0,7,0,7,14,21,22,29,30,37,38,45,46,47,48,
615,0,1,0,7,0,7,14,21,22,29,30,37,38,45,46,47,48,
616,0,1,0,7,0,7,14,21,22,29,30,37,38,45,46,47,48,
617,0,1,0,7,0,7,14,21,22,29,30,37,38,45,46,47,48,
618,0,1,0,7,0,7,14,21,22,29,30,37,38,45,46,47,48,
619,0,1,0,7,0,7,14,21,22,29,30,37,38,45,46,47,48,
620,0,1,0,7,0,7,14,21,22,29,30,37,38,45,46,47,48,
621,0,1,0,7,0,7,14,21,22,29,30,37,38,45,46,47,48,
622,0,1,0,7,0,7,14,21,22,29,30,37,38,45,46,47,48,
623,0,1,0,7,0,7,14,21,22,29,30,37,38,45,46,47,48,
624,0,1,0,7,0,7,14,21,22,29,30,37,38,45,46,47,48,
625,0,1,0,7,0,7,14,21,22,29,30,37,38,45,46,47,48,
626,0,1,0,7,0,7,14,21,22,29,30,37,38,45,46,47,48,
627,0,1,0,7,0,7,14,21,22,29,30,37,38,45,46,47,48,
628,0,1,0,7,0,7,14,21,22,29,30,37,38,45,46,47,48,
629,0,1,0,7,0,7,14,21,22,29,30,37,38,45,46,47,48,
630,0,1,0,7,0,7,14,21,22,29,30,37,38,45,46,47,48,
631,0,1,0,7,0,7,14,21,22,29,30,37,38,45,46,47,48,
632,0,1,0,7,0,7,14,21,22,29,30,37,38,45,46,47,48,
633,0,1,0,7,0,7,14,21,22,29,30,37,38,45,46,47,48,
634,0,1,0,7,0,7,14,21,22,29,30,37,38,45,46,47,48,
635,0,1,0,7,0,7,14,21,22,29,30,37,38,45,46,47,48,
636,0,1,0,7,0,7,14,21,22,29,30,37,38,45,46,47,48,
637,0,1,0,7,0,7,14,21,22,29,30,37,38,45,46,47,48,
638,0,1,0,7,0,7,14,21,22,29,30,37,38,45,46,47,48,
639,0,1,0,7,0,7,14,21,22,29,30,37,38,45,46,47,48,
640,0,1,0,7,0,7,14,21,22,29,30,37,38,45,46,47,48,
641,0,1,0,7,0,7,14,21,22,29,30,37,38,45,46,47,48,
642,0,1,0,7,0,7,14,21,22,29,30,37,38,45,46,47,48,
643,0,1,0,7,0,7,14,21,22,29,30,37,38,45,46,47,48,
644,0,1,0,7,0,7,14,21,22,29,30,37,38,45,46,47,48,
645,0,1,0,7,0,7,14,21,22,29,30,37,38,45,46,47,48,
646,0,1,0,7,0,7,14,21,22,29,30,37,38,45,46,47,48,
647,0,1,0,7,0,7,14,21,22,29,30,37,38,45,46,47,48,
648,0,1,0,7,0,7,14,21,22,29,30,37,38,45,46,47,48,
649,0,1,0,7,0,7,14,21,22,29,30,37,38,45,46,47,48,
650,0,1,0,7,0,7,14,21,22,29,30,37,38,45,46,47,48,
651,0,1,0,7,0,7,14,21,22,29,30,37,38,45,46,47,48,
652,0,1,0,7,0,7,14,21,22,29,30,37,38,45,46,47,48,
653,0,1,0,7,0,7,14,21,22,29,30,37,38,45,46,47,48,
654,0,1,0,7,0,7,14,21,22,29,30,37,38,45,46,47,48,
655,0,1,0,7,0,7,14,21,22,29,30,37,38,45,46,47,48,
656,0,1,0,7,0,7,14,21,22,29,30,37,38,45,46,47,48,
657,0,1,0,7,0,7,14,21,22,29,30,37,38,45,46,47,48,
658,0,1,0,7,0,7,14,21,22,29,30,37,38,45,46,47,48,
659,0,1,0,7,0,7,14,21,22,29,30,37,38,45,46,47,48,
660,0,1,0,7,0,7,14,21,22,29,30,37,38,45,46,47,48,
661,0,1,0,7,0,7,14,21,22,29,30,37,38,45,46,47,48,
662,0,1,0,7,0,7,14,21,22,29,30,37,38,45,46,47,48,
663,0,1,0,7,0,7,14,21,22,29,30,37,38,45,46,47,48,
664,0,1,0,7,0,7,14,21,22,29,30,37,38,45,46,47,48,
665,0,1,0,7,0,7,14,21,22,29,30,37,38,45,46,47,48,
666,0,1,0,7,0,7,14,21,22,29,30,37,38,45,46,47,48,
667,0,1,0,7,0,7,14,21,22,29,30,37,38,45,46,47,48,
668,0,1,0,7,0,7,14,21,22,29,30,37,38,45,46,47,48,
669,0,1,0,7,0,7,14,21,22,29,30,37,38,45,46,47,48,
670,0,1,0,7,0,7,14,21,22,29,30,37,38,45,46,47,48,
671,0,1,0,7,0,7,14,21,22,29,30,37,38,45,46,47,48,
672,0,1,0,7,0,7,14,21,22,29,30,37,38,45,46,47,48,
673,0,1,0,7,0,7,14,21,22,29,30,37,38,45,46,47,48,
674,0,1,0,7,0,7,14,21,22,29,30,37,38,45,46,47,48,
675,0,1,0,7,0,7,14,21,22,29,30,37,38,45,46,47,48,
676,0,1,0,7,0,7,14,21,22,29,30,37,38,45,46,47,48,
677,0,1,0,7,0,7,14,21,22,29,30,37,38,45,46,47,48,
678,0,1,0,7,0,7,14,21,22,29,30,37,38,45,46,47,48,
679,0,1,0,7,0,7,14,21,22,29,30,37,38,45,46,47,48,
680,0,1,0,7,0,7,14,21,22,29,30,37,38,45,46,47,48,
681,0,1,0,7,0,7,14,21,22,29,30,37,38,45,46,47,48,
682,0,1,0,7,0,7,14,21,22,29,30,37,38,45,46,47,48,
683,0,1,0,7,0,7,14,21,22,29,30,37,38,45,46,47,48,
684,0,1,0,7,0,7,14,21,22,29,30,37,38,45,46,47,48,
685,0,1,0,7,0,7,14,21,22,29,30,37,38,45,46,47,48,
686,0,1,0,7,0,7,14,21,22,29,30,37,38,45,46,47,48,
687,0,1,0,7,0,7,14,21,22,29,30,37,38,45,46,47,48,
688,0,1,0,7,0,7,14,21,22,29,30,37,38,45,46,47,48,
689,0,1,0,7,0,7,14,21,22,29,30,37,38,45,46,47,48,
690,0,1,0,7,0,7,14,21,22,29,30,37,38,45,46,47,48,
691,0,1,0,7,0,7,14,21,22,29,30,37,38,45,46,47,48,
692,0,1,0,7,0,7,14,21,22,29,30,37,38,45,46,47,48,
693,0,1,0,7,0,7,14,21,22,29,30,37,38,45,46,47,48,
694,0,1,0,7,0,7,14,21,22,29,30,37,38,45,46,47,48,
695,0,1,0,7,0,7,14,21,22,29,30,37,38,45,46,47,48,
696,0,1,0,7,0,7,14,21,22,29,30,37,38,45,46,47,48,
697,0,1,0,7,0,7,14,21,22,29,30,37,38,45,46,47,48,
698,0,1,0,7,0,7,14,21,22,29,30,37,38,45,46,47,48,
699,0,1,0,7,0,7,14,21,22,29,30,37,38,45,46,47,48,
700,0,1,0,7,0,7,14,21,22,29,30,37,38,45,46,47,48,
701,0,1,0,7,0,7,14,21,22,29,30,37,38,45,46,47,48,
702,0,1,0,7,0,7,14,21,22,29,30,37,38,45,46,47,48,
703,0,1,0,7,0,7,14,21,22,29,30,37,38,45,46,47,48,
704,0,1,0,7,0,7,14,21,22,29,30,37,38,45,46,47,48,
705,0,1,0,7,0,7,14,21,22,29,30,37,38,45,46,47,48,
706,0,1,0,7,0,7,14,21,22,29,30,37,38,45,46,47,48,
707,0,1,0,7,0,7,14,21,22,29,30,37,38,45,46,47,48,
708,0,1,0,7,0,7,14,21,22,29,30,37,38,45,46,47,48,
709,0,1,0,7,0,7,14,21,22,29,30,37,38,45,46,47,48,
710,0,1,0,7,0,7,14,21,22,29,30,37,38,45,46,47,48,
711,0,1,0,7,0,7,14,21,22,29,30,37,38,45,46,47,48,
712,0,1,0,7,0,7,14,21,22,29,30,37,38,45,46,47,48,
713,0,1,0,7,0,7,14,21,22,29,30,37,38,45,46,47,48,
714,0,1,0,7,0,7,14,21,22,29,30,37,38,45,46,47,48,
715,0,1,0,7,0,7,14,21,22,29,30,37,38,45,46,47,48,
716,0,1,0,7,0,7,14,21,22,29,30,37,38,45,46,47,48,
717,0,1,0,7,0,7,14,21,22,29,30,37,38,45,46,47,48,
718,0,1,0,7,0,7,14,21,22,29,30,37,38,45,46,47,48,
719,0,1,0,7,0,7,14,21,22,29,30,37,38,45,46,47,48,
720,0,1,0,7,0,7,14,21,22,29,30,37,38,45,46,47,48,
721,0,1,0,7,0,7,14,21,22,29,30,37,38,45,46,47,48,
722,0,1,0,7,0,7,14,21,22,29,30,37,38,45,46,47,48,
723,0,1,0,7,0,7,14,21,22,29,30,37,38,45,46,47,48,
724,0,1,0,7,0,7,14,21,22,29,30,37,38,45,46,47,48,
725,0,1,0,7,0,7,14,21,22,29,30,37,38,45,46,47,48,
726,0,1,0,7,0,7,14,21,22,29,30,37,38,45,46,47,48,
727,0,1,0,7,0,7,14,21,22,29,30,37,38,45,46,47,48,
728,0,1,0,7,0,7,14,21,22,29,30,37,38,45,46,47,48,
729,0,1,0,7,0,7,14,21,22,29,30,37,38,45,46,47,48,
730,0,1,0,7,0,7,14,21,22,29,30,37,38,45,46,47,48,
731,0,1,0,7,0,7,14,21,22,29,30,37,38,45,46,47,48,
732,0,1,0,7,0,7,14,21,22,29,30,37,38,45,46,47,48,
733,0,1,0,7,0,7,14,21,22,29,30,37,38,45,46,47,48,
734,0,1,0,7,0,7,14,21,22,29,30,37,38,45,46,47,48,
735,0,1,0,7,0,7,14,21,22,29,30,37,38,45,46,47,48,
736,0,1,0,7,0,7,14,21,22,29,30,37,38,45,46,47,48,
737,0,1,0,7,0,7,14,21,22,29,30,37,38,45,46,47,48,
738,0,1,0,7,0,7,14,21,22,29,30,37,38,45,46,47,48,
739,0,1,0,7,0,7,14,21,22,29,30,37,38,45,46,47,48,
740,0,1,0,7,0,7,14,21,22,29,30,37,38,45,46,47,48,
741,0,1,0,7,0,7,14,21,22,29,30,37,38,45,46,47,48,
742,0,1,0,7,0,7,14,21,22,29,30,37,38,45,46,47,48,
743,0,1,0,7,0,7,14,21,22,29,30,37,38,45,46,47,48,
744,0,1,0,7,0,7,14,21,22,29,30,37,38,45,46,47,48,
745,0,1,0,7,0,7,14,21,22,29,30,37,38,45,46,47,48,
746,0,1,0,7,0,7,14,21,22,29,30,37,38,45,46,47,48,
747,0,1,0,7,0,7,14,21,22,29,30,37,38,45,46,47,48,
748,0,1,0,7,0,7,14,21,22,29,30,37,38,45,46,47,48,
749,0,1,0,7,0,7,14,21,22,29,30,37,38,45,46,47,48,
750,0,1,0,7,0,7,14,21,22,29,30,37,38,45,46,47,48,
751,0,1,0,7,0,7,14,21,22,29,30,37,38,45,46,47,48,
752,0,1,0,7,0,7,14,21,22,29,30,37,38,45,46,47,48,
753,0,1,0,7,0,7,14,21,22,29,30,37,38,45,46,47,48,
754,0,1,0,7,0,7,14,21,22,29,30,37,38,45,46,47,48,
755,0,1,0,7,0,7,14,21,22,29,30,37,38,45,46,47,48,
756,0,1,0,7,0,7,14,21,22,29,30,37,38,45,46,47,48,
757,0,1,0,7,0,7,14,21,22,29,30,37,38,45,46,47,48,
758,0,1,0,7,0,7,14,21,22,29,30,37,38,45,46,47,48,
759,0,1,0,7,0,7,14,21,22,29,30,37,38,45,46,47,48,
760,0,1,0,7,0,7,14,21,22,29,30,37,38,45,46,47,48,
761,0,1,0,7,0,7,14,21,22,29,30,37,38,45,46,47,48,
762,0,1,0,7,0,7,14,21,22,29,30,37,38,45,46,47,48,
763,0,1,0,7,0,7,14,21,22,29,30,37,38,45,46,47,48,
764,0,1,0,7,0,7,14,21,22,29,30,37,38,45,46,47,48,
765,0,1,0,7,0,7,14,21,22,29,30,37,38,45,46,47,48,
766,0,1,0,7,0,7,14,21,22,29,30,37,38,45,46,47,48,
767,0,1,0,7,0,7,14,21,22,29,30,37,38,45,46,47,48,
768,0,1,0,7,0,7,14,21,22,29,30,37,38,45,46,47,48,
769,0,1,0,7,0,7,14,21,22,29,30,37,38,45,46,47,48,
770,0,1,0,7,0,7,14,21,22,29,30,37,38,45,46,47,48,
771,0,1,0,7,0,7,14,21,22,29,30,37,38,45,46,47,48,
772,0,1,0,7,0,7,14,21,22,29,30,37,38,45,46,47,48,
773,0,1,0,7,0,7,14,21,22,29,30,37,38,45,46,47,48,
774,0,1,0,7,0,7,14,21,22,29,30,37,38,45,46,47,48,
775,0,1,0,7,0,7,14,21,22,29,30,37,38,45,46,47,48,
776,0,1,0,7,0,7,14,21,22,29,30,37,38,45,46,47,48,
777,0,1,0,7,0,7,14,21,22,29,30,37,38,45,46,47,48,
778,0,1,0,7,0,7,14,21,22,29,30,37,38,45,46,47,48,
779,0,1,0,7,0,7,14,21,22,29,30,37,38,45,46,47,48,
780,0,1,0,7,0,7,14,21,22,29,30,37,38,45,46,47,48,
781,0,1,0,7,0,7,14,21,22,29,30,37,38,45,46,47,48,
782,0,1,0,7,0,7,14,21,22,29,30,37,38,45,46,47,48,
783,0,1,0,7,0,7,14,21,22,29,30,37,38,45,46,47,48,
784,0,1,0,7,0,7,14,21,22,29,30,37,38,45,46,47,48,
785,0,1,0,7,0,7,14,21,22,29,30,37,38,45,46,47,48,
786,0,1,0,7,0,7,14,21,22,29,30,37,38,45,46,47,48,
787,0,1,0,7,0,7,14,21,22,29,30,37,38,45,46,47,48,
788,0,1,0,7,0,7,14,21,22,29,30,37,38,45,46,47,48,
789,0,1,0,7,0,7,14,21,22,29,30,37,38,45,46,47,48,
790,0,1,0,7,0,7,14,21,22,29,30,37,38,45,46,47,48,
791,0,1,0,7,0,7,14,21,22,29,30,37,38,45,46,47,48,
792,0,1,0,7,0,7,14,21,22,29,30,37,38,45,46,47,48,
793,0,1,0,7,0,7,14,21,22,29,30,37,38,45,46,47,48,
794,0,1,0,7,0,7,14,21,22,29,30,37,38,45,46,47,48,
795,0,1,0,7,0,7,14,21,22,29,30,37,38,45,46,47,48,
796,0,1,0,7,0,7,14,21,22,29,30,37,38,45,46,47,48,
797,0,1,0,7,0,7,14,21,22,29,30,37,38,45,46,47,48,
798,0,1,0,7,0,7,14,21,22,29,30,37,38,45,46,47,48,
799,0,1,0,7,0,7,14,21,22,29,30,37,38,45,46,47,48,
800,0,1,0,7,0,7,14,21,22,29,30,37,38,45,46,47,48,
801,0,1,0,7,0,7,14,21,22,29,30,37,38,45,46,47,48,
802,0,1,0,7,0,7,14,21,22,29,30,37,38,45,46,47,48,
803,0,1,0,7,0,7,14,21,22,29,30,37,38,45,46,47,48,
804,0,1,0,7,0,7,14,21,22,29,30,37,38,45,46,47,48,
805,0,1,0,7,0,7,14,21,22,29,30,37,38,45,46,47,48,
806,0,1,0,7,0,7,14,21,22,29,30,37,38,45,46,47,48,
807,0,1,0,7,0,7,14,21,22,29,30,37,38,45,46,47,48,
808,0,1,0,7,0,7,14,21,22,29,30,37,38,45,46,47,48,
809,0,1,0,7,0,7,14,21,22,29,30,37,38,45,46,47,48,
810,0,1,0,7,0,7,14,21,22,29,30,37,38,45,46,47,48,
811,0,1,0,7,0,7,14,21,22,29,30,37,38,45,46,47,48,
812,0,1,0,7,0,7,14,21,22,29,30,37,38,45,46,47,48,
813,0,1,0,7,0,7,14,21,22,29,30,37,38,45,46,47,48,
814,0,1,0,7,0,7,14,21,22,29,30,37,38,45,46,47,48,
815,0,1,0,7,0,7,14,21,22,29,30,37,38,45,46,47,48,
816,0,1,0,7,0,7,14,21,22,29,30,37,38,45,46,47,48,
817,0,1,0,7,0,7,14,21,22,29,30,37,38,45,46,47,48,
818,0,1,0,7,0,7,14,21,22,29,30,37,38,45,46,47,48,
819,0,1,0,7,0,7,14,21,22,29,30,37,38,45,46,47,48,
820,0,1,0,7,0,7,14,21,22,29,30,37,38,45,46,47,48,
821,0,1,0,7,0,7,14,21,22,29,30,37,38,45,46,47,48,
822,0,1,0,7,0,7,14,21,22,29,30,37,38,45,46,47,48,
823,0,1,0,7,0,7,14,21,22,29,30,37,38,45,46,47,48,
824,0,1,0,7,0,7,14,21,22,29,30,37,38,45,46,47,48,
825,0,1,0,7,0,7,14,21,22,29,30,37,38,45,46,47,48,
826,0,1,0,7,0,7,14,21,22,29,30,37,38,45,46,47,48,
827,0,1,0,7,0,7,14,21,22,29,30,37,38,45,46,47,48,
828,0,1,0,7,0,7,14,21,22,29,30,37,38,45,46,47,48,
829,0,1,0,7,0,7,14,21,22,29,30,37,38,45,46,47,48,
830,0,1,0,7,0,7,14,21,22,29,30,37,38,45,46,47,48,
831,0,1,0,7,0,7,14,21,22,29,30,37,38,45,46,47,48,
832,0,1,0,7,0,7,14,21,22,29,30,37,38,45,46,47,48,
833,0,1,0,7,0,7,14,21,22,29,30,37,38,45,46,47,48,
834,0,1,0,7,0,7,14,21,22,29,30,37,38,45,46,47,48,
835,0,1,0,7,0,7,14,21,22,29,30,37,38,45,46,47,48,
836,0,1,0,7,0,7,14,21,22,29,30,37,38,45,46,47,48,
837,0,1,0,7,0,7,14,21,22,29,30,37,38,45,46,47,48,
838,0,1,0,7,0,7,14,21,22,29,30,37,38,45,46,47,48,
839,0,1,0,7,0,7,14,21,22,29,30,37,38,45,46,47,48,
840,0,1,0,7,0,7,14,21,22,29,30,37,38,45,46,47,48,
841,0,1,0,7,0,7,14,21,22,29,30,37,38,45,46,47,48,
842,0,1,0,7,0,7,14,21,22,29,30,37,38,45,46,47,48,
843,0,1,0,7,0,7,14,21,22,29,30,37,38,45,46,47,48,
844,0,1,0,7,0,7,14,21,22,29,30,37,38,45,46,47,48,
845,0,1,0,7,0,7,14,21,22,29,30,37,38,45,46,47,48,
846,0,1,0,7,0,7,14,21,22,29,30,37,38,45,46,47,48,
847,0,1,0,7,0,7,14,21,22,29,30,37,38,45,46,47,48,
848,0,1,0,7,0,7,14,21,22,29,30,37,38,45,46,47,48,
849,0,1,0,7,0,7,14,21,22,29,30,37,38,45,46,47,48,
850,0,1,0,7,0,7,14,21,22,29,30,37,38,45,46,47,48,
851,0,1,0,7,0,7,14,21,22,29,30,37,38,45,46,47,48,
852,0,1,0,7,0,7,14,21,22,29,30,37,38,45,46,47,48,
853,0,1,0,7,0,7,14,21,22,29,30,37,38,45,46,47,48,
854,0,1,0,7,0,7,14,21,22,29,30,37,38,45,46,47,48,
855,0,1,0,7,0,7,14,21,22,29,30,37,38,45,46,47,48,
856,0,1,0,7,0,7,14,21,22,29,30,37,38,45,46,47,48,
857,0,1,0,7,0,7,14,21,22,29,30,37,38,45,46,47,48,
858,0,1,0,7,0,7,14,21,22,29,30,37,38,45,46,47,48,
859,0,1,0,7,0,7,14,21,22,29,30,37,38,45,46,47,48,
860,0,1,0,7,0,7,14,21,22,29,30,37,38,45,46,47,48,
861,0,1,0,7,0,7,14,21,22,29,30,37,38,45,46,47,48,
862,0,1,0,7,0,7,14,21,22,29,30,37,38,45,46,47,48,
863,0,1,0,7,0,7,14,21,22,29,30,37,38,45,46,47,48,
864,0,1,0,7,0,7,14,21,22,29,30,37,38,45,46,47,48,
865,0,1,0,7,0,7,14,21,22,29,30,37,38,45,46,47,48,
866,0,1,0,7,0,7,14,21,22,29,30,37,38,45,46,47,48,
867,0,1,0,7,0,7,14,21,22,29,30,37,38,45,46,47,48,
868,0,1,0,7,0,7,14,21,22,29,30,37,38,45,46,47,48,
869,0,1,0,7,0,7,14,21,22,29,30,37,38,45,46,47,48,
870,0,1,0,7,0,7,14,21,22,29,30,37,38,45,46,47,48,
871,0,1,0,7,0,7,14,21,22,29,30,37,38,45,46,47,48,
872,0,1,0,7,0,7,14,21,22,29,30,37,38,45,46,47,48,
873,0,1,0,7,0,7,14,21,22,29,30,37,38,45,46,47,48,
874,0,1,0,7,0,7,14,21,22,29,30,37,38,45,46,47,48,
875,0,1,0,7,0,7,14,21,22,29,30,37,38,45,46,47,48,
876,0,1,0,7,0,7,14,21,22,29,30,37,38,45,46,47,48,
877,0,1,0,7,0,7,14,21,22,29,30,37,38,45,46,47,48,
878,0,1,0,7,0,7,14,21,22,29,30,37,38,45,46,47,48,
879,0,1,0,7,0,7,14,21,22,29,30,37,38,45,46,47,48,
880,0,1,0,7,0,7,14,21,22,29,30,37,38,45,46,47,48,
881,0,1,0,7,0,7,14,21,22,29,30,37,38,45,46,47,48,
882,0,1,0,7,0,7,14,21,22,29,30,37,38,45,46,47,48,
883,0,1,0,7,0,7,14,21,22,29,30,37,38,45,46,47,48,
884,0,1,0,7,0,7,14,21,22,29,30,37,38,45,46,47,48,
885,0,1,0,7,0,7,14,21,22,29,30,37,38,45,46,47,48,
886,0,1,0,7,0,7,14,21,22,29,30,37,38,45,46,47,48,
887,0,1,0,7,0,7,14,21,22,29,30,37,38,45,46,47,48,
888,0,1,0,7,0,7,14,21,22,29,30,37,38,45,46,47,48,
889,0,1,0,7,0,7,14,21,22,29,30,37,38,45,46,47,48,
890,0,1,0,7,0,7,14,21,22,29,30,37,38,45,46,47,48,
891,0,1,0,7,0,7,14,21,22,29,30,37,38,45,46,47,48,
892,0,1,0,7,0,7,14,21,22,29,30,37,38,45,46,47,48,
893,0,1,0,7,0,7,14,21,22,29,30,37,38,45,46,47,48,
894,0,1,0,7,0,7,14,21,22,29,30,37,38,45,46,47,48,
895,0,1,0,7,0,7,14,21,22,29,30,37,38,45,46,47,48,
896,0,1,0,7,0,7,14,21,22,29,30,37,38,45,46,47,48,
897,0,1,0,7,0,7,14,21,22,29,30,37,38,45,46,47,48,
898,0,1,0,7,0,7,14,21,22,29,30,37,38,45,46,47,48,
899,0,1,0,7,0,7,14,21,22,29,30,37,38,45,46,47,48,
900,0,1,0,7,0,7,14,21,22,29,30,37,38,45,46,47,48,
901,0,1,0,7,0,7,14,21,22,29,30,37,38,45,46,47,48,
902,0,1,0,7,0,7,14,21,22,29,30,37,38,45,46,47,48,
903,0,1,0,7,0,7,14,21,22,29,30,37,38,45,46,47,48,
904,0,1,0,7,0,7,14,21,22,29,30,37,38,45,46,47,48,
905,0,1,0,7,0,7,14,21,22,29,30,37,38,45,46,47,48,
906,0,1,0,7,0,7,14,21,22,29,30,37,38,45,46,47,48,
907,0,1,0,7,0,7,14,21,22,29,30,37,38,45,46,47,48,
908,0,1,0,7,0,7,14,21,22,29,30,37,38,45,46,47,48,
909,0,1,0,7,0,7,14,21,22,29,30,37,38,45,46,47,48,
910,0,1,0,7,0,7,14,21,22,29,30,37,38,45,46,47,48,
911,0,1,0,7,0,7,14,21,22,29,30,37,38,45,46,47,48,
912,0,1,0,7,0,7,14,21,22,29,30,37,38,45,46,47,48,
913,0,1,0,7,0,7,14,21,22,29,30,37,38,45,46,47,48,
914,0,1,0,7,0,7,14,21,22,29,30,37,38,45,46,47,48,
915,0,1,0,7,0,7,14,21,22,29,30,37,38,45,46,47,48,
916,0,1,0,7,0,7,14,21,22,29,30,37,38,45,46,47,48,
917,0,1,0,7,0,7,14,21,22,29,30,37,38,45,46,47,48,
918,0,1,0,7,0,7,14,21,22,29,30,37,38,45,46,47,48,
919,0,1,0,7,0,7,14,21,22,29,30,37,38,45,46,47,48,
920,0,1,0,7,0,7,14,21,22,29,30,37,38,45,46,47,48,
921,0,1,0,7,0,7,14,21,22,29,30,37,38,45,46,47,48,
922,0,1,0,7,0,7,14,21,22,29,30,37,38,45,46,47,48,
923,0,1,0,7,0,7,14,21,22,29,30,37,38,45,46,47,48,
924,0,1,0,7,0,7,14,21,22,29,30,37,38,45,46,47,48,
925,0,1,0,7,0,7,14,21,22,29,30,37,38,45,46,47,48,
926,0,1,0,7,0,7,14,21,22,29,30,37,38,45,46,47,48,
927,0,1,0,7,0,7,14,21,22,29,30,37,38,45,46,47,48,
928,0,1,0,7,0,7,14,21,22,29,30,37,38,45,46,47,48,
929,0,1,0,7,0,7,14,21,22,29,30,37,38,45,46,47,48,
930,0,1,0,7,0,7,14,21,22,29,30,37,38,45,46,47,48,
931,0,1,0,7,0,7,14,21,22,29,30,37,38,45,46,47,48,
932,0,1,0,7,0,7,14,21,22,29,30,37,38,45,46,47,48,
933,0,1,0,7,0,7,14,21,22,29,30,37,38,45,46,47,48,
934,0,1,0,7,0,7,14,21,22,29,30,37,38,45,46,47,48,
935,0,1,0,7,0,7,14,21,22,29,30,37,38,45,46,47,48,
936,0,1,0,7,0,7,14,21,22,29,30,37,38,45,46,47,48,
937,0,1,0,7,0,7,14,21,22,29,30,37,38,45,46,47,48,
938,0,1,0,7,0,7,14,21,22,29,30,37,38,45,46,47,48,
939,0,1,0,7,0,7,14,21,22,29,30,37,38,45,46,47,48,
940,0,1,0,7,0,7,14,21,22,29,30,37,38,45,46,47,48,
941,0,1,0,7,0,7,14,21,22,29,30,37,38,45,46,47,48,
942,0,1,0,7,0,7,14,21,22,29,30,37,38,45,46,47,48,
943,0,1,0,7,0,7,14,21,22,29,30,37,38,45,46,47,48,
944,0,1,0,7,0,7,14,21,22,29,30,37,38,45,46,47,48,
945,0,1,0,7,0,7,14,21,22,29,30,37,38,45,46,47,48,
946,0,1,0,7,0,7,14,21,22,29,30,37,38,45,46,47,48,
947,0,1,0,7,0,7,14,21,22,29,30,37,38,45,46,47,48,
948,0,1,0,7,0,7,14,21,22,29,30,37,38,45,46,47,48,
949,0,1,0,7,0,7,14,21,22,29,30,37,38,45,46,47,48,
950,0,1,0,7,0,7,14,21,22,29,30,37,38,45,46,47,48,
951,0,1,0,7,0,7,14,21,22,29,30,37,38,45,46,47,48,
952,0,1,0,7,0,7,14,21,22,29,30,37,38,45,46,47,48,
953,0,1,0,7,0,7,14,21,22,29,30,37,38,45,46,47,48,
954,0,1,0,7,0,7,14,21,22,29,30,37,38,45,46,47,48,
955,0,1,0,7,0,7,14,21,22,29,30,37,38,45,46,47,48,
956,0,1,0,7,0,7,14,21,22,29,30,37,38,45,46,47,48,
957,0,1,0,7,0,7,14,21,22,29,30,37,38,45,46,47,48,
958,0,1,0,7,0,7,14,21,22,29,30,37,38,45,46,47,48,
959,0,1,0,7,0,7,14,21,22,29,30,37,38,45,46,47,48,
960,0,1,0,7,0,7,14,21,22,29,30,37,38,45,46,47,48,
961,0,1,0,7,0,7,14,21,22,29,30,37,38,45,46,47,48,
962,0,1,0,7,0,7,14,21,22,29,30,37,38,45,46,47,48,
963,0,1,0,7,0,7,14,21,22,29,30,37,38,45,46,47,48,
964,0,1,0,7,0,7,14,21,22,29,30,37,38,45,46,47,48,
965,0,1,0,7,0,7,14,21,22,29,30,37,38,45,46,47,48,
966,0,1,0,7,0,7,14,21,22,29,30,37,38,45,46,47,48,
967,0,1,0,7,0,7,14,21,22,29,30,37,38,45,46,47,48,
968,0,1,0,7,0,7,14,21,22,29,30,37,38,45,46,47,48,
969,0,1,0,7,0,7,14,21,22,29,30,37,38,45,46,47,48,
970,0,1,0,7,0,7,14,21,22,29,30,37,38,45,46,47,48,
971,0,1,0,7,0,7,14,21,22,29,30,37,38,45,46,47,48,
972,0,1,0,7,0,7,14,21,22,29,30,37,38,45,46,47,48,
973,0,1,0,7,0,7,14,21,22,29,30,37,38,45,46,47,48,
974,0,1,0,7,0,7,14,21,22,29,30,37,38,45,46,47,48,
975,0,1,0,7,0,7,14,21,22,29,30,37,38,45,46,47,48,
976,0,1,0,7,0,7,14,21,22,29,30,37,38,45,46,47,48,
977,0,1,0,7,0,7,14,21,22,29,30,37,38,45,46,47,48,
978,0,1,0,7,0,7,14,21,22,29,30,37,38,45,46,47,48,
979,0,1,0,7,0,7,14,21,22,29,30,37,38,45,46,47,48,
980,0,1,0,7,0,7,14,21,22,29,30,37,38,45,46,47,48,
981,0,1,0,7,0,7,14,21,22,29,30,37,38,45,46,47,48,
982,0,1,0,7,0,7,14,21,22,29,30,37,38,45,46,47,48,
983,0,1,0,7,0,7,14,21,22,29,30,37,38,45,46,47,48,
984,0,1,0,7,0,7,14,21,22,29,30,37,38,45,46,47,48,
985,0,1,0,7,0,7,14,21,22,29,30,37,38,45,46,47,48,
986,0,1,0,7,0,7,14,21,22,29,30,37,38,45,46,47,48,
987,0,1,0,7,0,7,14,21,22,29,30,37,38,45,46,47,48,
988,0,1,0,7,0,7,14,21,22,29,30,37,38,45,46,47,48,
989,0,1,0,7,0,7,14,21,22,29,30,37,38,45,46,47,48,
990,0,1,0,7,0,7,14,21,22,29,30,37,38,45,46,47,48,
991,0,1,0,7,0,7,14,21,22,29,30,37,38,45,46,47,48,
992,0,1,0,7,0,7,14,21,22,29,30,37,38,45,46,47,48,
993,0,1,0,7,0,7,14,21,22,29,30,37,38,45,46,47,48,
994,0,1,0,7,0,7,14,21,22,29,30,37,38,45,46,47,48,
995,0,1,0,7,0,7,14,21,22,29,30,37,38,45,46,47,48,
996,0,1,0,7,0,7,14,21,22,29,30,37,38,45,46,47,48,
997,0,1,0,7,0,7,14,21,22,29,30,37,38,45,46,47,48,
998,0,1,0,7,0,7,14,21,22,29,30,37,38,45,46,47,48,
999,0,1,0,7,0,7,14,21,22,29,30,37,38,45,46,47,48,
