0,0,7,8,1,
1,0,1,8,9,7,
2,0,7,14,15,22,21,28,8,
3,0,7,8,1,15,14,
4,0,7,8,15,
5,0,1,8,7,15,
6,0,7,14,8,1,
7,0,1,8,15,
8,0,7,8,9,16,17,18,19,12,13,20,
9,0,7,8,9,14,
10,0,1,8,7,9,
11,0,7,14,15,22,8,1,9,
12,0,7,8,15,22,
13,0,7,8,1,2,9,16,17,18,19,20,13,27,
14,0,7,8,1,15,
15,0,7,8,9,1,15,
16,0,7,8,1,15,9,
17,0,7,8,9,
18,0,1,8,7,14,9,
19,0,7,8,1,9,15,
20,0,1,8,9,7,
21,0,1,8,2,
22,0,1,8,9,15,16,
23,0,1,8,15,
24,0,1,2,7,8,9,
25,0,1,8,2,9,
26,0,1,8,9,7,14,15,
27,0,1,8,9,10,17,24,31,38,37,45,46,47,48,
28,0,1,2,8,15,
29,0,7,14,8,15,
30,0,1,2,8,7,15,9,16,17,18,
31,0,1,8,7,9,
32,0,1,8,7,14,15,
33,0,1,2,8,9,10,17,18,19,26,33,40,39,47,48,
34,0,1,8,15,22,29,36,37,38,39,40,41,48,
35,0,1,8,7,9,10,17,18,19,20,
36,0,1,8,7,9,
37,0,1,8,7,9,16,17,10,3,18,19,20,27,26,
38,0,1,8,15,7,9,10,17,18,25,32,33,40,
39,0,1,8,7,9,16,17,18,24,23,30,31,32,33,40,41,48,
40,0,1,8,9,10,17,18,25,24,
41,0,1,8,15,9,10,17,18,
42,0,7,8,15,
43,0,1,8,9,16,17,18,11,25,32,33,40,41,34,
44,0,1,8,7,9,2,10,11,18,25,32,26,33,
45,0,7,8,15,9,10,17,16,18,25,26,19,20,27,34,33,40,41,
46,0,1,8,9,10,17,24,31,32,39,40,41,34,33,
47,0,1,8,7,9,10,16,15,
48,0,1,8,15,22,23,30,31,32,33,34,41,40,48,
49,0,1,8,7,2,3,10,17,16,23,30,31,32,
50,0,1,2,9,8,10,17,16,
51,0,1,8,7,
52,0,1,8,15,22,23,30,31,32,33,40,41,48,
53,0,1,8,9,10,3,17,18,25,32,33,40,39,
54,0,7,14,1,8,
55,0,1,8,9,10,17,16,23,
56,0,1,8,7,9,2,3,10,17,18,25,32,33,
57,0,1,2,8,15,16,17,18,25,32,33,26,34,41,48,
58,0,1,8,9,10,2,3,17,18,25,32,33,40,
59,0,1,8,7,9,10,17,
60,0,1,2,3,10,17,18,25,32,33,40,41,48,
61,0,1,8,7,14,21,22,23,30,31,24,32,33,40,41,48,
62,0,1,8,15,22,23,30,31,38,39,32,40,41,
63,0,1,8,15,14,21,22,23,30,31,32,33,40,41,48,
64,0,1,8,9,10,3,4,17,18,25,32,33,40,41,48,
65,0,7,8,15,22,23,30,31,24,32,33,40,
66,0,7,14,21,22,23,30,31,32,33,40,41,48,
67,0,1,8,7,9,10,17,18,25,32,33,40,47,48,
68,0,1,8,9,10,17,18,25,32,33,40,41,48,
69,0,7,8,9,10,3,17,18,25,32,33,40,39,46,45,
70,0,1,8,9,10,17,24,31,32,33,26,40,39,41,48,
71,0,1,8,9,10,17,18,25,26,33,32,40,41,48,
72,0,1,8,9,10,17,24,31,32,33,25,40,41,48,
73,0,1,2,3,10,17,18,25,32,24,31,33,40,41,
74,0,1,8,9,10,17,18,25,24,26,33,40,41,
75,0,1,8,9,10,17,24,31,32,33,40,41,48,
76,0,1,8,9,16,17,18,25,32,33,40,41,48,
77,0,1,8,15,22,23,30,31,32,33,40,41,34,48,
78,0,1,8,15,22,16,17,24,31,32,33,40,41,34,27,48,
79,0,1,8,9,7,14,21,15,22,23,30,31,32,33,34,41,
80,0,1,8,15,22,23,24,31,32,33,40,41,48,
81,0,1,8,15,22,23,30,37,31,32,33,40,41,48,
82,0,1,8,15,22,23,30,31,32,33,40,41,48,
83,0,1,8,15,16,17,18,19,26,33,40,41,48,
84,0,1,8,15,22,23,30,31,32,33,40,41,48,
85,0,1,8,15,16,17,18,25,32,33,40,41,34,48,
86,0,1,2,3,10,17,18,19,26,33,40,41,48,
87,0,7,14,15,22,23,30,31,37,38,39,32,33,40,41,48,
88,0,1,2,3,10,17,18,25,32,33,40,41,48,
89,0,1,8,15,22,23,16,17,18,19,26,33,32,40,41,48,
90,0,1,8,15,14,22,23,16,17,18,25,32,39,40,41,
91,0,1,8,15,16,17,24,31,32,33,34,41,48,
92,0,7,8,9,16,15,22,23,30,31,32,33,40,41,48,
93,0,1,8,15,22,23,30,31,32,33,40,41,34,
94,0,1,8,15,22,23,30,31,37,38,39,40,41,48,
95,0,1,8,15,22,23,30,31,24,32,25,33,
96,0,1,8,15,22,23,30,31,32,33,40,41,34,48,
97,0,1,8,9,10,17,24,23,30,31,32,33,40,41,34,48,
98,0,1,8,15,22,23,30,37,38,31,32,33,40,41,48,
99,0,1,8,7,15,22,23,30,31,32,33,40,47,48,
100,0,1,8,15,22,23,30,31,32,33,40,41,34,48,
101,0,1,8,15,22,29,30,31,32,39,40,41,48,
102,0,1,8,15,16,17,18,25,32,31,33,34,27,41,40,
103,0,1,8,15,22,23,30,31,24,32,33,40,41,48,
104,0,7,14,15,8,22,23,30,24,31,32,33,40,41,48,
105,0,1,8,7,15,22,21,23,30,31,32,33,40,41,34,48,
106,0,7,14,15,21,22,23,30,29,28,31,32,33,40,41,48,
107,0,1,8,15,22,23,30,31,32,33,40,41,48,
108,0,1,8,15,22,23,24,31,32,33,40,41,48,
109,0,1,8,7,15,22,23,30,31,32,33,40,41,48,
110,0,7,8,14,15,22,23,30,31,32,33,40,41,48,
111,0,1,8,9,10,11,18,25,32,33,40,41,48,
112,0,1,2,8,15,22,21,23,24,25,26,33,40,41,48,
113,0,7,8,15,22,23,24,31,30,29,37,38,39,32,33,40,41,48,
114,0,1,8,15,22,23,30,31,32,25,33,40,41,48,
115,0,1,8,15,22,29,30,31,23,24,16,17,18,25,32,
116,0,1,8,15,14,16,17,18,25,24,23,30,31,32,39,40,41,48,
117,0,1,2,3,10,17,18,25,26,33,40,41,48,
118,0,1,8,15,22,23,30,31,32,33,40,41,48,
119,0,1,8,15,22,23,30,31,32,33,40,41,48,
120,0,1,2,3,10,9,8,15,16,23,22,17,18,25,32,33,40,41,
121,0,1,8,15,16,17,18,25,32,33,40,41,48,
122,0,1,8,15,16,17,18,19,26,33,25,32,39,
123,0,1,8,15,22,23,30,31,32,33,40,47,48,
124,0,1,8,15,22,21,23,30,31,32,33,40,47,48,
125,0,1,2,8,15,22,23,24,30,29,31,32,33,
126,0,1,8,15,22,23,21,24,31,32,33,40,41,
127,0,1,8,15,22,23,30,31,32,33,34,41,48,
128,0,1,8,15,22,23,30,31,38,39,40,41,48,
129,0,1,8,15,22,29,30,31,32,33,40,41,48,
130,0,1,8,9,10,3,4,11,18,25,32,33,40,41,48,
131,0,1,8,15,22,23,30,31,32,33,40,41,48,
132,0,1,8,15,16,23,30,29,31,32,33,34,41,48,
133,0,1,8,15,22,23,24,31,32,33,40,41,34,48,
134,0,1,8,15,22,23,30,31,38,45,44,37,39,46,47,
135,0,1,2,3,10,17,18,25,32,31,24,23,16,
136,0,1,2,3,10,17,24,31,38,37,39,40,41,48,
137,0,1,2,3,10,17,16,18,19,25,32,31,38,39,40,41,48,
138,0,7,8,1,15,22,29,36,30,31,32,33,40,41,48,
139,0,1,8,15,22,23,30,37,38,39,40,33,41,48,
140,0,1,8,15,14,22,23,30,31,32,33,40,41,39,
141,0,1,8,15,22,14,21,23,30,31,38,39,
142,0,1,8,15,22,23,30,31,32,33,40,41,48,
143,0,1,8,2,15,14,21,22,23,
144,0,7,14,15,22,23,30,31,32,33,40,41,34,48,
145,0,1,2,3,10,17,18,25,32,33,34,41,48,
146,0,7,1,8,15,16,17,24,31,32,33,26,40,41,48,
147,0,7,8,15,22,29,30,31,38,39,40,41,48,
148,0,1,8,15,22,23,30,31,32,33,34,41,48,
149,0,1,8,15,22,23,30,31,32,33,40,41,48,
150,0,1,2,3,10,17,18,25,32,33,34,41,40,
151,0,1,8,15,22,23,30,31,32,33,26,40,41,48,
152,0,1,8,15,22,29,30,31,32,33,40,41,48,
153,0,1,8,15,22,23,30,31,32,33,40,41,48,
154,0,1,2,3,10,17,18,19,26,33,40,41,48,
155,0,1,8,2,9,16,17,18,25,32,33,40,41,48,
156,0,1,8,15,14,22,23,30,31,32,33,40,41,
157,0,1,8,15,22,23,30,31,32,25,33,40,41,48,
158,0,1,8,15,22,23,30,37,36,35,38,39,40,41,
159,0,1,8,15,22,23,30,31,32,33,40,41,48,
160,0,1,2,8,15,22,23,30,31,32,33,40,41,47,48,
161,0,1,8,9,10,17,18,25,32,33,40,47,46,48,
162,0,7,8,1,15,22,29,30,31,24,32,33,40,41,48,
163,0,1,8,15,22,23,30,31,32,33,40,41,48,
164,0,1,8,15,22,23,24,31,32,33,40,47,48,
165,0,1,2,3,10,17,18,25,32,33,34,41,48,
166,0,1,8,15,22,23,30,31,32,33,40,41,48,
167,0,7,14,21,28,29,22,23,30,31,32,39,40,47,48,
168,0,1,8,15,22,23,30,31,32,33,34,41,
169,0,1,8,15,22,23,30,31,32,33,40,41,48,
170,0,7,14,15,22,23,30,31,32,33,40,41,48,
171,0,1,2,3,10,17,16,18,25,32,26,33,40,
172,0,1,8,15,22,23,30,31,32,33,34,41,48,
173,0,1,2,3,10,17,18,25,32,33,40,41,48,
174,0,1,8,7,15,22,23,24,31,38,39,32,33,40,41,48,
175,0,1,8,7,15,22,23,16,17,18,25,32,33,40,39,
176,0,1,8,15,22,23,24,25,26,33,40,41,48,
177,0,7,8,15,22,21,23,24,25,18,31,32,33,40,39,
178,0,7,8,1,15,22,29,30,31,32,39,40,33,41,48,
179,0,7,8,15,22,23,30,31,32,25,33,40,41,48,
180,0,1,8,15,22,23,30,31,32,33,40,41,48,
181,0,1,8,15,22,23,30,31,32,38,45,44,46,47,48,
182,0,7,8,14,15,1,16,17,18,25,24,31,30,
183,0,1,2,3,10,17,18,19,26,33,40,41,48,
184,0,1,8,15,14,22,23,16,17,18,25,32,33,40,41,
185,0,1,8,15,22,23,30,31,32,33,40,39,41,48,
186,0,1,8,15,22,23,30,31,32,33,40,41,48,
187,0,1,8,2,3,10,11,18,25,32,33,40,41,48,
188,0,1,8,15,22,21,23,30,29,31,32,39,46,40,41,48,
189,0,1,8,15,22,23,30,31,32,25,39,40,41,48,
190,0,7,8,15,22,23,30,31,24,32,25,33,40,41,48,
191,0,1,8,15,14,16,23,30,31,32,33,26,
192,0,1,8,15,14,22,23,30,31,38,39,40,47,46,48,
193,0,1,8,15,22,21,23,30,31,38,39,40,41,48,
194,0,1,8,15,22,23,16,9,10,17,18,25,32,33,40,41,
195,0,1,8,15,22,23,30,31,32,33,40,41,48,
196,0,7,8,15,22,23,30,37,38,39,40,41,48,
197,0,7,8,15,14,22,23,30,31,32,33,40,41,48,
198,0,1,8,15,22,23,30,31,32,33,40,41,48,
199,0,7,14,15,22,23,30,31,32,33,40,41,34,26,27,
200,0,1,8,9,10,3,11,18,25,32,33,40,41,48,
201,0,1,8,9,10,3,4,11,18,17,25,32,33,40,41,
202,0,1,8,15,22,23,30,31,38,39,40,41,34,48,
203,0,1,8,15,14,22,23,30,37,31,32,33,40,41,48,
204,0,1,8,9,10,17,18,25,32,33,40,41,48,
205,0,1,8,15,16,17,18,19,26,33,40,41,48,
206,0,1,2,3,10,17,18,25,32,33,40,41,34,48,
207,0,1,8,15,22,29,30,31,32,39,40,41,48,
208,0,1,8,15,22,29,23,30,31,32,33,40,41,48,
209,0,1,8,7,15,22,23,30,31,32,33,40,41,48,
210,0,1,8,7,15,22,23,30,31,32,33,26,27,34,41,
211,0,1,8,9,10,17,18,25,32,39,40,47,48,
212,0,1,8,7,15,22,23,30,29,31,32,33,
213,0,1,8,9,10,17,24,31,32,33,40,41,48,
214,0,7,14,15,22,23,30,31,32,33,40,41,34,27,48,
215,0,1,8,15,7,22,23,30,31,24,
216,0,1,8,7,15,22,23,24,31,32,33,40,41,48,
217,0,1,8,9,2,3,10,17,16,18,25,
218,0,1,8,15,22,23,30,37,38,39,40,47,48,
219,0,1,8,15,14,22,29,30,31,38,39,40,41,48,
220,0,1,8,15,22,23,30,31,32,33,26,40,41,48,
221,0,1,8,15,22,21,23,24,31,38,39,40,41,34,48,
222,0,1,8,7,15,22,29,30,31,32,33,40,41,48,
223,0,7,14,15,8,1,22,23,30,29,31,32,38,39,40,33,
224,0,7,8,14,15,22,23,16,17,10,3,18,25,24,31,
225,0,1,8,9,10,17,16,18,25,11,
226,0,7,8,15,22,23,30,31,32,33,40,41,48,
227,0,7,14,15,22,21,23,16,17,18,25,32,33,40,41,
228,0,1,8,15,22,23,30,31,32,33,26,40,39,38,
229,0,7,8,9,10,17,18,11,25,32,31,38,45,44,
230,0,7,8,15,22,23,30,31,32,33,25,24,40,41,48,
231,0,1,8,15,22,29,30,31,32,33,26,40,39,41,48,
232,0,7,14,15,22,23,30,31,32,33,40,41,48,
233,0,1,8,15,22,29,30,31,32,33,26,40,47,48,
234,0,1,8,15,22,23,30,31,32,33,40,41,48,
235,0,1,2,3,9,10,11,12,19,26,33,34,40,41,48,
236,0,1,2,9,10,3,17,18,25,32,33,40,
237,0,1,8,15,22,23,30,29,24,31,32,33,40,41,
238,0,1,8,15,14,22,23,30,31,32,39,38,40,41,48,
239,0,1,8,15,22,23,30,31,32,25,33,40,41,
240,0,1,2,3,10,17,24,31,32,33,40,41,48,
241,0,7,8,9,10,17,18,25,32,33,40,41,48,
242,0,1,8,7,14,15,22,23,16,17,18,25,
243,0,1,8,15,14,22,23,24,31,38,39,40,41,34,48,
244,0,1,8,15,22,23,30,31,32,33,40,41,48,
245,0,1,8,15,16,17,10,18,25,32,33,26,40,41,48,
246,0,1,8,15,22,23,30,31,32,33,40,41,48,
247,0,7,8,15,22,23,24,31,38,39,40,47,48,
248,0,1,8,15,22,23,30,31,32,33,40,39,46,47,48,
249,0,1,2,3,4,11,18,25,32,24,17,19,
250,0,7,1,8,15,22,23,30,31,32,33,40,41,48,
251,0,1,8,15,22,29,23,30,31,24,32,33,40,41,48,
252,0,1,8,15,22,23,24,17,18,11,25,31,32,33,40,41,
253,0,1,2,8,15,22,23,30,24,31,32,33,40,47,
254,0,1,8,2,3,10,11,18,25,32,33,40,41,48,
255,0,1,8,15,22,23,30,31,32,33,40,47,48,
256,0,1,8,15,22,23,30,24,31,32,33,40,41,48,
257,0,1,8,15,22,23,30,31,32,33,40,41,48,
258,0,1,8,15,22,23,30,31,32,33,40,41,48,
259,0,1,8,15,22,23,30,31,38,39,40,41,48,
260,0,7,8,15,22,23,30,37,38,39,40,41,48,
261,0,1,8,15,9,10,17,18,19,26,33,40,41,48,
262,0,1,8,15,22,23,24,25,32,31,33,40,41,48,
263,0,1,8,15,22,23,30,31,32,39,40,47,48,
264,0,7,14,15,22,23,24,31,32,33,40,41,48,
265,0,1,8,15,22,23,30,31,32,33,40,41,48,
266,0,1,8,15,22,23,30,29,31,32,33,34,41,
267,0,1,8,15,16,17,24,31,32,33,40,41,48,
268,0,7,8,15,22,23,30,31,32,33,26,34,41,27,
269,0,1,2,3,10,17,18,25,26,33,40,41,48,
270,0,1,8,15,22,29,36,37,38,39,40,41,34,33,48,
271,0,1,8,15,16,17,18,25,32,39,40,41,48,
272,0,1,8,15,14,22,23,30,31,32,33,40,41,34,48,
273,0,1,8,15,22,23,30,31,32,33,40,41,48,
274,0,7,14,15,22,21,23,30,31,32,33,40,41,48,
275,0,1,8,15,22,23,30,31,32,33,40,41,48,
276,0,1,8,15,22,23,30,31,24,32,33,40,41,34,27,48,
277,0,7,8,15,22,23,30,31,32,33,40,39,41,48,
278,0,1,8,15,22,29,30,31,24,32,33,40,41,48,
279,0,1,8,15,22,23,16,17,18,25,26,33,40,41,48,
280,0,1,8,7,14,15,22,23,24,17,18,19,26,33,40,47,
281,0,7,8,15,22,23,30,31,32,33,40,47,48,
282,0,7,8,15,22,21,14,23,16,9,24,31,32,33,
283,0,1,8,15,14,22,23,30,31,32,33,40,41,48,
284,0,7,14,15,22,23,30,31,32,39,40,41,48,
285,0,1,8,15,22,23,30,31,32,24,39,40,41,48,
286,0,1,8,15,22,23,30,31,32,33,40,41,48,
287,0,1,7,14,8,9,10,17,18,19,26,33,40,41,48,
288,0,7,8,15,22,23,30,31,32,33,26,40,41,48,
289,0,1,8,15,22,23,30,31,32,39,46,47,48,
290,0,1,8,15,14,7,22,23,30,31,32,33,34,41,48,
291,0,1,8,15,22,23,30,31,32,33,34,41,48,
292,0,1,8,15,22,23,30,31,32,38,39,40,41,34,48,
293,0,1,8,7,14,21,22,29,30,31,32,38,45,46,47,
294,0,1,8,15,22,23,30,31,32,33,40,41,48,
295,0,1,8,15,22,23,30,31,32,33,40,47,48,
296,0,1,8,7,14,15,22,23,30,29,36,37,38,39,
297,0,1,2,3,10,17,18,25,32,33,40,41,48,
298,0,1,8,15,22,29,30,23,31,32,33,40,41,48,
299,0,1,8,15,22,21,23,30,31,32,33,40,41,34,48,
300,0,1,8,15,14,22,29,30,31,32,33,40,47,46,39,
301,0,7,8,15,22,23,30,31,32,33,40,41,48,
302,0,1,8,15,22,23,30,37,38,39,40,41,34,27,
303,0,1,8,7,14,15,22,23,16,17,18,25,32,33,40,41,
304,0,1,8,15,22,23,30,31,32,33,40,41,48,
305,0,1,8,7,15,22,29,30,31,32,33,40,41,48,
306,0,7,8,15,22,23,30,31,32,39,40,41,48,
307,0,1,8,15,22,23,30,29,31,32,33,
308,0,1,8,15,22,23,30,31,32,33,40,41,34,48,
309,0,1,2,9,10,17,18,25,32,33,34,41,48,
310,0,1,8,15,22,23,30,31,32,33,40,41,48,
311,0,1,8,15,22,23,30,31,32,33,34,40,41,48,
312,0,1,8,15,22,23,30,31,38,39,40,41,48,
313,0,7,8,15,22,21,23,30,31,32,33,40,41,48,
314,0,1,8,15,22,23,24,31,32,33,40,26,25,18,19,
315,0,1,8,15,14,22,23,30,31,32,33,40,41,48,
316,0,1,8,15,14,7,22,23,30,31,38,39,40,41,48,
317,0,1,8,15,22,21,23,30,31,32,25,33,40,41,48,
318,0,1,8,15,22,23,30,31,32,33,40,41,48,
319,0,7,8,15,22,29,30,31,32,33,40,41,48,
320,0,1,8,15,22,14,21,28,29,30,31,32,39,40,41,
321,0,1,8,15,22,23,30,29,31,32,25,33,34,41,48,
322,0,1,8,9,10,17,24,31,32,33,40,41,48,
323,0,1,8,7,15,22,23,30,31,32,39,40,41,48,
324,0,1,8,15,22,23,30,31,32,33,40,41,48,
325,0,1,8,15,22,23,30,31,32,33,40,41,48,
326,0,1,8,15,22,21,28,29,23,30,31,32,33,40,41,48,
327,0,1,8,15,22,29,30,31,32,33,40,41,48,
328,0,1,8,15,22,23,30,31,24,38,39,40,32,33,
329,0,1,8,15,22,23,30,31,32,33,34,27,40,41,48,
330,0,7,8,9,10,17,18,25,32,39,40,47,48,
331,0,1,8,15,22,23,30,31,32,33,40,41,48,
332,0,1,8,15,22,23,30,31,32,33,40,41,48,
333,0,1,8,15,22,23,30,37,36,29,31,32,33,40,39,41,48,
334,0,1,8,15,22,23,30,31,32,33,26,25,40,41,48,
335,0,7,14,15,22,23,30,29,36,37,38,39,40,41,34,48,
336,0,1,2,3,10,17,18,25,32,33,40,39,41,48,
337,0,1,8,15,22,23,30,31,32,33,26,40,41,48,
338,0,7,8,15,22,23,24,31,32,33,40,41,48,
339,0,1,2,3,10,17,18,25,32,33,40,41,34,48,
340,0,1,8,15,16,22,23,30,31,32,33,40,41,48,
341,0,1,8,15,22,23,24,31,32,33,40,47,48,
342,0,1,8,15,14,22,23,30,31,32,25,33,40,41,48,
343,0,7,8,15,22,23,30,31,32,25,33,40,41,
344,0,1,2,3,10,17,18,25,32,33,40,41,48,
345,0,1,7,8,15,14,22,23,30,31,32,33,40,41,
346,0,1,8,7,15,14,21,28,35,36,37,38,39,40,41,48,
347,0,7,8,15,22,23,30,31,32,33,34,41,48,
348,0,1,2,3,10,17,18,25,32,31,33,34,41,48,
349,0,1,8,15,16,22,23,30,29,31,32,25,
350,0,1,2,3,10,17,16,18,25,32,33,40,41,48,
351,0,7,8,15,22,29,30,37,38,39,40,41,48,
352,0,1,8,15,22,23,30,37,38,39,40,41,48,
353,0,1,8,9,10,17,18,25,32,33,40,41,48,
354,0,1,8,15,22,23,30,24,31,38,39,40,41,
355,0,1,8,7,9,10,17,18,25,32,31,24,33,40,41,48,
356,0,1,8,15,14,22,23,30,31,38,39,40,41,48,
357,0,1,8,15,22,23,30,31,32,33,40,41,48,
358,0,1,8,15,16,17,24,31,32,33,40,41,48,
359,0,1,8,15,22,23,30,31,32,33,40,41,34,48,
360,0,1,8,15,22,23,30,31,32,39,40,41,48,
361,0,1,8,7,2,3,10,17,18,25,
362,0,1,8,15,22,23,16,30,31,32,33,40,41,34,27,
363,0,1,8,9,10,17,18,25,32,31,33,40,41,48,
364,0,1,8,15,22,23,30,31,38,37,39,40,41,48,
365,0,1,8,15,22,23,30,29,31,32,33,40,41,48,
366,0,1,8,15,22,23,30,31,32,33,40,41,48,
367,0,1,8,15,22,29,30,31,32,33,26,40,41,48,
368,0,7,8,9,15,22,23,30,31,32,33,40,41,48,
369,0,1,8,15,22,23,30,31,38,39,32,33,40,41,48,
370,0,1,8,15,14,7,9,22,23,30,31,32,
371,0,1,2,9,16,17,18,25,32,33,40,41,48,
372,0,1,8,15,22,23,30,37,38,39,45,46,47,48,
373,0,1,8,15,22,23,30,31,38,39,40,41,48,
374,0,1,8,15,22,23,30,31,32,33,40,39,
375,0,1,2,3,10,17,18,25,26,33,40,47,48,
376,0,1,8,15,22,23,30,31,38,39,40,41,48,
377,0,1,8,15,22,23,16,17,18,25,32,33,40,41,48,
378,0,1,8,15,22,23,30,31,32,33,40,41,
379,0,1,8,7,15,22,23,30,31,32,33,40,41,34,48,
380,0,1,8,15,22,23,30,31,32,33,26,40,41,48,
381,0,1,2,3,10,9,17,18,25,32,33,40,41,48,
382,0,1,8,15,22,23,30,31,32,33,26,40,41,48,
383,0,1,8,15,22,23,30,31,32,33,40,41,48,
384,0,1,8,15,22,21,14,23,30,29,28,
385,0,1,8,15,22,23,30,37,38,45,46,47,48,
386,0,1,8,7,14,15,22,23,30,31,32,33,40,41,48,
387,0,1,8,15,22,23,30,29,36,37,38,39,40,41,48,
388,0,1,8,15,22,23,30,31,32,33,40,41,48,
389,0,1,8,15,22,23,30,31,32,33,26,25,40,41,48,
390,0,1,8,15,22,23,24,17,16,18,25,26,19,33,
391,0,1,2,9,10,17,3,18,25,32,33,40,41,48,
392,0,1,8,9,10,17,16,18,25,32,33,40,41,34,
393,0,7,14,15,22,23,16,30,31,32,33,40,41,48,
394,0,1,8,15,22,23,30,31,32,33,40,41,48,
395,0,1,8,15,22,21,23,16,17,18,11,19,26,33,40,41,
396,0,7,1,8,14,15,16,22,23,30,31,32,33,
397,0,1,8,15,22,23,30,31,32,33,40,41,48,
398,0,1,8,15,22,23,30,31,32,33,40,41,48,
399,0,1,8,7,15,16,17,18,19,26,33,40,39,47,48,
400,0,1,8,15,22,23,30,31,24,32,33,40,41,48,
401,0,1,2,8,15,22,23,16,17,18,25,32,33,40,41,48,
402,0,1,8,15,14,7,22,23,30,29,31,
403,0,7,8,1,9,10,17,16,18,25,32,33,26,40,41,48,
404,0,1,8,15,14,21,28,29,36,37,38,39,40,41,48,
405,0,1,8,9,16,15,22,23,30,31,32,33,40,47,48,
406,0,7,8,15,14,22,23,30,31,32,33,26,40,47,48,
407,0,1,8,15,22,21,28,29,30,37,38,31,39,40,47,48,
408,0,7,8,15,22,23,30,31,32,33,40,39,41,48,
409,0,1,8,15,22,23,30,31,32,33,40,41,48,
410,0,7,8,15,22,23,30,31,32,33,26,27,34,41,48,
411,0,7,8,15,22,23,30,31,32,33,40,41,48,
412,0,1,8,15,22,23,30,31,32,33,40,41,48,
413,0,1,8,15,22,23,30,31,32,33,40,41,48,
414,0,1,8,15,14,22,23,30,31,32,25,33,
415,0,1,8,7,15,14,22,23,24,31,32,33,40,41,
416,0,7,8,15,22,23,30,31,32,25,33,40,41,48,
417,0,1,8,15,16,17,18,25,32,39,40,47,41,48,
418,0,1,8,15,22,23,30,31,32,33,26,40,41,48,
419,0,1,8,15,9,10,3,17,18,25,32,33,
420,0,1,8,15,22,23,30,31,32,39,46,47,40,41,48,
421,0,1,2,8,15,22,23,30,31,38,39,40,41,48,
422,0,1,8,15,22,23,30,31,38,37,32,33,40,47,48,
423,0,1,8,15,14,21,28,29,30,31,32,33,40,41,34,48,
424,0,1,8,15,22,29,28,30,31,32,25,33,40,41,48,
425,0,1,8,15,22,23,30,29,28,21,31,32,33,
426,0,1,2,3,10,17,24,31,38,39,40,41,48,
427,0,1,8,7,14,15,16,17,24,31,32,33,40,41,48,
428,0,7,8,1,15,22,23,30,31,32,33,40,41,48,
429,0,1,8,15,22,23,30,31,32,33,40,41,48,
430,0,1,8,15,22,23,30,31,32,33,40,41,34,48,
431,0,7,8,15,22,23,30,31,32,33,40,41,48,
432,0,1,7,14,8,15,22,23,30,31,32,33,40,39,
433,0,1,8,15,22,23,24,25,32,33,31,40,47,
434,0,1,8,15,22,23,30,31,32,33,40,41,48,
435,0,1,8,15,22,23,16,17,24,31,32,33,40,41,48,
436,0,1,8,9,10,3,17,18,19,26,33,40,41,48,
437,0,1,8,15,22,23,30,31,38,39,40,41,48,
438,0,1,8,15,22,23,30,31,32,33,40,41,48,
439,0,1,8,15,22,23,16,17,18,25,32,39,40,33,38,
440,0,1,2,3,4,11,18,25,32,33,34,41,48,
441,0,1,8,15,22,23,24,31,32,33,40,41,48,
442,0,1,8,15,22,23,16,9,10,17,18,11,25,32,39,40,41,
443,0,1,8,15,22,23,30,37,38,39,40,47,48,
444,0,1,8,15,22,23,30,37,31,32,33,40,47,48,
445,0,1,8,15,22,23,16,9,2,3,10,17,18,25,32,33,40,47,
446,0,1,8,15,22,23,30,31,32,33,40,41,34,48,
447,0,1,8,15,14,22,23,30,37,38,39,40,41,48,
448,0,7,8,15,16,9,10,3,4,11,18,25,24,31,32,33,26,
449,0,1,8,15,16,17,24,25,32,33,40,41,48,
450,0,1,8,15,22,23,30,31,32,33,40,41,48,
451,0,1,8,15,22,29,30,23,31,32,33,40,41,48,
452,0,7,8,15,22,23,30,31,38,45,46,47,48,
453,0,1,8,7,14,15,22,23,24,31,38,
454,0,1,8,15,22,23,30,37,38,39,40,41,48,
455,0,1,7,8,15,22,23,29,30,31,24,32,33,40,41,48,
456,0,7,8,15,22,23,30,31,32,39,40,41,48,
457,0,1,8,15,22,16,17,10,18,25,32,
458,0,7,8,15,22,23,30,31,32,33,40,41,48,
459,0,7,8,15,22,23,24,31,32,33,40,41,48,
460,0,1,8,15,22,23,30,31,32,33,40,41,48,
461,0,1,8,15,22,29,36,37,38,39,40,47,48,
462,0,7,8,15,16,17,24,31,32,33,40,41,48,
463,0,1,8,15,22,23,30,31,32,33,40,41,34,
464,0,1,8,15,22,23,30,31,32,33,40,41,48,
465,0,1,8,15,22,23,16,17,18,25,32,33,40,41,48,
466,0,7,8,15,22,23,30,31,32,39,33,34,41,48,
467,0,1,8,9,2,3,4,11,18,25,32,33,40,41,48,
468,0,1,8,7,2,3,10,17,24,31,32,25,33,40,41,
469,0,1,8,15,16,17,18,25,32,33,40,41,48,
470,0,1,8,15,14,21,28,29,30,31,32,33,26,40,41,48,
471,0,1,8,7,15,22,23,30,31,37,38,39,40,33,
472,0,1,8,7,15,22,23,16,17,18,25,32,33,40,41,48,
473,0,7,8,15,22,23,30,16,17,18,25,24,31,38,39,40,41,
474,0,1,8,15,16,17,18,19,12,11,4,25,32,33,26,20,27,
475,0,1,8,15,22,23,30,37,38,39,40,33,34,41,48,
476,0,1,8,15,14,16,23,30,31,32,33,40,41,34,48,
477,0,1,8,15,22,23,30,29,24,31,38,39,40,41,48,
478,0,1,8,15,22,29,23,30,31,24,
479,0,1,8,15,14,22,23,30,31,37,38,39,40,41,34,48,
480,0,1,8,15,22,23,30,31,38,39,40,41,48,
481,0,1,8,15,22,23,30,31,32,33,40,41,48,
482,0,1,8,15,22,29,30,37,38,39,40,41,48,
483,0,1,8,7,15,22,23,24,31,32,33,40,39,41,48,
484,0,1,8,15,22,23,30,31,32,33,40,47,48,
485,0,1,8,15,22,23,30,31,32,33,40,41,48,
486,0,1,8,15,22,21,28,29,36,37,38,39,40,41,48,
487,0,1,8,7,15,22,23,24,17,18,25,32,33,40,47,48,
488,0,1,8,15,22,23,30,31,32,33,40,41,48,
489,0,1,8,15,22,23,30,31,32,33,40,39,41,48,
490,0,1,8,15,14,22,23,30,31,32,33,40,41,48,
491,0,7,8,15,22,23,30,31,32,39,40,41,48,
492,0,1,8,15,22,23,30,31,32,33,40,41,48,
493,0,1,2,3,4,11,18,25,24,32,33,40,41,
494,0,1,8,15,22,23,30,31,32,39,40,41,48,
495,0,1,8,15,22,23,30,31,32,33,40,41,48,
496,0,1,8,15,16,17,18,25,32,33,40,39,41,48,
497,0,1,8,15,22,23,30,31,32,33,40,41,48,
498,0,7,14,15,22,23,30,31,32,33,40,41,48,
499,0,7,14,15,22,21,28,29,30,31,32,33,40,41,48,
