0,0,1,2,3,4,5,12,11,6,13,
1,0,1,2,3,4,5,6,12,13,11,
2,0,1,2,3,4,5,12,6,13,
3,0,1,2,3,4,5,12,6,13,
4,0,1,8,15,22,29,30,
5,0,1,2,3,4,5,12,6,
6,0,1,2,3,4,5,6,12,13,19,
7,0,1,2,3,4,5,12,6,
8,0,1,2,3,4,5,12,11,6,
9,0,1,2,3,4,5,6,12,13,20,19,
10,0,1,2,3,4,5,12,11,6,
11,0,1,2,3,4,5,12,13,6,
12,0,1,2,3,4,5,6,12,11,
13,0,1,2,3,4,5,6,12,
14,0,1,8,15,22,29,30,31,23,
15,0,1,2,3,4,5,12,6,19,11,
16,0,1,2,3,4,5,12,6,11,
17,0,1,2,3,4,5,6,12,
18,0,1,2,3,4,5,12,6,19,
19,0,1,2,3,4,11,5,12,6,
20,0,1,2,3,4,5,6,12,
21,0,7,14,21,22,29,30,23,
22,0,1,2,3,4,5,6,13,12,
23,0,1,2,3,4,5,12,6,
24,0,1,2,3,4,5,6,11,12,
25,0,1,2,3,4,5,6,12,11,19,
26,0,1,2,3,4,5,6,12,13,
27,0,1,2,3,4,5,6,12,
28,0,1,2,3,4,5,6,12,
29,0,1,8,2,3,4,5,12,6,
30,0,1,8,2,3,4,5,12,6,
31,0,1,2,3,4,5,12,6,
32,0,1,2,3,4,5,12,6,
33,0,1,2,3,4,5,6,12,
34,0,1,2,3,4,5,12,6,13,
35,0,1,2,3,10,4,5,6,12,
36,0,1,2,3,4,5,12,6,
37,0,7,14,21,22,29,30,23,
38,0,1,2,3,4,5,12,6,
39,0,1,2,3,4,5,6,12,
40,0,1,2,3,4,5,6,12,
41,0,1,2,3,4,11,5,6,13,12,
42,0,1,2,3,4,5,6,12,13,20,
43,0,1,2,3,4,5,6,12,19,11,
44,0,1,2,3,4,5,6,12,
45,0,1,2,3,4,5,6,12,13,
46,0,1,2,3,4,5,12,6,
47,0,7,14,21,22,29,30,31,23,
48,0,1,2,3,4,5,6,12,13,
49,0,1,2,3,10,4,5,12,19,6,
50,0,1,2,3,4,5,12,6,13,11,
51,0,1,2,3,10,4,5,12,11,6,
52,0,1,2,3,4,5,12,6,
53,0,1,2,3,4,5,6,12,
54,0,1,2,3,4,5,6,12,
55,0,7,14,21,22,29,30,23,31,37,
56,0,1,2,3,4,5,6,12,11,
57,0,1,2,3,4,5,12,6,
58,0,1,2,3,4,5,12,6,
59,0,1,2,3,4,5,12,6,
60,0,1,2,3,4,5,12,19,6,
61,0,1,2,9,3,4,5,12,6,
62,0,1,2,3,4,5,12,6,
63,0,1,2,3,10,11,4,5,6,12,
64,0,1,2,3,4,5,6,12,
65,0,1,2,3,4,5,12,6,13,
66,0,1,2,3,4,5,12,11,18,
67,0,1,2,3,4,5,12,6,
68,0,1,2,3,4,5,6,12,
69,0,1,2,3,4,5,12,6,13,
70,0,1,2,3,4,5,11,12,6,13,
71,0,1,2,9,3,4,5,12,6,
72,0,1,2,3,4,5,6,12,13,
73,0,1,2,3,4,5,12,6,
74,0,1,2,3,4,5,12,19,
75,0,1,2,3,4,5,12,6,
76,0,1,2,3,4,5,6,11,12,
77,0,1,2,3,4,5,12,6,11,
78,0,1,2,3,4,5,12,11,6,
79,0,1,2,3,4,5,6,13,12,
80,0,1,2,3,4,5,6,12,19,
81,0,1,2,3,10,11,4,5,6,12,
82,0,1,2,3,4,5,12,6,
83,0,1,2,3,4,5,6,12,
84,0,1,2,3,4,5,6,12,
85,0,1,2,3,4,5,12,6,
86,0,1,2,3,4,5,6,13,12,
87,0,1,2,3,4,5,6,13,12,
88,0,1,2,3,4,5,11,6,
89,0,7,14,15,16,23,30,37,29,
90,0,1,2,3,4,5,6,12,
91,0,1,2,3,4,5,12,6,
92,0,1,2,3,4,5,12,6,
93,0,1,2,3,4,5,12,6,
94,0,1,2,3,4,5,11,6,12,13,
95,0,1,2,3,4,5,12,6,13,
96,0,1,2,3,4,5,12,6,
97,0,1,2,3,4,5,6,12,13,11,
98,0,1,2,3,4,5,6,12,
99,0,7,8,9,10,11,4,5,12,6,3,
100,0,7,8,9,10,11,4,5,12,6,
101,0,1,2,3,4,5,6,12,
102,0,1,2,3,4,5,12,6,11,
103,0,1,2,3,4,5,6,13,12,
104,0,1,2,3,4,5,12,19,6,
105,0,1,2,3,4,5,12,6,11,
106,0,1,2,3,4,5,6,12,11,
107,0,1,2,3,4,5,12,6,13,
108,0,1,2,3,4,5,12,11,6,
109,0,1,2,3,4,5,12,6,19,
110,0,1,2,3,4,5,12,6,
111,0,1,2,3,4,5,12,6,
112,0,1,7,8,9,10,11,4,5,12,6,13,
113,0,1,8,9,10,11,4,5,6,12,
114,0,1,2,3,4,5,12,19,6,11,
115,0,1,2,3,4,5,6,10,11,12,
116,0,1,7,8,9,10,11,4,5,12,6,
117,0,1,2,3,4,5,6,13,12,
118,0,1,2,3,4,5,12,13,6,
119,0,1,2,3,4,5,12,19,11,6,
120,0,1,2,3,4,5,12,6,
121,0,1,2,3,4,5,6,12,
122,0,1,2,3,4,5,12,6,
123,0,1,2,3,4,5,6,12,
124,0,1,2,3,4,5,12,6,
125,0,1,2,3,4,5,12,6,
126,0,1,2,3,4,5,12,6,13,11,
127,0,1,2,3,4,5,6,12,11,
128,0,1,2,3,4,5,12,11,6,
129,0,1,2,3,4,5,6,12,11,18,
130,0,1,2,3,4,5,6,12,
131,0,1,2,3,4,5,6,12,11,
132,0,1,8,9,10,11,4,5,6,12,13,
133,0,1,2,3,4,5,12,6,13,
134,0,1,2,3,4,5,12,6,13,
135,0,1,2,3,4,11,5,6,12,
136,0,1,2,3,4,5,12,6,
137,0,1,2,3,4,5,6,12,
138,0,1,2,3,4,5,6,12,
139,0,1,2,3,4,5,12,11,6,
140,0,1,2,3,4,5,12,6,13,
141,0,1,2,3,4,5,12,6,
142,0,1,2,3,4,5,12,6,
143,0,1,2,3,4,5,12,6,
144,0,1,2,3,4,5,6,13,12,
145,0,1,2,3,10,11,4,5,12,
146,0,1,2,3,4,5,12,6,13,
147,0,1,2,3,4,5,6,12,
148,0,1,2,3,4,5,6,12,
149,0,1,2,3,4,5,6,12,
150,0,1,2,3,4,5,6,13,12,
151,0,1,2,3,4,5,6,13,12,
152,0,1,2,3,4,5,6,12,
153,0,1,2,3,4,5,6,12,13,
154,0,1,2,3,4,5,6,12,19,
155,0,1,2,3,4,5,6,12,
156,0,1,2,3,4,5,12,6,
157,0,1,2,3,4,5,12,6,13,
158,0,1,2,3,4,5,12,6,13,
159,0,1,2,3,4,5,6,12,13,
160,0,1,2,3,4,11,5,12,6,
161,0,1,2,3,4,5,12,19,6,
162,0,1,2,3,4,5,12,6,11,
163,0,1,2,3,4,5,6,12,13,
164,0,1,2,3,4,5,6,13,12,11,
165,0,7,8,9,16,23,30,37,
166,0,1,2,3,4,5,6,12,
167,0,1,2,3,4,5,12,6,19,
168,0,1,2,3,4,5,12,6,11,13,
169,0,1,2,3,4,5,6,11,12,
170,0,1,2,3,4,5,12,6,
171,0,1,2,3,4,5,12,6,
172,0,1,2,3,4,5,6,12,
173,0,7,8,9,10,11,4,5,12,6,
174,0,1,2,3,4,5,12,6,
175,0,1,2,3,4,5,6,12,13,
176,0,1,2,3,4,5,6,12,
177,0,1,2,3,4,5,12,11,6,13,
178,0,1,8,9,10,11,4,5,6,12,13,
179,0,1,2,3,4,5,6,13,12,
180,0,1,2,3,4,5,12,6,
181,0,1,2,3,4,5,12,6,
182,0,1,2,3,4,11,5,12,6,
183,0,1,2,3,4,5,6,12,11,
184,0,1,2,3,4,5,6,11,13,12,
185,0,1,2,3,4,5,6,12,
186,0,1,2,9,10,11,4,5,6,12,
187,0,7,8,9,10,11,4,5,12,18,25,6,3,
188,0,1,2,3,10,11,4,5,12,6,
189,0,1,2,3,4,5,12,6,
190,0,1,2,3,4,5,6,12,
191,0,1,2,3,4,5,12,19,6,13,
192,0,1,2,3,4,5,12,6,
193,0,1,2,3,4,5,6,12,
194,0,1,2,3,4,5,12,6,
195,0,1,2,3,4,5,6,12,
196,0,1,2,3,4,5,12,6,
197,0,1,2,3,4,5,6,13,12,
198,0,1,2,3,4,5,12,6,
199,0,1,2,3,4,5,12,11,6,
200,0,1,2,3,4,5,6,
201,0,1,2,3,4,5,6,12,11,
202,0,1,2,3,4,5,12,6,
203,0,1,2,3,4,5,6,13,12,
204,0,1,2,3,4,5,12,6,
205,0,1,2,3,4,5,6,12,19,
206,0,1,2,3,4,5,12,6,13,11,
207,0,1,2,3,4,5,6,
208,0,1,2,3,4,5,12,6,
209,0,1,2,3,4,5,6,12,13,
210,0,1,2,3,4,5,12,6,
211,0,1,2,3,4,5,6,13,12,11,
212,0,1,2,3,4,5,12,6,11,
213,0,1,2,3,4,5,6,10,9,11,12,
214,0,1,2,3,4,5,6,12,
215,0,1,2,3,4,5,12,6,
216,0,1,2,3,4,5,12,6,
217,0,1,2,3,4,5,6,12,
218,0,1,2,3,4,5,12,6,
219,0,1,2,3,4,5,12,6,
220,0,1,2,3,4,5,12,11,6,
221,0,1,2,3,4,5,6,12,
222,0,1,2,3,4,5,12,6,
223,0,1,2,3,4,5,12,6,
224,0,1,2,3,4,5,12,13,
225,0,1,2,3,4,5,6,12,19,18,11,
226,0,1,2,3,4,5,12,6,11,
227,0,1,2,3,4,5,6,13,12,
228,0,1,2,3,4,5,12,11,
229,0,1,2,3,4,5,6,13,12,
230,0,1,2,3,4,5,12,6,
231,0,1,2,3,4,5,6,12,11,
232,0,1,2,3,10,11,4,5,6,12,
233,0,1,2,3,4,5,12,6,
234,0,1,8,9,10,11,4,5,6,12,
235,0,1,2,3,4,5,6,12,
236,0,1,2,9,10,3,4,5,6,12,
237,0,1,2,3,4,5,6,12,
238,0,1,2,3,4,5,12,6,
239,0,1,2,3,4,5,12,6,13,
240,0,1,2,3,4,5,6,12,11,
241,0,1,2,9,10,11,4,5,6,12,
242,0,1,2,3,4,5,12,6,19,
243,0,7,8,9,10,11,4,5,12,13,6,
244,0,1,2,3,4,5,12,6,
245,0,1,2,3,4,5,6,12,
246,0,1,2,3,4,5,12,6,
247,0,1,2,3,4,5,6,12,11,
248,0,1,2,3,4,5,6,12,13,20,
249,0,7,8,9,10,11,4,5,12,6,13,
250,0,1,2,3,4,5,12,6,
251,0,1,2,3,4,5,12,6,13,19,
252,0,1,2,3,4,5,12,13,6,
253,0,7,8,9,10,11,4,5,6,13,12,
254,0,1,2,3,4,5,12,6,11,
255,0,1,2,9,10,11,4,5,6,12,
256,0,1,2,3,4,5,6,12,
257,0,1,2,3,4,5,6,12,13,
258,0,1,2,3,4,5,6,12,13,
259,0,1,2,3,4,5,6,12,13,
260,0,1,2,3,4,5,6,12,13,
261,0,1,2,3,4,5,6,12,
262,0,1,2,3,4,5,6,13,12,19,
263,0,1,2,3,4,5,12,6,
264,0,1,2,3,4,5,12,6,
265,0,1,8,9,10,11,4,5,6,12,
266,0,1,2,3,4,5,6,12,
267,0,1,2,3,4,5,6,12,11,
268,0,1,2,3,4,5,6,12,
269,0,1,2,3,4,5,12,6,11,
270,0,1,2,3,4,5,12,6,
271,0,1,2,3,4,5,12,6,13,
272,0,1,2,9,10,11,4,5,12,6,3,
273,0,1,2,3,4,5,6,12,
274,0,1,2,3,4,5,6,12,
275,0,1,2,3,4,5,12,6,
276,0,1,2,3,4,5,12,6,
277,0,1,2,3,4,5,6,12,
278,0,1,2,3,4,5,12,6,13,
279,0,7,8,9,16,23,30,
280,0,1,2,3,4,5,12,6,11,
281,0,1,2,3,4,5,6,10,11,12,13,
282,0,1,2,3,4,5,11,6,12,
283,0,1,2,3,4,5,6,12,
284,0,7,8,9,10,11,4,5,12,6,
285,0,1,2,3,4,5,12,6,
286,0,1,2,3,4,5,12,6,
287,0,1,2,3,4,5,6,12,13,19,
288,0,1,2,3,4,5,12,6,
289,0,1,2,3,4,5,12,11,6,
290,0,1,2,3,4,5,6,12,11,18,
291,0,1,2,3,4,5,12,6,
292,0,1,2,3,4,5,6,12,
293,0,1,2,3,4,5,6,12,
294,0,1,2,3,4,5,12,11,6,
295,0,1,2,3,4,5,12,6,
296,0,1,2,3,4,5,6,12,
297,0,1,2,3,4,5,12,11,10,6,
298,0,1,2,3,4,5,11,6,12,
299,0,1,2,3,4,5,6,12,11,13,
300,0,1,2,3,4,5,6,12,11,
301,0,1,2,3,4,5,12,11,6,13,
302,0,1,8,9,10,11,4,5,12,6,
303,0,1,2,9,10,11,4,5,12,19,6,3,
304,0,1,2,3,4,5,6,13,
305,0,1,2,3,4,5,12,6,
306,0,1,2,3,4,5,6,12,13,
307,0,1,2,3,4,5,6,12,
308,0,1,2,3,4,5,12,6,
309,0,1,2,3,4,5,12,6,
310,0,1,2,3,4,5,12,6,
311,0,1,2,3,4,5,12,6,13,
312,0,7,8,9,10,3,4,5,6,12,
313,0,1,2,3,4,5,6,12,11,
314,0,1,2,3,4,5,12,19,6,
315,0,1,2,3,4,5,12,6,13,20,
316,0,1,2,3,4,5,6,12,
317,0,7,8,9,10,11,4,5,12,6,
318,0,1,2,3,4,5,6,12,
319,0,1,2,3,4,5,12,6,
320,0,7,8,9,16,23,30,31,
321,0,1,2,3,4,5,6,13,12,
322,0,1,2,3,4,5,12,6,
323,0,1,2,3,4,5,6,12,
324,0,1,2,3,4,5,6,12,13,20,
325,0,1,2,3,4,5,12,19,6,
326,0,1,2,3,4,5,12,13,6,
327,0,1,2,3,4,5,12,6,19,
328,0,1,2,3,4,5,6,12,
329,0,1,2,3,4,5,6,12,19,
330,0,1,2,3,4,5,6,12,
331,0,1,2,3,4,5,6,12,
332,0,1,2,3,4,5,6,12,
333,0,1,8,2,3,4,5,6,12,
334,0,1,8,9,10,11,4,5,6,12,19,
335,0,1,2,3,4,5,12,13,6,
336,0,1,2,3,4,5,6,12,11,
337,0,1,2,3,4,5,6,12,13,
338,0,1,2,3,4,5,12,6,
339,0,1,8,9,10,11,4,5,3,12,6,
340,0,1,2,3,4,5,12,6,
341,0,1,2,3,4,5,6,12,
342,0,1,2,3,4,5,12,6,
343,0,1,2,3,4,5,12,6,
344,0,1,2,3,4,5,12,6,
345,0,1,2,3,4,5,12,6,11,
346,0,1,2,3,4,5,12,6,
347,0,1,2,3,4,5,12,11,6,
348,0,7,8,9,10,11,4,5,6,12,
349,0,1,2,3,4,5,12,6,
350,0,1,2,3,4,5,12,6,
351,0,1,2,3,4,5,6,12,
352,0,1,2,3,4,5,12,6,13,
353,0,1,2,3,10,11,4,5,12,6,
354,0,1,2,9,10,11,4,5,6,13,20,12,
355,0,1,2,3,4,5,6,12,11,13,
356,0,1,8,9,10,11,4,5,6,12,
357,0,1,2,3,4,5,6,12,11,
358,0,1,2,3,4,5,6,12,
359,0,1,2,3,4,5,6,12,
360,0,1,2,3,4,5,6,12,
361,0,1,2,3,4,5,12,6,
362,0,1,2,3,4,5,6,12,
363,0,1,2,3,4,5,6,12,
364,0,1,2,3,4,5,12,6,
365,0,1,2,3,4,5,12,11,6,
366,0,1,2,3,4,5,6,12,
367,0,1,2,3,4,5,12,13,6,
368,0,1,2,3,4,5,12,6,
369,0,1,2,3,4,5,6,12,13,
370,0,1,2,3,4,5,6,12,
371,0,1,2,3,4,5,12,6,
372,0,1,2,3,4,5,12,6,13,
373,0,1,2,3,4,5,6,13,12,11,
374,0,1,2,3,4,5,12,6,13,
375,0,1,2,3,4,5,6,13,12,
376,0,1,2,3,4,5,11,6,12,13,
377,0,1,2,3,4,5,12,6,
378,0,1,2,3,4,5,6,12,13,
379,0,1,2,3,4,5,6,13,12,
380,0,1,2,3,4,5,6,12,13,
381,0,1,2,3,4,5,12,6,13,11,
382,0,1,2,3,4,5,6,12,
383,0,1,2,3,4,5,12,6,
384,0,1,2,3,4,5,11,12,6,
385,0,1,2,3,10,11,4,5,6,12,
386,0,1,2,3,4,5,6,12,
387,0,1,2,3,4,5,12,6,
388,0,1,2,3,4,5,6,12,
389,0,1,2,9,10,11,4,5,6,12,
390,0,1,2,3,4,5,12,6,13,
391,0,1,2,3,4,5,6,12,
392,0,1,2,3,4,5,12,6,
393,0,1,2,3,4,5,6,12,
394,0,1,2,3,4,5,6,12,
395,0,1,2,3,10,11,4,5,12,6,13,
396,0,1,8,9,10,11,4,5,12,6,
397,0,1,2,3,4,5,6,12,
398,0,1,2,3,4,5,6,12,11,
399,0,7,8,9,10,11,4,5,6,13,12,
400,0,1,2,3,4,5,6,11,10,12,
401,0,1,2,3,4,5,12,6,
402,0,1,8,9,10,11,4,5,12,6,
403,0,1,2,3,4,5,6,12,
404,0,1,2,3,4,5,6,12,
405,0,1,2,3,4,5,6,12,
406,0,1,2,3,4,5,6,12,13,
407,0,1,2,3,4,5,6,12,
408,0,1,2,3,4,5,12,6,
409,0,1,2,3,4,5,12,6,
410,0,1,2,3,4,5,12,6,11,
411,0,1,2,3,4,5,12,6,
412,0,1,2,3,4,5,12,6,11,
413,0,1,2,3,4,5,6,12,
414,0,1,2,3,4,5,12,6,
415,0,1,2,3,4,5,6,12,11,
416,0,1,2,3,4,5,12,13,6,
417,0,1,2,3,4,5,6,12,
418,0,1,2,3,4,5,6,13,12,11,
419,0,1,2,3,4,5,6,12,
420,0,1,2,3,4,5,6,12,13,
421,0,1,2,3,4,5,12,11,6,
422,0,1,2,3,4,5,12,6,13,11,
423,0,1,2,3,4,5,12,6,
424,0,1,2,3,4,5,6,12,
425,0,1,2,3,4,5,6,12,
426,0,1,2,3,4,11,5,6,13,12,
427,0,1,2,3,4,5,6,12,
428,0,1,2,3,4,5,12,19,13,11,6,
429,0,1,2,3,4,5,12,6,
430,0,1,2,3,4,5,12,6,
431,0,1,8,9,10,11,4,5,6,12,13,
432,0,1,2,3,4,5,12,13,6,
433,0,1,2,3,4,5,6,12,
434,0,1,2,3,4,5,12,6,
435,0,1,2,3,4,5,6,12,
436,0,1,2,3,4,5,12,6,
437,0,1,2,3,4,5,6,12,11,
438,0,1,2,3,4,5,12,6,11,
439,0,1,7,8,9,10,11,4,5,6,12,
440,0,1,2,3,4,5,6,12,13,
441,0,1,2,3,4,5,6,12,
442,0,1,2,3,4,5,12,6,
443,0,1,2,3,4,5,12,
444,0,1,2,3,4,5,12,6,
445,0,1,2,3,4,5,6,13,12,11,
446,0,1,2,3,4,5,12,6,19,
447,0,7,8,9,10,11,4,5,12,6,
448,0,1,2,3,4,5,6,12,
449,0,1,2,3,4,5,12,6,
450,0,1,2,3,4,5,12,6,
451,0,1,2,3,4,11,5,6,12,
452,0,1,2,3,4,5,12,6,
453,0,1,2,3,4,5,12,6,11,
454,0,1,2,3,4,5,12,6,11,
455,0,1,2,3,4,5,12,6,11,
456,0,1,2,3,4,5,6,12,
457,0,1,2,3,4,5,12,6,11,
458,0,1,2,3,4,5,12,
459,0,1,2,3,4,5,12,6,
460,0,1,2,3,4,5,12,6,
461,0,1,8,9,10,11,4,5,12,6,
462,0,1,2,3,4,5,6,12,13,
463,0,1,2,3,4,5,12,6,11,18,
464,0,1,2,3,4,5,12,6,
465,0,1,2,3,4,5,12,6,
466,0,1,2,3,4,5,6,12,
467,0,1,2,3,4,5,12,6,13,
468,0,1,2,3,4,5,6,12,
469,0,1,2,3,4,5,6,12,11,
470,0,1,2,3,4,5,6,12,11,
471,0,1,2,3,4,5,12,6,11,
472,0,1,2,3,4,5,12,6,11,
473,0,1,2,3,4,5,6,12,13,
474,0,1,2,9,10,11,4,5,6,12,
475,0,1,2,3,4,5,12,6,19,
476,0,1,2,3,4,11,5,6,12,
477,0,1,2,9,10,11,4,5,6,12,
478,0,7,8,9,10,11,4,5,12,6,
479,0,1,2,3,4,5,6,12,
480,0,1,2,3,4,5,6,12,11,
481,0,1,8,9,10,11,4,5,12,6,13,
482,0,7,8,9,10,11,4,5,12,6,
483,0,1,2,3,4,5,6,12,
484,0,1,2,3,4,5,12,6,
485,0,1,8,9,10,11,4,5,12,3,6,
486,0,1,2,3,4,5,12,6,19,
487,0,1,2,3,4,5,6,12,13,
488,0,1,2,3,4,5,12,11,6,
489,0,1,2,3,4,5,6,12,
490,0,1,2,3,4,5,12,11,13,6,
491,0,1,2,3,4,5,6,12,
492,0,1,2,3,4,11,5,12,6,
493,0,1,2,3,4,5,6,13,12,
494,0,1,2,3,4,5,6,12,
495,0,1,2,3,4,5,6,12,19,13,
496,0,1,2,3,4,5,12,6,
497,0,1,2,3,4,5,6,12,
498,0,1,2,3,4,5,6,11,12,
499,0,1,2,3,4,5,12,6,
500,0,1,2,3,4,5,12,6,13,
501,0,1,2,3,4,5,12,6,
502,0,1,2,9,10,3,4,5,6,12,
503,0,1,2,3,4,5,12,6,13,
504,0,1,2,3,4,5,12,6,
505,0,1,2,3,4,5,6,12,19,11,13,
506,0,1,2,3,4,5,6,12,
507,0,1,2,3,4,5,6,13,12,11,19,
508,0,1,2,3,4,5,6,12,
509,0,1,2,3,4,5,6,12,11,
510,0,1,2,3,4,5,6,12,13,11,
511,0,1,2,3,4,5,6,12,
512,0,1,2,3,4,5,6,12,11,
513,0,1,2,3,4,5,12,6,11,19,
514,0,1,2,3,4,5,6,12,11,
515,0,1,2,3,4,5,12,6,
516,0,1,2,3,4,5,6,13,12,11,
517,0,1,2,3,4,5,6,12,11,19,
518,0,7,8,9,10,11,4,5,12,6,
519,0,1,2,3,4,5,6,12,
520,0,1,2,3,4,5,12,6,11,
521,0,1,2,3,4,5,6,12,
522,0,1,2,3,4,5,6,12,
523,0,1,2,3,4,5,12,6,19,
524,0,1,2,3,4,5,6,12,
525,0,1,2,3,4,5,6,13,12,11,
526,0,1,2,3,4,5,6,12,11,
527,0,1,2,3,4,5,6,11,12,19,
528,0,1,2,3,4,5,6,12,
529,0,1,2,3,4,5,6,12,11,
530,0,1,2,3,4,5,6,12,13,
531,0,1,2,3,4,5,12,6,
532,0,1,8,9,10,11,4,5,6,12,
533,0,1,2,3,4,5,12,19,6,
534,0,1,2,3,4,5,6,12,13,
535,0,1,2,3,4,5,12,11,6,
536,0,1,2,3,4,11,5,6,12,
537,0,1,2,3,4,5,6,12,
538,0,1,2,3,4,5,12,6,
539,0,1,2,3,4,5,6,12,
540,0,1,2,3,4,5,6,12,
541,0,1,2,3,4,5,12,11,6,
542,0,1,2,3,4,5,6,12,
543,0,1,2,3,4,11,5,6,12,
544,0,1,2,3,4,5,12,11,6,
545,0,1,2,3,4,5,12,6,13,11,
546,0,1,2,3,4,5,6,12,11,18,
547,0,1,2,3,10,11,4,5,6,12,
548,0,1,2,3,4,5,6,13,12,
549,0,1,2,3,4,5,12,6,
550,0,1,2,3,4,5,12,6,
551,0,1,2,3,4,5,12,6,13,
552,0,1,2,3,4,5,12,6,
553,0,1,2,3,4,11,5,6,12,19,
554,0,7,8,9,10,17,11,4,5,12,6,
555,0,1,2,3,4,5,12,6,
556,0,1,2,3,4,5,12,6,
557,0,1,2,3,4,5,12,6,19,
558,0,1,2,3,10,11,4,5,12,6,
559,0,7,8,9,10,11,4,5,6,12,19,3,
560,0,1,2,3,4,5,12,6,
561,0,1,2,3,4,5,12,6,
562,0,1,2,3,4,5,6,12,
563,0,1,2,3,4,5,12,6,13,
564,0,1,2,3,4,5,6,12,
565,0,1,2,9,10,11,4,5,12,6,
566,0,1,2,3,4,5,6,12,
567,0,1,2,3,4,5,6,12,11,
568,0,1,2,3,4,5,11,6,13,12,19,
569,0,1,2,3,4,5,6,12,
570,0,1,2,3,4,5,6,12,
571,0,1,2,3,4,5,6,12,
572,0,1,2,3,4,5,6,13,12,19,
573,0,1,2,3,4,5,12,6,
574,0,1,2,9,10,11,4,5,6,12,
575,0,1,2,9,10,11,4,5,12,6,3,
576,0,1,2,3,4,5,12,19,6,
577,0,1,2,3,4,5,12,6,
578,0,1,2,3,4,5,6,12,
579,0,1,2,3,4,5,12,6,
580,0,1,2,3,4,5,12,6,13,19,
581,0,1,2,9,10,11,4,5,12,6,
582,0,1,2,3,4,5,6,12,11,
583,0,1,2,3,4,5,12,6,
584,0,1,2,3,4,5,12,6,
585,0,1,2,3,4,5,6,12,
586,0,1,2,3,4,5,12,6,13,
587,0,1,2,3,4,5,12,6,
588,0,1,2,3,4,5,12,6,13,
589,0,1,2,3,4,5,6,12,13,
590,0,1,2,3,4,5,12,19,6,13,
591,0,1,2,3,4,11,5,6,12,
592,0,1,2,3,4,5,6,12,
593,0,1,2,3,4,5,6,13,12,11,10,
594,0,1,8,9,10,11,4,5,12,6,
595,0,1,2,3,4,5,6,13,12,11,
596,0,1,8,9,10,11,4,5,6,
597,0,1,2,3,4,5,6,12,19,13,
598,0,1,2,3,4,5,12,6,
599,0,1,2,3,4,5,6,13,12,
600,0,1,2,3,4,5,6,12,
601,0,1,2,3,4,5,6,12,11,
602,0,7,8,9,10,11,4,5,12,6,
603,0,1,2,3,4,5,6,12,
604,0,1,2,3,4,5,12,11,6,
605,0,1,2,9,10,11,4,5,6,13,12,
606,0,1,2,3,4,11,5,12,6,13,
607,0,1,2,3,4,5,12,6,
608,0,7,8,1,2,3,4,5,6,12,
609,0,1,2,3,4,5,6,12,13,
610,0,1,2,3,4,5,12,11,6,
611,0,1,2,3,4,5,12,6,
612,0,1,2,3,4,5,6,12,
613,0,1,2,3,4,5,6,12,
614,0,1,8,9,10,11,4,5,6,12,
615,0,1,2,3,4,5,6,12,
616,0,1,2,3,4,5,6,12,
617,0,1,2,3,4,5,6,12,
618,0,1,2,3,4,5,12,6,11,
619,0,1,2,3,4,5,12,6,11,18,
620,0,1,2,3,4,5,12,19,6,13,
621,0,1,2,3,4,5,6,12,
622,0,1,2,3,4,5,6,12,
623,0,1,2,3,4,5,12,6,11,
624,0,1,2,3,4,5,6,12,
625,0,1,8,9,10,11,4,5,12,6,
626,0,1,2,3,4,5,6,12,
627,0,1,2,3,4,11,5,12,6,
628,0,1,2,3,4,5,12,13,6,19,
629,0,1,2,3,4,5,6,11,12,
630,0,1,2,3,4,5,6,12,11,
631,0,1,8,9,10,11,4,5,12,6,
632,0,1,2,3,4,5,6,12,
633,0,1,2,3,4,5,6,12,
634,0,1,2,3,4,5,12,6,
635,0,1,8,9,10,11,4,5,6,12,
636,0,1,2,3,4,5,12,6,
637,0,1,2,3,4,5,6,12,
638,0,1,2,3,4,5,6,
639,0,1,2,3,10,11,4,5,6,12,13,
640,0,1,2,3,4,5,12,6,
641,0,1,2,3,4,5,6,12,11,
642,0,1,2,3,4,5,12,6,
643,0,1,2,3,4,5,12,13,11,6,
644,0,1,2,3,4,5,12,6,
645,0,1,2,3,4,5,6,12,
646,0,1,2,3,4,5,6,13,12,
647,0,1,2,3,4,5,6,12,
648,0,7,8,9,10,11,4,5,6,13,12,
649,0,1,2,3,4,5,12,6,
650,0,7,8,9,10,11,4,5,12,6,
651,0,1,2,3,4,5,12,6,13,11,
652,0,1,2,3,4,5,12,6,13,
653,0,1,2,3,4,5,12,6,
654,0,1,2,3,4,5,6,12,
655,0,1,2,3,4,5,6,12,
656,0,1,2,3,4,5,6,12,
657,0,1,2,3,4,5,6,11,12,
658,0,1,2,3,4,5,6,13,12,
659,0,1,2,3,10,11,4,5,12,6,
660,0,1,2,3,10,11,4,5,18,6,12,
661,0,1,2,3,4,5,6,12,
662,0,1,2,3,4,5,12,6,
663,0,1,2,3,4,5,6,12,19,
664,0,1,2,3,4,5,6,13,12,
665,0,1,2,3,4,5,6,12,
666,0,1,2,3,4,5,11,6,12,
667,0,1,2,3,4,5,6,12,19,13,
668,0,1,2,3,4,5,6,11,12,
669,0,1,2,3,4,5,6,12,11,
670,0,1,2,3,4,5,6,
671,0,1,2,3,4,5,6,12,
672,0,1,2,3,4,5,12,6,
673,0,1,2,3,4,5,12,6,11,
674,0,1,2,3,4,5,12,6,11,
675,0,1,2,3,4,5,12,6,
676,0,1,2,3,4,5,6,12,19,
677,0,1,2,3,4,5,12,6,
678,0,1,2,3,4,5,6,12,19,
679,0,1,2,3,4,5,6,13,12,11,
680,0,1,2,3,4,5,12,6,
681,0,1,2,3,4,5,6,12,
682,0,7,8,9,10,11,4,5,12,6,
683,0,1,2,3,4,11,10,5,6,12,
684,0,1,8,9,10,11,4,5,12,6,19,
685,0,1,2,3,4,5,12,6,
686,0,1,8,9,10,11,4,5,12,6,19,
687,0,1,2,3,4,5,6,12,13,19,
688,0,1,2,3,4,5,6,12,
689,0,1,2,3,4,5,12,6,
690,0,1,2,3,4,5,12,6,13,
691,0,1,2,3,4,5,6,12,
692,0,1,2,3,4,5,12,
693,0,1,2,3,4,5,6,13,12,11,
694,0,7,8,9,10,11,4,5,12,6,
695,0,7,8,9,10,11,4,5,12,6,
696,0,1,2,3,4,5,6,12,13,
697,0,1,2,3,4,5,12,6,
698,0,1,2,3,4,5,12,6,
699,0,1,2,3,4,5,12,6,
700,0,1,2,3,4,5,12,13,6,11,18,
701,0,1,2,3,4,5,12,13,6,
702,0,1,2,3,4,5,6,12,19,
703,0,1,2,3,4,5,6,12,19,26,
704,0,1,2,3,4,5,6,12,
705,0,1,2,3,10,11,4,5,6,12,
706,0,1,2,3,4,5,6,12,11,
707,0,1,2,3,4,5,6,12,
708,0,1,2,3,4,5,6,12,
709,0,1,2,3,4,5,6,12,
710,0,1,2,3,4,11,5,6,12,
711,0,1,2,3,4,5,6,12,
712,0,1,2,3,4,5,6,12,
713,0,1,2,3,4,5,6,12,
714,0,1,2,3,4,5,12,6,
715,0,7,8,9,10,11,4,5,6,12,13,
716,0,1,2,3,4,5,6,12,13,19,
717,0,1,2,3,4,5,12,6,
718,0,1,2,3,4,5,6,13,12,
719,0,1,2,3,4,5,6,12,
720,0,1,2,3,4,5,12,6,
721,0,1,2,3,4,5,6,13,12,
722,0,1,2,3,4,5,6,12,11,
723,0,1,2,3,4,5,12,11,6,13,
724,0,1,2,3,4,5,6,11,
725,0,1,2,3,4,5,12,6,
726,0,1,2,3,4,5,12,6,19,
727,0,1,2,3,4,5,6,12,13,
728,0,1,2,3,4,5,12,13,6,
729,0,1,2,9,3,4,5,12,6,
730,0,1,2,3,4,5,12,6,
731,0,1,2,3,4,5,12,11,6,
732,0,1,2,3,4,5,12,6,10,11,
733,0,1,2,3,4,5,12,6,13,
734,0,1,2,3,4,5,12,6,
735,0,1,2,3,4,5,12,11,6,13,
736,0,1,2,3,4,5,12,6,
737,0,1,2,3,4,5,6,12,
738,0,1,2,3,4,5,6,12,13,
739,0,1,8,9,10,11,4,5,12,6,3,
740,0,1,2,3,4,5,12,13,6,
741,0,1,2,3,4,5,12,6,13,
742,0,1,2,3,4,5,6,12,
743,0,1,2,3,4,5,6,12,11,13,
744,0,1,2,3,4,5,12,6,13,
745,0,1,2,3,4,5,12,6,
746,0,1,2,3,10,11,4,5,12,6,
747,0,1,2,3,4,5,12,13,6,
748,0,1,2,3,4,5,6,12,
749,0,1,2,3,4,5,6,12,11,
750,0,1,8,9,10,11,4,5,6,12,
751,0,7,8,9,10,11,4,5,12,6,
752,0,1,8,9,10,11,4,5,12,6,13,
753,0,1,2,3,4,5,6,12,
754,0,1,2,3,4,5,12,6,
755,0,1,2,3,4,5,12,6,
756,0,1,2,3,4,5,6,13,12,
757,0,1,2,3,4,5,12,6,19,
758,0,1,2,3,4,5,12,19,6,
759,0,1,2,3,4,5,6,12,11,
760,0,1,2,3,4,5,6,12,
761,0,1,2,3,4,5,6,12,11,13,
762,0,1,2,3,4,5,6,11,12,
763,0,1,2,3,4,5,12,6,
764,0,1,2,3,4,5,12,6,19,13,
765,0,1,2,3,4,5,6,12,11,13,
766,0,1,2,3,4,5,6,12,
767,0,1,2,3,4,5,12,13,6,
768,0,1,2,3,10,11,4,5,6,13,12,
769,0,1,2,3,4,5,6,12,
770,0,1,2,3,4,5,6,12,11,
771,0,1,2,3,4,5,12,19,6,
772,0,1,2,3,4,5,6,12,
773,0,1,8,9,10,11,4,5,3,6,12,
774,0,1,2,3,4,5,6,12,
775,0,1,2,3,4,5,6,12,13,
776,0,1,2,3,4,11,5,6,12,
777,0,1,2,3,10,11,4,5,12,6,
778,0,1,2,3,4,5,12,19,6,11,
779,0,1,2,3,4,5,6,12,11,
780,0,1,2,3,4,5,6,13,12,
781,0,1,2,3,4,5,11,6,12,
782,0,1,2,3,4,11,5,12,6,
783,0,1,2,3,4,5,12,6,
784,0,1,2,3,4,5,6,12,
785,0,1,2,3,4,11,5,6,13,12,
786,0,1,2,3,4,5,12,19,6,11,
787,0,1,2,3,4,5,12,6,
788,0,1,2,3,4,5,6,12,11,
789,0,1,2,3,4,5,12,6,11,
790,0,1,2,3,4,5,12,6,
791,0,1,2,3,4,5,12,6,19,
792,0,1,2,3,4,5,12,6,
793,0,1,2,3,4,5,12,6,
794,0,1,2,3,4,5,6,12,
795,0,1,2,3,4,5,12,13,11,
796,0,1,2,3,4,5,12,6,
797,0,1,2,3,4,5,6,11,13,
798,0,1,2,3,4,5,6,13,12,
799,0,1,2,3,4,5,12,6,
800,0,1,2,3,4,5,11,6,13,12,
801,0,1,2,3,4,5,12,11,6,
802,0,1,2,3,4,5,12,6,
803,0,1,2,3,4,5,6,12,13,
804,0,1,2,3,4,5,12,11,6,13,
805,0,1,2,3,4,5,12,6,
806,0,1,2,3,4,5,12,6,13,
807,0,1,2,3,4,5,12,6,11,
808,0,1,2,3,4,5,12,6,13,
809,0,1,2,3,4,5,6,12,
810,0,1,2,3,4,5,6,12,19,
811,0,1,2,3,4,5,12,6,
812,0,1,2,3,4,5,6,12,
813,0,1,2,9,10,11,4,5,6,12,13,19,
814,0,1,2,3,10,11,4,5,6,12,
815,0,1,2,3,4,5,12,6,
816,0,1,2,3,4,5,6,12,
817,0,1,2,3,4,5,12,6,
818,0,1,2,3,4,5,12,11,6,13,
819,0,1,2,3,4,11,5,6,12,
820,0,1,2,3,4,5,12,6,
821,0,1,2,3,4,5,6,12,
822,0,1,2,3,4,5,12,6,
823,0,1,2,3,4,5,6,12,
824,0,1,2,3,4,5,12,6,
825,0,1,2,3,4,5,12,6,
826,0,1,2,3,4,5,12,6,
827,0,1,2,3,4,5,6,12,
828,0,1,2,3,4,5,6,12,
829,0,1,2,3,4,5,6,12,
830,0,1,2,3,4,5,12,6,
831,0,1,2,3,4,5,6,12,13,
832,0,1,2,3,4,5,12,6,
833,0,1,2,9,10,3,4,5,6,12,13,
834,0,1,2,3,4,5,12,6,13,19,
835,0,1,2,3,4,5,6,12,13,11,
836,0,1,2,3,4,5,12,19,6,
837,0,1,2,3,4,5,6,12,
838,0,1,2,3,4,5,12,6,
839,0,1,2,3,4,5,6,12,
840,0,1,2,3,4,5,11,6,13,12,
841,0,1,2,3,4,5,6,12,13,
842,0,1,2,3,4,5,6,12,
843,0,1,2,3,4,5,12,6,
844,0,1,2,3,4,5,12,6,13,19,
845,0,1,2,3,4,5,6,12,
846,0,1,2,3,4,5,12,6,13,
847,0,1,2,3,4,5,6,12,11,
848,0,1,2,3,4,5,6,12,13,
849,0,1,2,3,4,5,6,12,13,
850,0,1,2,3,4,5,6,12,11,
851,0,1,2,3,4,5,6,12,
852,0,1,2,3,4,5,11,12,6,13,
853,0,1,8,9,10,11,12,5,4,6,
854,0,1,2,3,4,5,12,6,13,
855,0,1,2,3,4,5,12,6,
856,0,1,2,3,4,5,6,12,
857,0,1,2,3,4,5,6,12,19,13,
858,0,1,2,3,4,5,6,12,11,13,
859,0,1,2,3,4,5,12,6,
860,0,1,2,3,4,5,6,12,11,
861,0,1,2,3,4,5,6,12,
862,0,1,2,3,4,5,12,6,
863,0,1,2,3,4,5,6,13,12,11,
864,0,1,2,3,4,5,6,12,19,13,
865,0,1,2,3,4,5,12,6,
866,0,1,2,3,10,11,12,5,6,4,13,
867,0,1,2,3,4,5,12,6,13,
868,0,1,2,3,4,5,12,6,
869,0,1,2,3,4,5,6,12,
870,0,1,2,9,10,11,12,5,4,6,13,
871,0,1,2,3,4,5,12,6,13,
872,0,1,2,3,4,5,12,6,
873,0,1,2,3,4,5,6,12,
874,0,1,2,3,4,5,6,12,13,
875,0,1,2,3,4,5,6,11,18,12,
876,0,1,2,3,4,5,12,6,11,
877,0,1,2,3,4,5,12,6,
878,0,1,2,3,10,11,12,13,5,4,6,19,
879,0,1,2,3,4,5,6,12,13,
880,0,7,8,9,2,3,4,5,11,12,19,6,
881,0,1,2,3,4,5,6,12,11,
882,0,1,2,3,4,5,6,12,11,10,
883,0,7,8,9,1,2,3,4,5,12,6,13,
884,0,1,2,3,4,5,6,12,
885,0,1,2,3,4,5,6,12,
886,0,1,2,3,4,5,6,12,
887,0,1,2,3,4,5,6,12,
888,0,1,2,3,4,5,6,13,12,
889,0,1,2,3,4,5,12,6,
890,0,1,2,3,4,5,6,12,13,
891,0,1,2,3,10,11,12,5,4,6,13,
892,0,1,2,3,4,5,12,6,
893,0,7,8,9,10,11,12,5,4,6,
894,0,1,2,3,4,5,6,12,
895,0,1,2,3,4,5,12,6,11,
896,0,1,2,9,10,11,12,5,13,4,6,
897,0,1,2,3,4,5,12,13,6,
898,0,1,2,3,4,5,12,6,
899,0,1,2,3,4,5,6,12,19,13,
900,0,1,2,3,4,5,6,12,11,
901,0,1,2,3,4,5,6,12,13,
902,0,1,2,3,4,5,6,12,
903,0,7,8,9,10,11,12,5,6,4,3,
904,0,1,2,3,4,5,12,6,13,
905,0,1,2,3,4,5,6,12,
906,0,1,2,3,4,5,6,12,11,
907,0,1,2,3,4,5,12,6,
908,0,1,2,3,4,5,12,6,13,
909,0,1,2,3,4,5,6,12,19,
910,0,1,8,9,10,11,12,5,6,4,
911,0,1,2,3,10,11,12,5,6,4,
912,0,1,2,3,4,5,6,12,13,
913,0,1,2,3,4,5,12,6,13,11,19,
914,0,1,2,3,4,5,6,12,
915,0,1,2,3,4,5,12,6,
916,0,1,2,3,4,5,12,19,6,
917,0,1,2,3,4,5,6,13,12,
918,0,1,2,3,4,5,6,12,19,
919,0,1,2,3,4,11,12,5,6,
920,0,1,2,3,4,5,6,13,12,
921,0,1,2,3,4,5,12,11,6,
922,0,1,2,3,4,5,12,19,6,
923,0,1,2,3,4,5,6,12,
924,0,1,2,3,4,5,12,6,
925,0,1,2,3,4,5,6,12,11,
926,0,1,2,3,4,5,6,12,13,
927,0,1,2,3,4,5,6,12,13,
928,0,1,2,3,4,5,6,12,11,
929,0,1,2,3,4,5,6,12,
930,0,1,2,3,4,5,6,12,
931,0,1,2,3,4,5,12,6,
932,0,1,2,3,4,5,6,12,
933,0,1,7,8,9,10,11,12,5,6,4,
934,0,1,2,3,4,5,6,12,
935,0,1,2,3,4,5,6,12,
936,0,1,2,3,4,5,12,6,
937,0,1,2,3,4,5,6,12,
938,0,1,2,3,4,5,6,12,
939,0,1,2,3,4,5,12,6,
940,0,1,2,3,4,11,12,5,6,
941,0,1,2,3,4,5,6,12,13,
942,0,1,2,3,4,5,11,12,6,
943,0,1,2,3,4,5,6,12,
944,0,1,2,3,4,5,6,12,13,19,
945,0,1,2,3,4,5,6,12,
946,0,1,2,3,4,5,12,6,13,
947,0,1,2,3,4,5,6,12,
948,0,1,2,3,4,5,6,12,
949,0,1,2,3,4,5,6,12,
950,0,1,2,9,10,11,12,5,4,6,
951,0,1,2,3,4,5,12,6,13,
952,0,1,2,3,4,5,12,6,
953,0,1,2,3,4,5,12,6,
954,0,1,2,3,4,5,12,11,6,
955,0,1,2,3,4,5,6,12,
956,0,1,2,3,4,5,12,6,
957,0,1,2,3,4,5,12,6,
958,0,1,2,3,4,5,6,12,
959,0,1,2,3,4,5,6,12,13,
960,0,1,2,3,4,5,11,12,13,6,
961,0,1,2,3,4,5,6,12,
962,0,1,2,3,4,5,12,6,
963,0,7,1,2,3,4,5,12,6,
964,0,1,2,3,4,5,12,6,13,
965,0,1,2,3,4,5,6,12,11,
966,0,1,2,3,4,5,6,12,
967,0,1,2,3,4,5,6,12,
968,0,1,2,3,4,5,12,6,11,
969,0,1,8,9,10,11,12,5,4,6,3,
970,0,1,2,3,4,5,12,6,
971,0,1,2,3,4,5,12,11,6,
972,0,1,2,3,4,5,6,12,
973,0,1,2,3,4,5,6,13,12,
974,0,7,14,15,16,23,30,37,44,45,46,38,
975,0,1,2,3,4,5,12,6,
976,0,1,2,3,4,5,12,6,19,
977,0,1,2,3,4,5,12,6,
978,0,1,2,3,4,5,12,6,
979,0,1,2,3,4,5,6,12,13,
980,0,1,2,3,4,5,12,11,6,
981,0,1,2,3,4,5,6,12,
982,0,1,2,3,4,5,12,6,
983,0,1,2,3,4,5,12,6,13,
984,0,1,8,7,9,10,11,12,5,6,4,
985,0,1,2,3,4,5,6,12,
986,0,1,2,3,4,5,12,11,6,
987,0,1,2,3,4,5,6,12,
988,0,1,2,3,4,5,12,6,
989,0,1,2,3,4,5,12,6,
990,0,1,2,3,4,5,6,12,13,
991,0,1,2,3,10,11,4,5,6,12,
992,0,1,2,3,4,5,6,12,13,11,
993,0,1,2,3,4,5,12,6,13,19,11,
994,0,1,2,3,4,5,12,6,
995,0,1,2,3,4,5,6,12,11,13,
996,0,1,2,3,4,5,12,6,
997,0,1,2,3,4,5,12,6,13,
998,0,1,2,3,4,5,12,6,
999,0,1,2,3,4,5,6,13,12,
